{
  "type": "FeatureCollection",
  "features": [
    {
      "type": "Feature",
      "properties": {
        "type": "node",
        "id": 847160012,
        "tags": {
          "leisure": "swimming_pool"
        }
      },
      "geometry": {
        "type": "Point",
        "coordinates": [
          6.9876613,
          45.7624243
        ]
      }
    },
    {
      "type": "Feature",
      "properties": {
        "type": "node",
        "id": 1258081205,
        "tags": {
          "leisure": "sports_centre",
          "name": "Area Sportiva Rapy",
          "sport": "tennis"
        }
      },
      "geometry": {
        "type": "Point",
        "coordinates": [
          7.5425356,
          45.7602735
        ]
      }
    },
    {
      "type": "Feature",
      "properties": {
        "type": "node",
        "id": 1263619441,
        "tags": {
          "leisure": "swimming_pool",
          "name": "Piscina Comunale Coperta di Valtournenche",
          "sport": "swimming"
        }
      },
      "geometry": {
        "type": "Point",
        "coordinates": [
          7.6239486,
          45.8754179
        ]
      }
    },
    {
      "type": "Feature",
      "properties": {
        "type": "node",
        "id": 1276250966,
        "tags": {
          "leisure": "stadium",
          "name": "Sarre",
          "sport": "soccer"
        }
      },
      "geometry": {
        "type": "Point",
        "coordinates": [
          7.2725781,
          45.7223895
        ]
      }
    },
    {
      "type": "Feature",
      "properties": {
        "type": "node",
        "id": 1295389207,
        "tags": {
          "leisure": "sports_centre",
          "name": "Palestra di Roccia Gruviera",
          "sport": "climbing"
        }
      },
      "geometry": {
        "type": "Point",
        "coordinates": [
          7.7300436,
          45.6355688
        ]
      }
    },
    {
      "type": "Feature",
      "properties": {
        "type": "node",
        "id": 1684761153,
        "tags": {
          "leisure": "sports_centre",
          "name": "Palazzetto del tennis"
        }
      },
      "geometry": {
        "type": "Point",
        "coordinates": [
          7.6481566,
          45.7491964
        ]
      }
    },
    {
      "type": "Feature",
      "properties": {
        "type": "node",
        "id": 1732694659,
        "tags": {
          "leisure": "swimming_pool",
          "sport": "swimming"
        }
      },
      "geometry": {
        "type": "Point",
        "coordinates": [
          7.6907343,
          45.6653647
        ]
      }
    },
    {
      "type": "Feature",
      "properties": {
        "type": "node",
        "id": 1732694668,
        "tags": {
          "addr:city": "Verrès",
          "addr:housenumber": "10",
          "addr:postcode": "11029",
          "addr:street": "Via XXVI Febbraio",
          "fee": "yes",
          "leisure": "sports_centre",
          "name": "Piscina",
          "opening_hours": "Mo-Sa 15-20:30",
          "payment:cash": "yes",
          "payment:credit_cards": "yes",
          "payment:debit_cards": "yes",
          "sport": "swimming"
        }
      },
      "geometry": {
        "type": "Point",
        "coordinates": [
          7.6909185,
          45.6657163
        ]
      }
    },
    {
      "type": "Feature",
      "properties": {
        "type": "node",
        "id": 1762885344,
        "tags": {
          "leisure": "sports_centre",
          "name": "Stadio Crestella",
          "sport": "multi"
        }
      },
      "geometry": {
        "type": "Point",
        "coordinates": [
          7.7819096,
          45.5990969
        ]
      }
    },
    {
      "type": "Feature",
      "properties": {
        "type": "node",
        "id": 1767274850,
        "tags": {
          "leisure": "sports_centre",
          "sport": "climbing"
        }
      },
      "geometry": {
        "type": "Point",
        "coordinates": [
          7.79861,
          45.5982312
        ]
      }
    },
    {
      "type": "Feature",
      "properties": {
        "type": "node",
        "id": 1791476603,
        "tags": {
          "climbing:quality": "solid",
          "climbing:rock": "granite",
          "climbing:trad": "yes",
          "leisure": "sports_centre",
          "name": "Priorato",
          "outdoor": "yes",
          "sport": "climbing"
        }
      },
      "geometry": {
        "type": "Point",
        "coordinates": [
          7.2380993,
          45.71111
        ]
      }
    },
    {
      "type": "Feature",
      "properties": {
        "type": "node",
        "id": 1988047372,
        "tags": {
          "leisure": "sports_centre"
        }
      },
      "geometry": {
        "type": "Point",
        "coordinates": [
          7.2390631,
          45.7092718
        ]
      }
    },
    {
      "type": "Feature",
      "properties": {
        "type": "node",
        "id": 2550197731,
        "tags": {
          "leisure": "sports_centre",
          "name": "Circolo Tennis Aosta"
        }
      },
      "geometry": {
        "type": "Point",
        "coordinates": [
          7.3267764,
          45.736393
        ]
      }
    },
    {
      "type": "Feature",
      "properties": {
        "type": "node",
        "id": 2696303189,
        "tags": {
          "leisure": "sports_centre",
          "name": "Campo Tsan",
          "sport": "Tzan",
          "tourism": "attraction",
          "wikidata": "Q3541444",
          "wikipedia": "it:Tsan"
        }
      },
      "geometry": {
        "type": "Point",
        "coordinates": [
          7.6699959,
          45.728907
        ]
      }
    },
    {
      "type": "Feature",
      "properties": {
        "type": "node",
        "id": 3165214101,
        "tags": {
          "addr:city": "Verres",
          "addr:country": "IT",
          "addr:postcode": "11029",
          "addr:street": "Loc. Chopine",
          "contact:website": "http://www.topopazzoclimbinghouse.com/",
          "leisure": "sports_centre",
          "name": "Topopazzo Climbing House",
          "sport": "climbing"
        }
      },
      "geometry": {
        "type": "Point",
        "coordinates": [
          7.6834471,
          45.6708794
        ]
      }
    },
    {
      "type": "Feature",
      "properties": {
        "type": "node",
        "id": 3318873232,
        "tags": {
          "climbing:grade:french:max": "6a+",
          "climbing:grade:french:min": "4",
          "climbing:sport": "8",
          "leisure": "sports_centre",
          "name:fr": "Le Paradis des enfants",
          "name:it": "Palestra di Roccia il Paradiso dei Bimbi",
          "sport": "climbing"
        }
      },
      "geometry": {
        "type": "Point",
        "coordinates": [
          7.5809028,
          45.7694764
        ]
      }
    },
    {
      "type": "Feature",
      "properties": {
        "type": "node",
        "id": 3536743676,
        "tags": {
          "check_date": "2025-08-22",
          "leisure": "golf_course",
          "name": "Golf Club del Cervino - Ingresso"
        }
      },
      "geometry": {
        "type": "Point",
        "coordinates": [
          7.6285754,
          45.9359739
        ]
      }
    },
    {
      "type": "Feature",
      "properties": {
        "type": "node",
        "id": 3671946584,
        "tags": {
          "addr:housenumber": "1",
          "addr:postcode": "11020",
          "addr:street": "Piazzale Ramey",
          "leisure": "swimming_pool",
          "name": "Monterosa Terme",
          "phone": "+340125308000",
          "website": "https://www.laviadelleterme.it/"
        }
      },
      "geometry": {
        "type": "Point",
        "coordinates": [
          7.7314182,
          45.8400173
        ]
      }
    },
    {
      "type": "Feature",
      "properties": {
        "type": "node",
        "id": 3678965613,
        "tags": {
          "leisure": "sports_centre",
          "name": "Espace loisirs \"Marino Mazza\"",
          "operator": "Comune di Verres"
        }
      },
      "geometry": {
        "type": "Point",
        "coordinates": [
          7.693025,
          45.6633541
        ]
      }
    },
    {
      "type": "Feature",
      "properties": {
        "type": "node",
        "id": 3795817731,
        "tags": {
          "leisure": "sports_centre",
          "name": "Palazzetto dello Sport"
        }
      },
      "geometry": {
        "type": "Point",
        "coordinates": [
          7.7936834,
          45.6003316
        ]
      }
    },
    {
      "type": "Feature",
      "properties": {
        "type": "node",
        "id": 3808053346,
        "tags": {
          "leisure": "sports_centre",
          "name": "Bel Air"
        }
      },
      "geometry": {
        "type": "Point",
        "coordinates": [
          7.2943895,
          45.7261982
        ]
      }
    },
    {
      "type": "Feature",
      "properties": {
        "type": "node",
        "id": 6484146865,
        "tags": {
          "leisure": "sports_centre",
          "name": "Arrampicata e Parco Avventura"
        }
      },
      "geometry": {
        "type": "Point",
        "coordinates": [
          7.5912151,
          45.8131923
        ]
      }
    },
    {
      "type": "Feature",
      "properties": {
        "type": "node",
        "id": 6484146866,
        "tags": {
          "leisure": "pitch",
          "name": "Sunny Ranch",
          "sport": "equestrian"
        }
      },
      "geometry": {
        "type": "Point",
        "coordinates": [
          7.5911257,
          45.8135635
        ]
      }
    },
    {
      "type": "Feature",
      "properties": {
        "type": "node",
        "id": 6695502537,
        "tags": {
          "leisure": "sports_centre",
          "name": "Falesia Tschachtelaz",
          "note": "1) Le Felci 5a\n2) Sunny 5b\n3) Via Giulia 5b\n4) I falsari 7b\n5) L'alchimista 7c\n6) Butterfly 6c\n7) Albe chiara 7a\n8) La ballade des pendus 6c\n9) Madame Bovary 6b\n10) La fonte perduta 7b\n11) Spettri nelle tenebre 7b/c\n12) Amanti senza nome 7a\n13) La formula",
          "source": "https://www.guidemonterosa.info/page.asp?ID=9",
          "sport": "climbing"
        }
      },
      "geometry": {
        "type": "Point",
        "coordinates": [
          7.8186013,
          45.7782514
        ]
      }
    },
    {
      "type": "Feature",
      "properties": {
        "type": "node",
        "id": 6695502538,
        "tags": {
          "leisure": "sports_centre",
          "name": "Falesia Il Cuore",
          "note": "1) Tom e Jerry 6b (chiodi poco sicuri)\n2) Troll 6a  (chiodi poco sicuri)\n3) li riscatto (4 tiri) max 6a+\n4) Mulan 6a\n5) Dumbo 5a\n6) Pikaciu 4+\n7) Baby 4\n8) Baby 4/5\n9) Sara 4+\n10) Spirit 5c",
          "source": "https://www.guidemonterosa.info/page.asp?ID=9",
          "sport": "climbing"
        }
      },
      "geometry": {
        "type": "Point",
        "coordinates": [
          7.8203144,
          45.778237
        ]
      }
    },
    {
      "type": "Feature",
      "properties": {
        "type": "node",
        "id": 6697116671,
        "tags": {
          "fixme": "estimated position from map and satellite imagery",
          "leisure": "sports_centre",
          "name": "Zappegly - Falesia Arrampicata",
          "sport": "climbing"
        }
      },
      "geometry": {
        "type": "Point",
        "coordinates": [
          7.8710763,
          45.7305369
        ]
      }
    },
    {
      "type": "Feature",
      "properties": {
        "type": "node",
        "id": 7742125439,
        "tags": {
          "leisure": "fitness_centre",
          "name": "Sala pesi"
        }
      },
      "geometry": {
        "type": "Point",
        "coordinates": [
          7.3541823,
          45.6108687
        ]
      }
    },
    {
      "type": "Feature",
      "properties": {
        "type": "node",
        "id": 7742125444,
        "tags": {
          "indoor": "yes",
          "leisure": "sports_centre",
          "name": "Palestra arrampicata indoor",
          "sport": "climbing"
        }
      },
      "geometry": {
        "type": "Point",
        "coordinates": [
          7.354053,
          45.6110224
        ]
      }
    },
    {
      "type": "Feature",
      "properties": {
        "type": "node",
        "id": 7806367383,
        "tags": {
          "entrance": "yes",
          "leisure": "golf_course",
          "name": "Golf Ayas",
          "sport": "golf"
        }
      },
      "geometry": {
        "type": "Point",
        "coordinates": [
          7.7321772,
          45.8436893
        ]
      }
    },
    {
      "type": "Feature",
      "properties": {
        "type": "node",
        "id": 7840225117,
        "tags": {
          "fee": "no",
          "leisure": "sports_centre",
          "name": "Singlin - Settore 1",
          "sport": "climbing"
        }
      },
      "geometry": {
        "type": "Point",
        "coordinates": [
          7.6215832,
          45.8953853
        ]
      }
    },
    {
      "type": "Feature",
      "properties": {
        "type": "node",
        "id": 7858338331,
        "tags": {
          "leisure": "sports_centre",
          "name": "Singlin - settore 6",
          "sport": "climbing"
        }
      },
      "geometry": {
        "type": "Point",
        "coordinates": [
          7.6161576,
          45.8995792
        ]
      }
    },
    {
      "type": "Feature",
      "properties": {
        "type": "node",
        "id": 7860986566,
        "tags": {
          "leisure": "sports_centre",
          "name": "Singlin - settore 7",
          "sport": "climbing"
        }
      },
      "geometry": {
        "type": "Point",
        "coordinates": [
          7.619893,
          45.8944978
        ]
      }
    },
    {
      "type": "Feature",
      "properties": {
        "type": "node",
        "id": 7899391479,
        "tags": {
          "leisure": "pitch",
          "sport": "beachvolleyball;volleyball",
          "surface": "sand"
        }
      },
      "geometry": {
        "type": "Point",
        "coordinates": [
          7.0273512,
          45.7597871
        ]
      }
    },
    {
      "type": "Feature",
      "properties": {
        "type": "node",
        "id": 8976366291,
        "tags": {
          "leisure": "pitch",
          "sport": "archery"
        }
      },
      "geometry": {
        "type": "Point",
        "coordinates": [
          7.7297562,
          45.8409631
        ]
      }
    },
    {
      "type": "Feature",
      "properties": {
        "type": "node",
        "id": 9174411045,
        "tags": {
          "leisure": "sports_centre",
          "name": "falesia Villeneuve",
          "sport": "climbing"
        }
      },
      "geometry": {
        "type": "Point",
        "coordinates": [
          7.2115332,
          45.7042063
        ]
      }
    },
    {
      "type": "Feature",
      "properties": {
        "type": "node",
        "id": 9174602775,
        "tags": {
          "leisure": "sports_centre",
          "name": "Palestra di Vollein",
          "sport": "climbing"
        }
      },
      "geometry": {
        "type": "Point",
        "coordinates": [
          7.4433932,
          45.7463152
        ]
      }
    },
    {
      "type": "Feature",
      "properties": {
        "type": "node",
        "id": 9174602776,
        "tags": {
          "leisure": "sports_centre",
          "name": "Palestra d arrampicata di Trois-Villes.",
          "sport": "climbing"
        }
      },
      "geometry": {
        "type": "Point",
        "coordinates": [
          7.4377234,
          45.7578257
        ]
      }
    },
    {
      "type": "Feature",
      "properties": {
        "type": "node",
        "id": 9174602777,
        "tags": {
          "leisure": "sports_centre",
          "sport": "climbing"
        }
      },
      "geometry": {
        "type": "Point",
        "coordinates": [
          7.4165579,
          45.7437407
        ]
      }
    },
    {
      "type": "Feature",
      "properties": {
        "type": "node",
        "id": 9255585667,
        "tags": {
          "leisure": "sports_centre",
          "name": "Centro sportivo '' Oscar Rini''",
          "sport": "soccer;multi"
        }
      },
      "geometry": {
        "type": "Point",
        "coordinates": [
          7.200337,
          45.699732
        ]
      }
    },
    {
      "type": "Feature",
      "properties": {
        "type": "node",
        "id": 9255585668,
        "tags": {
          "leisure": "sports_centre",
          "name": "Rafting Aventure",
          "name:fr": "Rafting Aventure",
          "sport": "canoe"
        }
      },
      "geometry": {
        "type": "Point",
        "coordinates": [
          7.2174714,
          45.702444
        ]
      }
    },
    {
      "type": "Feature",
      "properties": {
        "type": "node",
        "id": 9534506461,
        "tags": {
          "access": "yes",
          "leisure": "pitch",
          "manufacturer": "UAO Skateparks",
          "name": "Skate Park Aosta",
          "name:fr": "Skatepark Aoste",
          "sport": "skateboard",
          "surface": "concrete"
        }
      },
      "geometry": {
        "type": "Point",
        "coordinates": [
          7.3290872,
          45.7384654
        ]
      }
    },
    {
      "type": "Feature",
      "properties": {
        "type": "node",
        "id": 9579037630,
        "tags": {
          "leisure": "sports_centre",
          "name": "Via i 2 Marimba",
          "sport": "climbing"
        }
      },
      "geometry": {
        "type": "Point",
        "coordinates": [
          7.7507339,
          45.6199339
        ]
      }
    },
    {
      "type": "Feature",
      "properties": {
        "type": "node",
        "id": 10000169452,
        "tags": {
          "leisure": "sports_centre",
          "name": "Croux",
          "sport": "climbing"
        }
      },
      "geometry": {
        "type": "Point",
        "coordinates": [
          7.0611289,
          45.6344951
        ]
      }
    },
    {
      "type": "Feature",
      "properties": {
        "type": "node",
        "id": 11118916882,
        "tags": {
          "access": "private",
          "leisure": "pitch",
          "lit": "no",
          "sport": "volleyball",
          "surface": "ground"
        }
      },
      "geometry": {
        "type": "Point",
        "coordinates": [
          7.61442,
          45.9111067
        ]
      }
    },
    {
      "type": "Feature",
      "properties": {
        "type": "node",
        "id": 12017352168,
        "tags": {
          "leisure": "sports_centre",
          "name": "Falesia di Outrefer - Settore DX",
          "sport": "climbing"
        }
      },
      "geometry": {
        "type": "Point",
        "coordinates": [
          7.7546206,
          45.5973941
        ]
      }
    },
    {
      "type": "Feature",
      "properties": {
        "type": "node",
        "id": 12017357082,
        "tags": {
          "leisure": "sports_centre",
          "name": "Falesia di Outrefer Settore SX",
          "sport": "climbing"
        }
      },
      "geometry": {
        "type": "Point",
        "coordinates": [
          7.7565381,
          45.5973903
        ]
      }
    },
    {
      "type": "Feature",
      "properties": {
        "type": "node",
        "id": 12175088477,
        "tags": {
          "access": "yes",
          "leisure": "pitch",
          "lit": "no",
          "name": "Table Tennis",
          "sport": "table_tennis"
        }
      },
      "geometry": {
        "type": "Point",
        "coordinates": [
          7.3236205,
          45.7457002
        ]
      }
    },
    {
      "type": "Feature",
      "properties": {
        "type": "node",
        "id": 12176663552,
        "tags": {
          "access": "yes",
          "leisure": "pitch",
          "lit": "no",
          "name": "Table Tennis",
          "sport": "table_tennis"
        }
      },
      "geometry": {
        "type": "Point",
        "coordinates": [
          7.3235738,
          45.7458457
        ]
      }
    },
    {
      "type": "Feature",
      "properties": {
        "type": "node",
        "id": 12521394213,
        "tags": {
          "leisure": "sports_centre",
          "sport": "shooting"
        }
      },
      "geometry": {
        "type": "Point",
        "coordinates": [
          7.7128091,
          45.762164
        ]
      }
    },
    {
      "type": "Feature",
      "properties": {
        "type": "node",
        "id": 12921922098,
        "tags": {
          "contact:website": "https://royaldrivingexperience.com",
          "leisure": "sports_centre",
          "name": "Royal Driving Experience",
          "sport": "karting"
        }
      },
      "geometry": {
        "type": "Point",
        "coordinates": [
          6.9592463,
          45.8128707
        ]
      }
    },
    {
      "type": "Feature",
      "properties": {
        "type": "node",
        "id": 13093931726,
        "tags": {
          "hoops": "1",
          "leisure": "pitch",
          "mapillary": "782169127505478",
          "sport": "basketball"
        }
      },
      "geometry": {
        "type": "Point",
        "coordinates": [
          7.5934588,
          45.7393427
        ]
      }
    },
    {
      "type": "Feature",
      "properties": {
        "type": "node",
        "id": 13097051349,
        "tags": {
          "leisure": "sports_centre",
          "name": "Parco Avventura Fontainemore",
          "sport": "climbing_adventure",
          "website": "https://www.parcoavventurafontainemore.it/"
        }
      },
      "geometry": {
        "type": "Point",
        "coordinates": [
          7.8591751,
          45.6456788
        ]
      }
    },
    {
      "type": "Feature",
      "properties": {
        "type": "way",
        "id": 33053668,
        "tags": {
          "leisure": "pitch",
          "lit": "yes",
          "sport": "soccer",
          "surface": "grass"
        },
        "nodes": [
          372793884,
          372793889,
          372793875,
          372793857,
          372793884
        ]
      },
      "geometry": {
        "type": "Polygon",
        "coordinates": [
          [
            [
              7.7268572,
              45.8365696
            ],
            [
              7.7274712,
              45.8362748
            ],
            [
              7.7282894,
              45.8371019
            ],
            [
              7.7276754,
              45.8373967
            ],
            [
              7.7268572,
              45.8365696
            ]
          ]
        ]
      }
    },
    {
      "type": "Feature",
      "properties": {
        "type": "way",
        "id": 43394309,
        "tags": {
          "building": "yes",
          "leisure": "sports_centre",
          "sport": "gymnastics"
        },
        "nodes": [
          546706651,
          546706654,
          546706645,
          546706698,
          546706701,
          546706704,
          546706709,
          546706711,
          546706651
        ]
      },
      "geometry": {
        "type": "Polygon",
        "coordinates": [
          [
            [
              7.0385715,
              45.7580364
            ],
            [
              7.0384467,
              45.7580201
            ],
            [
              7.038298,
              45.7580336
            ],
            [
              7.0381892,
              45.7581938
            ],
            [
              7.0382665,
              45.7583375
            ],
            [
              7.0384341,
              45.7583681
            ],
            [
              7.0385715,
              45.7583112
            ],
            [
              7.0386285,
              45.7581738
            ],
            [
              7.0385715,
              45.7580364
            ]
          ]
        ]
      }
    },
    {
      "type": "Feature",
      "properties": {
        "type": "way",
        "id": 43586788,
        "tags": {
          "leisure": "pitch",
          "name": "Campo Sportivo di Morgex",
          "name:fr": "Terrain de sport de Morgex",
          "sport": "soccer"
        },
        "nodes": [
          550451936,
          550451955,
          550451964,
          550451949,
          550451936
        ]
      },
      "geometry": {
        "type": "Polygon",
        "coordinates": [
          [
            [
              7.0279823,
              45.7593778
            ],
            [
              7.0292575,
              45.7587899
            ],
            [
              7.029715,
              45.7592729
            ],
            [
              7.0284398,
              45.7598608
            ],
            [
              7.0279823,
              45.7593778
            ]
          ]
        ]
      }
    },
    {
      "type": "Feature",
      "properties": {
        "type": "way",
        "id": 60348820,
        "tags": {
          "access": "private",
          "leisure": "pitch",
          "sport": "tennis",
          "surface": "artificial_turf"
        },
        "nodes": [
          750622537,
          12084690634,
          750622564,
          750622555,
          750622553,
          750622537
        ]
      },
      "geometry": {
        "type": "Polygon",
        "coordinates": [
          [
            [
              7.7349913,
              45.8464837
            ],
            [
              7.7350508,
              45.8465312
            ],
            [
              7.7351411,
              45.8466033
            ],
            [
              7.735449,
              45.8464161
            ],
            [
              7.7352991,
              45.8462965
            ],
            [
              7.7349913,
              45.8464837
            ]
          ]
        ]
      }
    },
    {
      "type": "Feature",
      "properties": {
        "type": "way",
        "id": 60352862,
        "tags": {
          "access": "private",
          "leisure": "pitch",
          "sport": "tennis"
        },
        "nodes": [
          750730437,
          750730435,
          750730441,
          750730443,
          750730416,
          750730407,
          750730414,
          750730409,
          750730437
        ]
      },
      "geometry": {
        "type": "Polygon",
        "coordinates": [
          [
            [
              7.7264055,
              45.8326936
            ],
            [
              7.7264224,
              45.8327219
            ],
            [
              7.7266052,
              45.8327266
            ],
            [
              7.7266476,
              45.8327047
            ],
            [
              7.7266775,
              45.8324354
            ],
            [
              7.7266477,
              45.8324024
            ],
            [
              7.7264719,
              45.8324081
            ],
            [
              7.7264356,
              45.8324268
            ],
            [
              7.7264055,
              45.8326936
            ]
          ]
        ]
      }
    },
    {
      "type": "Feature",
      "properties": {
        "type": "way",
        "id": 75674799,
        "tags": {
          "leisure": "stadium",
          "name": "Walser Stadion",
          "sport": "soccer"
        },
        "nodes": [
          893387791,
          893389448,
          893388413,
          893387525,
          1361583346,
          893387791
        ]
      },
      "geometry": {
        "type": "Polygon",
        "coordinates": [
          [
            [
              7.8551922,
              45.6766959
            ],
            [
              7.8553685,
              45.6756788
            ],
            [
              7.8562286,
              45.6757643
            ],
            [
              7.8560499,
              45.676769
            ],
            [
              7.8556236,
              45.6767319
            ],
            [
              7.8551922,
              45.6766959
            ]
          ]
        ]
      }
    },
    {
      "type": "Feature",
      "properties": {
        "type": "way",
        "id": 81893197,
        "tags": {
          "leisure": "stadium",
          "name": "Stadio Mario Puchoz",
          "name:de": "Mario-Puchoz-Stadion",
          "name:es": "Estadio Mario Puchoz",
          "name:fr": "Stade Mario Puchoz",
          "sport": "soccer",
          "wikidata": "Q3495738",
          "wikipedia": "it:Stadio Mario Puchoz"
        },
        "nodes": [
          954624797,
          954624800,
          954624803,
          954624804,
          954624797
        ]
      },
      "geometry": {
        "type": "Polygon",
        "coordinates": [
          [
            [
              7.3277969,
              45.7375944
            ],
            [
              7.3265408,
              45.7372332
            ],
            [
              7.326855,
              45.7367008
            ],
            [
              7.3281112,
              45.737062
            ],
            [
              7.3277969,
              45.7375944
            ]
          ]
        ]
      }
    },
    {
      "type": "Feature",
      "properties": {
        "type": "way",
        "id": 82226405,
        "tags": {
          "building": "yes",
          "leisure": "ice_rink",
          "name": "Palazzo del ghiaccio Aosta",
          "source": "Federazione Italiana Sport del Ghiaccio",
          "sport": "ice_skating;curling;ice_hockey"
        },
        "nodes": [
          957287846,
          2738637470,
          957274383,
          957287847,
          957287850,
          957287854,
          957287846
        ]
      },
      "geometry": {
        "type": "Polygon",
        "coordinates": [
          [
            [
              7.3041682,
              45.7294206
            ],
            [
              7.3042149,
              45.7292942
            ],
            [
              7.3043749,
              45.7288485
            ],
            [
              7.3044227,
              45.7287112
            ],
            [
              7.304974,
              45.7288076
            ],
            [
              7.3047195,
              45.729517
            ],
            [
              7.3041682,
              45.7294206
            ]
          ]
        ]
      }
    },
    {
      "type": "Feature",
      "properties": {
        "type": "way",
        "id": 82226407,
        "tags": {
          "building": "yes",
          "leisure": "sports_centre",
          "name": "Palaindoor",
          "sport": "skating",
          "wheelchair": "yes"
        },
        "nodes": [
          957287857,
          957287858,
          1736733442,
          1736733439,
          1736733435,
          957287859,
          1736733427,
          1736733429,
          1736733433,
          957287861,
          1736733440,
          957287857
        ]
      },
      "geometry": {
        "type": "Polygon",
        "coordinates": [
          [
            [
              7.3059219,
              45.7296361
            ],
            [
              7.3063069,
              45.7296967
            ],
            [
              7.3064757,
              45.729207
            ],
            [
              7.3064485,
              45.7291197
            ],
            [
              7.3066225,
              45.7286604
            ],
            [
              7.3068787,
              45.7285309
            ],
            [
              7.3066116,
              45.7282352
            ],
            [
              7.3062038,
              45.7284326
            ],
            [
              7.3063397,
              45.7286072
            ],
            [
              7.3061894,
              45.7291005
            ],
            [
              7.3061004,
              45.7291463
            ],
            [
              7.3059219,
              45.7296361
            ]
          ]
        ]
      }
    },
    {
      "type": "Feature",
      "properties": {
        "type": "way",
        "id": 82226409,
        "tags": {
          "leisure": "stadium",
          "name": "Campo di Rugby",
          "sport": "rugby"
        },
        "nodes": [
          957287863,
          957287864,
          957287865,
          957287866,
          2045160916,
          2045160914,
          2738637467,
          2045160912,
          1736733438,
          2045160906,
          2045160896,
          2045160892,
          2045160887,
          957287863
        ]
      },
      "geometry": {
        "type": "Polygon",
        "coordinates": [
          [
            [
              7.3032877,
              45.7279759
            ],
            [
              7.3023268,
              45.7279034
            ],
            [
              7.3021367,
              45.7292545
            ],
            [
              7.3032597,
              45.7293492
            ],
            [
              7.3032878,
              45.7292224
            ],
            [
              7.3032511,
              45.7290568
            ],
            [
              7.3032341,
              45.7290064
            ],
            [
              7.3032084,
              45.7289579
            ],
            [
              7.3031824,
              45.7288789
            ],
            [
              7.3031705,
              45.7288277
            ],
            [
              7.3032079,
              45.7284767
            ],
            [
              7.303246,
              45.7283421
            ],
            [
              7.3032718,
              45.7281126
            ],
            [
              7.3032877,
              45.7279759
            ]
          ]
        ]
      }
    },
    {
      "type": "Feature",
      "properties": {
        "type": "way",
        "id": 89721968,
        "tags": {
          "leisure": "pitch",
          "sport": "soccer"
        },
        "nodes": [
          1039772199,
          1039772253,
          1039772225,
          1039771936,
          1039772199
        ]
      },
      "geometry": {
        "type": "Polygon",
        "coordinates": [
          [
            [
              7.3207323,
              45.6287742
            ],
            [
              7.3213675,
              45.6291329
            ],
            [
              7.3222762,
              45.6284047
            ],
            [
              7.3216127,
              45.6280064
            ],
            [
              7.3207323,
              45.6287742
            ]
          ]
        ]
      }
    },
    {
      "type": "Feature",
      "properties": {
        "type": "way",
        "id": 99173701,
        "tags": {
          "leisure": "pitch",
          "name": "Stadio Comunale \"Piergiorgio Perucca\"",
          "sport": "soccer"
        },
        "nodes": [
          1147151540,
          1147151642,
          1147151612,
          1147151544,
          1147151540
        ]
      },
      "geometry": {
        "type": "Polygon",
        "coordinates": [
          [
            [
              7.6437727,
              45.7475117
            ],
            [
              7.642959,
              45.7477624
            ],
            [
              7.6435438,
              45.7486245
            ],
            [
              7.6443558,
              45.7483678
            ],
            [
              7.6437727,
              45.7475117
            ]
          ]
        ]
      }
    },
    {
      "type": "Feature",
      "properties": {
        "type": "way",
        "id": 99173712,
        "tags": {
          "leisure": "pitch",
          "sport": "soccer"
        },
        "nodes": [
          1147151343,
          1147151581,
          1147151854,
          1147151416,
          1147151343
        ]
      },
      "geometry": {
        "type": "Polygon",
        "coordinates": [
          [
            [
              7.649655,
              45.7498434
            ],
            [
              7.6493713,
              45.749873
            ],
            [
              7.6494279,
              45.750231
            ],
            [
              7.6497334,
              45.7502053
            ],
            [
              7.649655,
              45.7498434
            ]
          ]
        ]
      }
    },
    {
      "type": "Feature",
      "properties": {
        "type": "way",
        "id": 103456752,
        "tags": {
          "leisure": "pitch",
          "sport": "soccer"
        },
        "nodes": [
          1194566860,
          1194566883,
          1194566850,
          1194566718,
          1194566860
        ]
      },
      "geometry": {
        "type": "Polygon",
        "coordinates": [
          [
            [
              7.3612794,
              45.7437247
            ],
            [
              7.3609937,
              45.743222
            ],
            [
              7.3621932,
              45.7428899
            ],
            [
              7.362479,
              45.7433927
            ],
            [
              7.3612794,
              45.7437247
            ]
          ]
        ]
      }
    },
    {
      "type": "Feature",
      "properties": {
        "type": "way",
        "id": 109573650,
        "tags": {
          "leisure": "swimming_pool",
          "sport": "swimming"
        },
        "nodes": [
          1253990475,
          1253990510,
          1253990603,
          1253990536,
          1253990475
        ]
      },
      "geometry": {
        "type": "Polygon",
        "coordinates": [
          [
            [
              7.5895464,
              45.8121985
            ],
            [
              7.5895217,
              45.8120956
            ],
            [
              7.5896017,
              45.8120827
            ],
            [
              7.5896386,
              45.8122027
            ],
            [
              7.5895464,
              45.8121985
            ]
          ]
        ]
      }
    },
    {
      "type": "Feature",
      "properties": {
        "type": "way",
        "id": 109573651,
        "tags": {
          "leisure": "pitch",
          "name": "Campo Sportivo",
          "sport": "soccer"
        },
        "nodes": [
          1253990513,
          1369013406,
          1253990595,
          4212440614,
          1253990583,
          1253990513
        ]
      },
      "geometry": {
        "type": "Polygon",
        "coordinates": [
          [
            [
              7.5897971,
              45.8120931
            ],
            [
              7.5899339,
              45.8126418
            ],
            [
              7.5911071,
              45.8124997
            ],
            [
              7.5910506,
              45.8122732
            ],
            [
              7.5909702,
              45.811951
            ],
            [
              7.5897971,
              45.8120931
            ]
          ]
        ]
      }
    },
    {
      "type": "Feature",
      "properties": {
        "type": "way",
        "id": 112025421,
        "tags": {
          "leisure": "pitch",
          "sport": "soccer"
        },
        "nodes": [
          1274604115,
          1274604142,
          1274604123,
          1274604111,
          1274604115
        ]
      },
      "geometry": {
        "type": "Polygon",
        "coordinates": [
          [
            [
              7.2925295,
              45.7303355
            ],
            [
              7.2930844,
              45.7294169
            ],
            [
              7.2938533,
              45.7296549
            ],
            [
              7.2933222,
              45.7305403
            ],
            [
              7.2925295,
              45.7303355
            ]
          ]
        ]
      }
    },
    {
      "type": "Feature",
      "properties": {
        "type": "way",
        "id": 112025422,
        "tags": {
          "leisure": "pitch",
          "sport": "soccer"
        },
        "nodes": [
          1274604130,
          1274604136,
          1274604117,
          1274604128,
          1274604130
        ]
      },
      "geometry": {
        "type": "Polygon",
        "coordinates": [
          [
            [
              7.2937186,
              45.730496
            ],
            [
              7.2945985,
              45.7307063
            ],
            [
              7.2950266,
              45.7297988
            ],
            [
              7.2942021,
              45.7296217
            ],
            [
              7.2937186,
              45.730496
            ]
          ]
        ]
      }
    },
    {
      "type": "Feature",
      "properties": {
        "type": "way",
        "id": 112025423,
        "tags": {
          "leisure": "pitch",
          "sport": "skating"
        },
        "nodes": [
          1274604134,
          1274604144,
          1274604125,
          1274604113,
          1274604134
        ]
      },
      "geometry": {
        "type": "Polygon",
        "coordinates": [
          [
            [
              7.294329,
              45.7293173
            ],
            [
              7.2948284,
              45.7282991
            ],
            [
              7.2956291,
              45.7285039
            ],
            [
              7.2951059,
              45.729511
            ],
            [
              7.294329,
              45.7293173
            ]
          ]
        ]
      }
    },
    {
      "type": "Feature",
      "properties": {
        "type": "way",
        "id": 112025424,
        "tags": {
          "leisure": "pitch",
          "sport": "soccer"
        },
        "nodes": [
          1274604132,
          1274604138,
          1274604118,
          1274604108,
          1274604132
        ]
      },
      "geometry": {
        "type": "Polygon",
        "coordinates": [
          [
            [
              7.2931716,
              45.7292288
            ],
            [
              7.2939168,
              45.7294446
            ],
            [
              7.2943924,
              45.7286145
            ],
            [
              7.293671,
              45.7284098
            ],
            [
              7.2931716,
              45.7292288
            ]
          ]
        ]
      }
    },
    {
      "type": "Feature",
      "properties": {
        "type": "way",
        "id": 112232264,
        "tags": {
          "leisure": "pitch",
          "name": "CLUB STADE VALDÔTAIN RUGBY",
          "sport": "rugby_union",
          "surface": "grass"
        },
        "nodes": [
          1276250966,
          1993559615,
          1993559612,
          1276251010,
          1993559618,
          1993559620,
          1993559623,
          1276250948,
          1276250975,
          1993559624,
          1993559622,
          1993559621,
          1993559619,
          1993559617,
          1993559616,
          1276250966
        ]
      },
      "geometry": {
        "type": "Polygon",
        "coordinates": [
          [
            [
              7.2725781,
              45.7223895
            ],
            [
              7.2732622,
              45.7224072
            ],
            [
              7.2741122,
              45.7224478
            ],
            [
              7.2744195,
              45.7224965
            ],
            [
              7.2746142,
              45.7226885
            ],
            [
              7.2746211,
              45.722903
            ],
            [
              7.2745391,
              45.7230984
            ],
            [
              7.2743026,
              45.7232273
            ],
            [
              7.2729118,
              45.7232127
            ],
            [
              7.2727228,
              45.7231747
            ],
            [
              7.2725589,
              45.7230793
            ],
            [
              7.272436,
              45.7229554
            ],
            [
              7.2724224,
              45.7228029
            ],
            [
              7.2724565,
              45.7226694
            ],
            [
              7.2725726,
              45.722555
            ],
            [
              7.2725781,
              45.7223895
            ]
          ]
        ]
      }
    },
    {
      "type": "Feature",
      "properties": {
        "type": "way",
        "id": 112290233,
        "tags": {
          "leisure": "sports_centre",
          "name": "Campo Scuola E. Tesolin",
          "sport": "athletics",
          "sport_1": "track and Field"
        },
        "nodes": [
          1276771791,
          2738425142,
          2738425123,
          2738425117,
          2738425113,
          2738425100,
          2738425092,
          2738425085,
          2738425073,
          2738425054,
          2738425038,
          2738425027,
          2738425020,
          2738425018,
          2738425015,
          1276771790,
          1276771792,
          1276771788,
          1276771791
        ]
      },
      "geometry": {
        "type": "Polygon",
        "coordinates": [
          [
            [
              7.3062807,
              45.7299295
            ],
            [
              7.3063143,
              45.7298086
            ],
            [
              7.3063626,
              45.7297222
            ],
            [
              7.3064475,
              45.7296552
            ],
            [
              7.3064635,
              45.729593
            ],
            [
              7.3065278,
              45.7294025
            ],
            [
              7.3066633,
              45.729232
            ],
            [
              7.3067097,
              45.7290651
            ],
            [
              7.3067507,
              45.7289045
            ],
            [
              7.3068488,
              45.7286518
            ],
            [
              7.3069326,
              45.728546
            ],
            [
              7.3069379,
              45.7284178
            ],
            [
              7.3068844,
              45.7283393
            ],
            [
              7.3067917,
              45.7282186
            ],
            [
              7.3068095,
              45.7281787
            ],
            [
              7.3070209,
              45.7282172
            ],
            [
              7.3083729,
              45.7284515
            ],
            [
              7.3077896,
              45.730186
            ],
            [
              7.3062807,
              45.7299295
            ]
          ]
        ]
      }
    },
    {
      "type": "Feature",
      "properties": {
        "type": "way",
        "id": 112474710,
        "tags": {
          "leisure": "pitch",
          "sport": "tennis"
        },
        "nodes": [
          1278266893,
          1278267357,
          1278266747,
          1278267674,
          1278266893
        ]
      },
      "geometry": {
        "type": "Polygon",
        "coordinates": [
          [
            [
              7.7232949,
              45.7267394
            ],
            [
              7.7234264,
              45.7267299
            ],
            [
              7.7233962,
              45.726527
            ],
            [
              7.7232647,
              45.7265366
            ],
            [
              7.7232949,
              45.7267394
            ]
          ]
        ]
      }
    },
    {
      "type": "Feature",
      "properties": {
        "type": "way",
        "id": 115126097,
        "tags": {
          "leisure": "ice_rink",
          "seasonal": "yes",
          "sport": "ice_skating"
        },
        "nodes": [
          1302104246,
          1302103745,
          1302104182,
          1302104222,
          1302103558,
          1302104404,
          1302103798,
          1302103618,
          1302104246
        ]
      },
      "geometry": {
        "type": "Polygon",
        "coordinates": [
          [
            [
              7.7213583,
              45.7580533
            ],
            [
              7.721345,
              45.7580636
            ],
            [
              7.7215647,
              45.7582012
            ],
            [
              7.7215855,
              45.7582143
            ],
            [
              7.7219925,
              45.7578981
            ],
            [
              7.7220132,
              45.7578819
            ],
            [
              7.7217727,
              45.7577313
            ],
            [
              7.7217593,
              45.7577417
            ],
            [
              7.7213583,
              45.7580533
            ]
          ]
        ]
      }
    },
    {
      "type": "Feature",
      "properties": {
        "type": "way",
        "id": 115245073,
        "tags": {
          "leisure": "pitch",
          "sport": "tennis"
        },
        "nodes": [
          1302933499,
          1302932999,
          1302932840,
          1302932692,
          1302933499
        ]
      },
      "geometry": {
        "type": "Polygon",
        "coordinates": [
          [
            [
              7.7338575,
              45.714064
            ],
            [
              7.7337056,
              45.7141602
            ],
            [
              7.7339939,
              45.714382
            ],
            [
              7.7341457,
              45.7142857
            ],
            [
              7.7338575,
              45.714064
            ]
          ]
        ]
      }
    },
    {
      "type": "Feature",
      "properties": {
        "type": "way",
        "id": 116906694,
        "tags": {
          "leisure": "pitch",
          "lit": "yes",
          "sport": "tennis",
          "surface": "ground"
        },
        "nodes": [
          1316854174,
          1316854008,
          9938770099,
          1316854363,
          1316854123,
          1316854174
        ]
      },
      "geometry": {
        "type": "Polygon",
        "coordinates": [
          [
            [
              7.6858971,
              45.8115838
            ],
            [
              7.6860574,
              45.8115103
            ],
            [
              7.6861915,
              45.8116534
            ],
            [
              7.6862916,
              45.8117603
            ],
            [
              7.6861249,
              45.8118294
            ],
            [
              7.6858971,
              45.8115838
            ]
          ]
        ]
      }
    },
    {
      "type": "Feature",
      "properties": {
        "type": "way",
        "id": 117034577,
        "tags": {
          "leisure": "pitch",
          "sport": "tennis"
        },
        "nodes": [
          1318440606,
          1318439956,
          1318440493,
          1318440547,
          1318440606
        ]
      },
      "geometry": {
        "type": "Polygon",
        "coordinates": [
          [
            [
              7.6889717,
              45.8024208
            ],
            [
              7.6892251,
              45.8024134
            ],
            [
              7.6892072,
              45.8021134
            ],
            [
              7.6889538,
              45.8021208
            ],
            [
              7.6889717,
              45.8024208
            ]
          ]
        ]
      }
    },
    {
      "type": "Feature",
      "properties": {
        "type": "way",
        "id": 117846352,
        "tags": {
          "leisure": "pitch",
          "lit": "no",
          "sport": "soccer",
          "surface": "sand"
        },
        "nodes": [
          1326608744,
          1326609395,
          1326608783,
          1326607910,
          1326608744
        ]
      },
      "geometry": {
        "type": "Polygon",
        "coordinates": [
          [
            [
              7.719795,
              45.7620567
            ],
            [
              7.7198701,
              45.7621135
            ],
            [
              7.7201518,
              45.7619322
            ],
            [
              7.7200767,
              45.7618754
            ],
            [
              7.719795,
              45.7620567
            ]
          ]
        ]
      }
    },
    {
      "type": "Feature",
      "properties": {
        "type": "way",
        "id": 117846368,
        "tags": {
          "leisure": "pitch",
          "lit": "no",
          "sport": "beachvolleyball",
          "surface": "sand"
        },
        "nodes": [
          1326608397,
          1326609062,
          1326608197,
          1326609723,
          1326608397
        ]
      },
      "geometry": {
        "type": "Polygon",
        "coordinates": [
          [
            [
              7.7197808,
              45.7620515
            ],
            [
              7.7200109,
              45.7619061
            ],
            [
              7.719896,
              45.7618209
            ],
            [
              7.7196662,
              45.7619675
            ],
            [
              7.7197808,
              45.7620515
            ]
          ]
        ]
      }
    },
    {
      "type": "Feature",
      "properties": {
        "type": "way",
        "id": 117846432,
        "tags": {
          "leisure": "pitch",
          "sport": "soccer",
          "surface": "grass"
        },
        "nodes": [
          1326608134,
          1326608835,
          1326607964,
          1326609494,
          1326608134
        ]
      },
      "geometry": {
        "type": "Polygon",
        "coordinates": [
          [
            [
              7.7128154,
              45.7638089
            ],
            [
              7.7135547,
              45.7645881
            ],
            [
              7.7143095,
              45.7642395
            ],
            [
              7.7135701,
              45.7634604
            ],
            [
              7.7128154,
              45.7638089
            ]
          ]
        ]
      }
    },
    {
      "type": "Feature",
      "properties": {
        "type": "way",
        "id": 118848615,
        "tags": {
          "leisure": "pitch",
          "sport": "tennis"
        },
        "nodes": [
          1335976430,
          1335977751,
          1335977959,
          1335977317,
          1335976430
        ]
      },
      "geometry": {
        "type": "Polygon",
        "coordinates": [
          [
            [
              7.7240519,
              45.7565564
            ],
            [
              7.7241992,
              45.7566383
            ],
            [
              7.724451,
              45.7564179
            ],
            [
              7.7243037,
              45.756336
            ],
            [
              7.7240519,
              45.7565564
            ]
          ]
        ]
      }
    },
    {
      "type": "Feature",
      "properties": {
        "type": "way",
        "id": 119424433,
        "tags": {
          "leisure": "pitch",
          "sport": "soccer"
        },
        "nodes": [
          1342010620,
          1342010793,
          1342010899,
          3670382773,
          1342010343,
          1342010620
        ]
      },
      "geometry": {
        "type": "Polygon",
        "coordinates": [
          [
            [
              7.7463233,
              45.7383233
            ],
            [
              7.7465147,
              45.7382919
            ],
            [
              7.7464274,
              45.7380334
            ],
            [
              7.7463048,
              45.7380535
            ],
            [
              7.7462361,
              45.7380648
            ],
            [
              7.7463233,
              45.7383233
            ]
          ]
        ]
      }
    },
    {
      "type": "Feature",
      "properties": {
        "type": "way",
        "id": 119424448,
        "tags": {
          "leisure": "pitch",
          "sport": "soccer",
          "surface": "grass"
        },
        "nodes": [
          1342010507,
          1342010948,
          1342010841,
          1342010724,
          1342010507
        ]
      },
      "geometry": {
        "type": "Polygon",
        "coordinates": [
          [
            [
              7.7406283,
              45.7503069
            ],
            [
              7.7408633,
              45.7504795
            ],
            [
              7.7415747,
              45.7500079
            ],
            [
              7.7413397,
              45.7498353
            ],
            [
              7.7406283,
              45.7503069
            ]
          ]
        ]
      }
    },
    {
      "type": "Feature",
      "properties": {
        "type": "way",
        "id": 119554483,
        "tags": {
          "building": "yes",
          "leisure": "pitch"
        },
        "nodes": [
          1342984034,
          1342984235,
          1342984250,
          1342984120,
          2414462388,
          1342984237,
          2414462385,
          1342984107,
          2414462382,
          1342984122,
          2414462379,
          1342984181,
          4372150677,
          1342984078,
          1342984148,
          1342984166,
          1342984221,
          1342984151,
          1342984210,
          1342984224,
          1342984084,
          1342984034
        ]
      },
      "geometry": {
        "type": "Polygon",
        "coordinates": [
          [
            [
              7.346757,
              45.7376434
            ],
            [
              7.3465335,
              45.7376868
            ],
            [
              7.3461982,
              45.7376694
            ],
            [
              7.3459498,
              45.7376088
            ],
            [
              7.3458478,
              45.7375674
            ],
            [
              7.3457648,
              45.7375112
            ],
            [
              7.3456944,
              45.7374305
            ],
            [
              7.3456701,
              45.7373637
            ],
            [
              7.3456843,
              45.7372972
            ],
            [
              7.3457335,
              45.7372257
            ],
            [
              7.3457924,
              45.7371708
            ],
            [
              7.345904,
              45.7371134
            ],
            [
              7.3460451,
              45.7370771
            ],
            [
              7.3462222,
              45.7370459
            ],
            [
              7.3464776,
              45.7370454
            ],
            [
              7.3467446,
              45.7370974
            ],
            [
              7.3469495,
              45.7371797
            ],
            [
              7.347055,
              45.7373141
            ],
            [
              7.3470613,
              45.7374571
            ],
            [
              7.3469743,
              45.7375481
            ],
            [
              7.3468501,
              45.7376174
            ],
            [
              7.346757,
              45.7376434
            ]
          ]
        ]
      }
    },
    {
      "type": "Feature",
      "properties": {
        "type": "way",
        "id": 119763694,
        "tags": {
          "access": "private",
          "leisure": "swimming_pool"
        },
        "nodes": [
          1344608632,
          1344608512,
          1344609393,
          1344608826,
          1344608632
        ]
      },
      "geometry": {
        "type": "Polygon",
        "coordinates": [
          [
            [
              7.705203,
              45.6897946
            ],
            [
              7.7052415,
              45.6897853
            ],
            [
              7.7051973,
              45.6896961
            ],
            [
              7.7051588,
              45.6897055
            ],
            [
              7.705203,
              45.6897946
            ]
          ]
        ]
      }
    },
    {
      "type": "Feature",
      "properties": {
        "type": "way",
        "id": 120392448,
        "tags": {
          "leisure": "pitch",
          "sport": "tennis"
        },
        "nodes": [
          1350028190,
          1350027914,
          1350027736,
          1350028112,
          1350028190
        ]
      },
      "geometry": {
        "type": "Polygon",
        "coordinates": [
          [
            [
              7.8246468,
              45.8292944
            ],
            [
              7.8249742,
              45.8290443
            ],
            [
              7.8251373,
              45.8291512
            ],
            [
              7.8248057,
              45.8294022
            ],
            [
              7.8246468,
              45.8292944
            ]
          ]
        ]
      }
    },
    {
      "type": "Feature",
      "properties": {
        "type": "way",
        "id": 120433098,
        "tags": {
          "leisure": "pitch",
          "sport": "tennis"
        },
        "nodes": [
          1350385116,
          1350385441,
          1350385031,
          1350385200,
          1350385116
        ]
      },
      "geometry": {
        "type": "Polygon",
        "coordinates": [
          [
            [
              7.8242624,
              45.8165036
            ],
            [
              7.8244701,
              45.8164049
            ],
            [
              7.8242184,
              45.8161812
            ],
            [
              7.8240076,
              45.8162843
            ],
            [
              7.8242624,
              45.8165036
            ]
          ]
        ]
      }
    },
    {
      "type": "Feature",
      "properties": {
        "type": "way",
        "id": 120459827,
        "tags": {
          "leisure": "pitch",
          "sport": "tennis"
        },
        "nodes": [
          1350665855,
          1350665841,
          1350665872,
          1350665880,
          1350665855
        ]
      },
      "geometry": {
        "type": "Polygon",
        "coordinates": [
          [
            [
              7.6949547,
              45.7578367
            ],
            [
              7.6951548,
              45.7577651
            ],
            [
              7.6953659,
              45.7580525
            ],
            [
              7.6951659,
              45.758124
            ],
            [
              7.6949547,
              45.7578367
            ]
          ]
        ]
      }
    },
    {
      "type": "Feature",
      "properties": {
        "type": "way",
        "id": 120585875,
        "tags": {
          "leisure": "pitch",
          "note": "campo da calcetto (non c'è tag apposito)",
          "sport": "soccer"
        },
        "nodes": [
          1351763596,
          1351763587,
          1351763591,
          1351763598,
          1351763596
        ]
      },
      "geometry": {
        "type": "Polygon",
        "coordinates": [
          [
            [
              7.6167095,
              45.6222513
            ],
            [
              7.6169199,
              45.6219149
            ],
            [
              7.6171636,
              45.6219895
            ],
            [
              7.6169533,
              45.6223258
            ],
            [
              7.6167095,
              45.6222513
            ]
          ]
        ]
      }
    },
    {
      "type": "Feature",
      "properties": {
        "type": "way",
        "id": 120676693,
        "tags": {
          "leisure": "pitch",
          "sport": "tennis"
        },
        "nodes": [
          1352504896,
          1352504804,
          1352504798,
          1352504879,
          1352504896
        ]
      },
      "geometry": {
        "type": "Polygon",
        "coordinates": [
          [
            [
              7.8244243,
              45.7774942
            ],
            [
              7.8243648,
              45.777155
            ],
            [
              7.8245936,
              45.7771354
            ],
            [
              7.8246531,
              45.7774747
            ],
            [
              7.8244243,
              45.7774942
            ]
          ]
        ]
      }
    },
    {
      "type": "Feature",
      "properties": {
        "type": "way",
        "id": 120676715,
        "tags": {
          "leisure": "pitch",
          "sport": "tennis"
        },
        "nodes": [
          1352504879,
          1352504873,
          1352504794,
          1352504798,
          1352504879
        ]
      },
      "geometry": {
        "type": "Polygon",
        "coordinates": [
          [
            [
              7.8246531,
              45.7774747
            ],
            [
              7.8249262,
              45.7774514
            ],
            [
              7.8248667,
              45.7771121
            ],
            [
              7.8245936,
              45.7771354
            ],
            [
              7.8246531,
              45.7774747
            ]
          ]
        ]
      }
    },
    {
      "type": "Feature",
      "properties": {
        "type": "way",
        "id": 120728429,
        "tags": {
          "building": "yes",
          "leisure": "sports_centre",
          "name": "Centro sportivo \"Gressoney Sport Haus\"",
          "sport": "swimming;volleyball;football;golf;climbing;basketball;boules"
        },
        "nodes": [
          1352914065,
          2996086018,
          2996086019,
          1352914072,
          1352914061,
          1352914060,
          2996086020,
          1352914055,
          1352914043,
          1352914039,
          2996086021,
          2996086022,
          2996086024,
          2996086025,
          2996086023,
          1352914034,
          1352914065
        ]
      },
      "geometry": {
        "type": "Polygon",
        "coordinates": [
          [
            [
              7.8351648,
              45.7667538
            ],
            [
              7.8355471,
              45.7668761
            ],
            [
              7.8355145,
              45.7669258
            ],
            [
              7.8356489,
              45.7669458
            ],
            [
              7.8357817,
              45.766742
            ],
            [
              7.835936,
              45.7667914
            ],
            [
              7.8362902,
              45.7662526
            ],
            [
              7.8361111,
              45.7661953
            ],
            [
              7.8361305,
              45.7661658
            ],
            [
              7.8359005,
              45.7660922
            ],
            [
              7.8358577,
              45.7661573
            ],
            [
              7.8356259,
              45.7660832
            ],
            [
              7.8355284,
              45.7662314
            ],
            [
              7.8355817,
              45.7662675
            ],
            [
              7.8355061,
              45.7663759
            ],
            [
              7.8354294,
              45.7663513
            ],
            [
              7.8351648,
              45.7667538
            ]
          ]
        ]
      }
    },
    {
      "type": "Feature",
      "properties": {
        "type": "way",
        "id": 120862315,
        "tags": {
          "leisure": "pitch",
          "sport": "basketball"
        },
        "nodes": [
          1354136565,
          1354136551,
          1354136541,
          1354136553,
          1354136565
        ]
      },
      "geometry": {
        "type": "Polygon",
        "coordinates": [
          [
            [
              7.8321648,
              45.768964
            ],
            [
              7.8322445,
              45.7688273
            ],
            [
              7.8318793,
              45.7687242
            ],
            [
              7.8317979,
              45.7688632
            ],
            [
              7.8321648,
              45.768964
            ]
          ]
        ]
      }
    },
    {
      "type": "Feature",
      "properties": {
        "type": "way",
        "id": 120862323,
        "tags": {
          "leisure": "pitch",
          "sport": "tennis"
        },
        "nodes": [
          1354136065,
          1354136034,
          1354136024,
          1354136058,
          1354136065
        ]
      },
      "geometry": {
        "type": "Polygon",
        "coordinates": [
          [
            [
              7.8282755,
              45.7636664
            ],
            [
              7.8285583,
              45.7634221
            ],
            [
              7.8284133,
              45.7633404
            ],
            [
              7.8281305,
              45.7635847
            ],
            [
              7.8282755,
              45.7636664
            ]
          ]
        ]
      }
    },
    {
      "type": "Feature",
      "properties": {
        "type": "way",
        "id": 121651717,
        "tags": {
          "leisure": "pitch",
          "sport": "tennis"
        },
        "nodes": [
          1361151311,
          1361151296,
          1361151285,
          1361151307,
          1361151311
        ]
      },
      "geometry": {
        "type": "Polygon",
        "coordinates": [
          [
            [
              7.8777392,
              45.7038954
            ],
            [
              7.8781165,
              45.7036796
            ],
            [
              7.8779627,
              45.7035485
            ],
            [
              7.8775855,
              45.7037643
            ],
            [
              7.8777392,
              45.7038954
            ]
          ]
        ]
      }
    },
    {
      "type": "Feature",
      "properties": {
        "type": "way",
        "id": 121651720,
        "tags": {
          "leisure": "pitch",
          "sport": "basketball"
        },
        "nodes": [
          1361151297,
          1361151282,
          1361151268,
          1361151287,
          1361151297
        ]
      },
      "geometry": {
        "type": "Polygon",
        "coordinates": [
          [
            [
              7.8776894,
              45.7036814
            ],
            [
              7.87794,
              45.7035355
            ],
            [
              7.8778106,
              45.7034271
            ],
            [
              7.87756,
              45.703573
            ],
            [
              7.8776894,
              45.7036814
            ]
          ]
        ]
      }
    },
    {
      "type": "Feature",
      "properties": {
        "type": "way",
        "id": 122266517,
        "tags": {
          "leisure": "pitch",
          "sport": "soccer"
        },
        "nodes": [
          1430282460,
          1366771413,
          1366771407,
          1366771400,
          1430282460
        ]
      },
      "geometry": {
        "type": "Polygon",
        "coordinates": [
          [
            [
              7.1882431,
              45.6861567
            ],
            [
              7.1884579,
              45.685736
            ],
            [
              7.1896654,
              45.6860368
            ],
            [
              7.1894506,
              45.6864576
            ],
            [
              7.1882431,
              45.6861567
            ]
          ]
        ]
      }
    },
    {
      "type": "Feature",
      "properties": {
        "type": "way",
        "id": 122267505,
        "tags": {
          "leisure": "pitch",
          "sport": "tennis"
        },
        "nodes": [
          1366780444,
          1366780381,
          1366780406,
          1366780509,
          1366780444
        ]
      },
      "geometry": {
        "type": "Polygon",
        "coordinates": [
          [
            [
              7.2012786,
              45.7006632
            ],
            [
              7.2013279,
              45.7005
            ],
            [
              7.2017676,
              45.7005735
            ],
            [
              7.2017176,
              45.7007346
            ],
            [
              7.2012786,
              45.7006632
            ]
          ]
        ]
      }
    },
    {
      "type": "Feature",
      "properties": {
        "type": "way",
        "id": 122267507,
        "tags": {
          "leisure": "pitch",
          "lit": "yes",
          "sport": "soccer"
        },
        "nodes": [
          1366780454,
          1366780375,
          1366780422,
          1366780423,
          1366780454
        ]
      },
      "geometry": {
        "type": "Polygon",
        "coordinates": [
          [
            [
              7.1996946,
              45.6995233
            ],
            [
              7.200408,
              45.6992161
            ],
            [
              7.201084,
              45.7000066
            ],
            [
              7.2003866,
              45.7003064
            ],
            [
              7.1996946,
              45.6995233
            ]
          ]
        ]
      }
    },
    {
      "type": "Feature",
      "properties": {
        "type": "way",
        "id": 122619881,
        "tags": {
          "leisure": "pitch",
          "sport": "tennis",
          "surface": "tartan"
        },
        "nodes": [
          1369666404,
          1369666390,
          1369666382,
          1369666396,
          1369666404
        ]
      },
      "geometry": {
        "type": "Polygon",
        "coordinates": [
          [
            [
              7.8459933,
              45.6344036
            ],
            [
              7.8463342,
              45.6342313
            ],
            [
              7.8462167,
              45.6341177
            ],
            [
              7.8458758,
              45.6342899
            ],
            [
              7.8459933,
              45.6344036
            ]
          ]
        ]
      }
    },
    {
      "type": "Feature",
      "properties": {
        "type": "way",
        "id": 128996452,
        "tags": {
          "leisure": "pitch",
          "sport": "tennis"
        },
        "nodes": [
          1424104849,
          1424104866,
          1424104832,
          1424104827,
          1424104849
        ]
      },
      "geometry": {
        "type": "Polygon",
        "coordinates": [
          [
            [
              7.2075409,
              45.5928477
            ],
            [
              7.2080063,
              45.5928933
            ],
            [
              7.2080383,
              45.5927333
            ],
            [
              7.2075729,
              45.5926877
            ],
            [
              7.2075409,
              45.5928477
            ]
          ]
        ]
      }
    },
    {
      "type": "Feature",
      "properties": {
        "type": "way",
        "id": 128996454,
        "tags": {
          "leisure": "pitch",
          "sport": "tennis"
        },
        "nodes": [
          1424104869,
          1424104880,
          1424104895,
          1424104873,
          1424104869
        ]
      },
      "geometry": {
        "type": "Polygon",
        "coordinates": [
          [
            [
              7.2075405,
              45.5928502
            ],
            [
              7.2075081,
              45.5930089
            ],
            [
              7.2079737,
              45.5930555
            ],
            [
              7.2080061,
              45.5928967
            ],
            [
              7.2075405,
              45.5928502
            ]
          ]
        ]
      }
    },
    {
      "type": "Feature",
      "properties": {
        "type": "way",
        "id": 128997753,
        "tags": {
          "leisure": "pitch",
          "sport": "bowls"
        },
        "nodes": [
          1424119205,
          1424119233,
          1424119247,
          1424119207,
          1424119205
        ]
      },
      "geometry": {
        "type": "Polygon",
        "coordinates": [
          [
            [
              7.2094349,
              45.5865548
            ],
            [
              7.209405,
              45.5867151
            ],
            [
              7.2098768,
              45.5867582
            ],
            [
              7.2099067,
              45.5865979
            ],
            [
              7.2094349,
              45.5865548
            ]
          ]
        ]
      }
    },
    {
      "type": "Feature",
      "properties": {
        "type": "way",
        "id": 129959534,
        "tags": {
          "leisure": "pitch",
          "sport": "tennis"
        },
        "nodes": [
          1432866155,
          1432866153,
          1432866095,
          1432866097,
          1432866155
        ]
      },
      "geometry": {
        "type": "Polygon",
        "coordinates": [
          [
            [
              7.3497268,
              45.6039194
            ],
            [
              7.349964,
              45.6039166
            ],
            [
              7.3499462,
              45.6035701
            ],
            [
              7.3497085,
              45.6035785
            ],
            [
              7.3497268,
              45.6039194
            ]
          ]
        ]
      }
    },
    {
      "type": "Feature",
      "properties": {
        "type": "way",
        "id": 129970750,
        "tags": {
          "building": "yes",
          "leisure": "pitch",
          "note": "ex campo da tennis sul tetto, nella parte sottostante forse in costruzione caserma",
          "sport": "tennis"
        },
        "nodes": [
          1432955787,
          1432955783,
          1432955771,
          1432955772,
          1432955787
        ]
      },
      "geometry": {
        "type": "Polygon",
        "coordinates": [
          [
            [
              7.3529065,
              45.6112245
            ],
            [
              7.3533897,
              45.6112055
            ],
            [
              7.3533087,
              45.6107876
            ],
            [
              7.3528354,
              45.6108426
            ],
            [
              7.3529065,
              45.6112245
            ]
          ]
        ]
      }
    },
    {
      "type": "Feature",
      "properties": {
        "type": "way",
        "id": 130032324,
        "tags": {
          "building": "yes",
          "leisure": "sports_centre",
          "name": "Palestra Comunale \"Vincenzo Perruchon\"",
          "sport": "soccer"
        },
        "nodes": [
          1433414616,
          1433414612,
          1433414617,
          1433414614,
          1433414611,
          1433414610,
          1433414596,
          1433414598,
          1433414595,
          1433414599,
          7664043445,
          1433414591,
          1433414593,
          1433414601,
          1433414603,
          1433414616
        ]
      },
      "geometry": {
        "type": "Polygon",
        "coordinates": [
          [
            [
              7.3540669,
              45.6112112
            ],
            [
              7.354395,
              45.6111648
            ],
            [
              7.3544079,
              45.6112125
            ],
            [
              7.3545148,
              45.611197
            ],
            [
              7.3545019,
              45.6111506
            ],
            [
              7.3545351,
              45.6111442
            ],
            [
              7.354465,
              45.6108824
            ],
            [
              7.3544263,
              45.6108876
            ],
            [
              7.3544134,
              45.6108554
            ],
            [
              7.3541812,
              45.610894
            ],
            [
              7.3541691,
              45.610855
            ],
            [
              7.3541498,
              45.6108089
            ],
            [
              7.3540005,
              45.6108309
            ],
            [
              7.3540337,
              45.6109404
            ],
            [
              7.3539858,
              45.6109469
            ],
            [
              7.3540669,
              45.6112112
            ]
          ]
        ]
      }
    },
    {
      "type": "Feature",
      "properties": {
        "type": "way",
        "id": 130854486,
        "tags": {
          "leisure": "sports_centre",
          "sport": "multi"
        },
        "nodes": [
          1440146402,
          1440146397,
          1455697806,
          1440146395,
          1440146393,
          1440146391,
          1440146389,
          1440146382,
          1440146380,
          1440146383,
          1440146390,
          1440146394,
          1440146402
        ]
      },
      "geometry": {
        "type": "Polygon",
        "coordinates": [
          [
            [
              7.0630681,
              45.6263824
            ],
            [
              7.0633375,
              45.6263749
            ],
            [
              7.0635763,
              45.6263022
            ],
            [
              7.0636084,
              45.6262924
            ],
            [
              7.0640679,
              45.6262382
            ],
            [
              7.0640679,
              45.6259565
            ],
            [
              7.0637195,
              45.6257023
            ],
            [
              7.0635945,
              45.6254401
            ],
            [
              7.0633757,
              45.6253357
            ],
            [
              7.0629279,
              45.6254425
            ],
            [
              7.0630042,
              45.625797
            ],
            [
              7.0629487,
              45.6262681
            ],
            [
              7.0630681,
              45.6263824
            ]
          ]
        ]
      }
    },
    {
      "type": "Feature",
      "properties": {
        "type": "way",
        "id": 132311491,
        "tags": {
          "leisure": "pitch",
          "sport": "volleyball"
        },
        "nodes": [
          1455697801,
          1455697802,
          1455697786,
          1455697787,
          1455697801
        ]
      },
      "geometry": {
        "type": "Polygon",
        "coordinates": [
          [
            [
              7.0638397,
              45.6262244
            ],
            [
              7.0640243,
              45.6262256
            ],
            [
              7.0640225,
              45.6259675
            ],
            [
              7.0638415,
              45.62597
            ],
            [
              7.0638397,
              45.6262244
            ]
          ]
        ]
      }
    },
    {
      "type": "Feature",
      "properties": {
        "type": "way",
        "id": 132311494,
        "tags": {
          "leisure": "pitch",
          "sport": "tennis"
        },
        "nodes": [
          1455697805,
          1455697799,
          1455697798,
          1455697806,
          1455697805
        ]
      },
      "geometry": {
        "type": "Polygon",
        "coordinates": [
          [
            [
              7.0631069,
              45.6262983
            ],
            [
              7.0630997,
              45.6261429
            ],
            [
              7.063571,
              45.6261404
            ],
            [
              7.0635763,
              45.6263022
            ],
            [
              7.0631069,
              45.6262983
            ]
          ]
        ]
      }
    },
    {
      "type": "Feature",
      "properties": {
        "type": "way",
        "id": 133996851,
        "tags": {
          "leisure": "swimming_pool"
        },
        "nodes": [
          1474211456,
          1474211457,
          1474211448,
          1474211446,
          1474211456
        ]
      },
      "geometry": {
        "type": "Polygon",
        "coordinates": [
          [
            [
              7.1651044,
              45.7030153
            ],
            [
              7.1652876,
              45.7030362
            ],
            [
              7.1653042,
              45.7029652
            ],
            [
              7.165121,
              45.7029443
            ],
            [
              7.1651044,
              45.7030153
            ]
          ]
        ]
      }
    },
    {
      "type": "Feature",
      "properties": {
        "type": "way",
        "id": 133996862,
        "tags": {
          "check_date:surface": "2024-09-11",
          "leisure": "pitch",
          "lit": "yes",
          "source": "pcn2006",
          "sport": "soccer",
          "surface": "grass"
        },
        "nodes": [
          1474211117,
          1474211175,
          1474211128,
          1474211078,
          1474211117
        ]
      },
      "geometry": {
        "type": "Polygon",
        "coordinates": [
          [
            [
              7.1602333,
              45.7005461
            ],
            [
              7.1612191,
              45.7010408
            ],
            [
              7.1616021,
              45.7006685
            ],
            [
              7.1606163,
              45.7001738
            ],
            [
              7.1602333,
              45.7005461
            ]
          ]
        ]
      }
    },
    {
      "type": "Feature",
      "properties": {
        "type": "way",
        "id": 134013819,
        "tags": {
          "leisure": "pitch",
          "lit": "yes",
          "source": "PCN2006",
          "sport": "padel",
          "surface": "grass"
        },
        "nodes": [
          1474253307,
          1474253302,
          1474253271,
          4426783239,
          1474253283,
          1474253307
        ]
      },
      "geometry": {
        "type": "Polygon",
        "coordinates": [
          [
            [
              7.1680493,
              45.7023693
            ],
            [
              7.1682582,
              45.7023125
            ],
            [
              7.1681128,
              45.7020538
            ],
            [
              7.1680965,
              45.7020218
            ],
            [
              7.1678846,
              45.7020793
            ],
            [
              7.1680493,
              45.7023693
            ]
          ]
        ]
      }
    },
    {
      "type": "Feature",
      "properties": {
        "type": "way",
        "id": 134013833,
        "tags": {
          "leisure": "pitch",
          "lit": "yes",
          "source": "PCN2006",
          "sport": "calcetto"
        },
        "nodes": [
          1474253304,
          1474253300,
          1474253265,
          1474253271,
          1474253302,
          1474253304
        ]
      },
      "geometry": {
        "type": "Polygon",
        "coordinates": [
          [
            [
              7.1682745,
              45.7023415
            ],
            [
              7.1684682,
              45.7022885
            ],
            [
              7.1683066,
              45.7020007
            ],
            [
              7.1681128,
              45.7020538
            ],
            [
              7.1682582,
              45.7023125
            ],
            [
              7.1682745,
              45.7023415
            ]
          ]
        ]
      }
    },
    {
      "type": "Feature",
      "properties": {
        "type": "way",
        "id": 134015490,
        "tags": {
          "access": "private",
          "leisure": "swimming_pool"
        },
        "nodes": [
          1474262311,
          1474262315,
          1474262309,
          1474262307,
          1474262311
        ]
      },
      "geometry": {
        "type": "Polygon",
        "coordinates": [
          [
            [
              7.1669486,
              45.6997706
            ],
            [
              7.1670366,
              45.6998068
            ],
            [
              7.1670616,
              45.6997772
            ],
            [
              7.1669736,
              45.699741
            ],
            [
              7.1669486,
              45.6997706
            ]
          ]
        ]
      }
    },
    {
      "type": "Feature",
      "properties": {
        "type": "way",
        "id": 135646810,
        "tags": {
          "leisure": "pitch",
          "sport": "soccer"
        },
        "nodes": [
          1489492274,
          1489492275,
          1489492273,
          3292800070,
          1489492272,
          1489492274
        ]
      },
      "geometry": {
        "type": "Polygon",
        "coordinates": [
          [
            [
              7.2068604,
              45.593134
            ],
            [
              7.2074588,
              45.5931944
            ],
            [
              7.2076198,
              45.592413
            ],
            [
              7.2074971,
              45.5924006
            ],
            [
              7.2070214,
              45.5923526
            ],
            [
              7.2068604,
              45.593134
            ]
          ]
        ]
      }
    },
    {
      "type": "Feature",
      "properties": {
        "type": "way",
        "id": 139262834,
        "tags": {
          "leisure": "pitch",
          "source": "PCN 2006 Ita",
          "sport": "soccer"
        },
        "nodes": [
          1526623261,
          1526623328,
          1526623236,
          1526623138,
          1526623261
        ]
      },
      "geometry": {
        "type": "Polygon",
        "coordinates": [
          [
            [
              7.3983751,
              45.8604713
            ],
            [
              7.3991283,
              45.8607742
            ],
            [
              7.3993988,
              45.860448
            ],
            [
              7.3986456,
              45.8601451
            ],
            [
              7.3983751,
              45.8604713
            ]
          ]
        ]
      }
    },
    {
      "type": "Feature",
      "properties": {
        "type": "way",
        "id": 141634267,
        "tags": {
          "leisure": "pitch",
          "sport": "tennis"
        },
        "nodes": [
          1550350550,
          1550350599,
          1550350378,
          1550350339,
          1550350550
        ]
      },
      "geometry": {
        "type": "Polygon",
        "coordinates": [
          [
            [
              7.0899473,
              45.7261859
            ],
            [
              7.0901757,
              45.7262373
            ],
            [
              7.0903146,
              45.7259365
            ],
            [
              7.0900862,
              45.7258851
            ],
            [
              7.0899473,
              45.7261859
            ]
          ]
        ]
      }
    },
    {
      "type": "Feature",
      "properties": {
        "type": "way",
        "id": 141749293,
        "tags": {
          "leisure": "pitch",
          "sport": "soccer"
        },
        "nodes": [
          1551663164,
          1551663111,
          1551663108,
          1551663119,
          1551663134,
          1551663163,
          1551663219,
          1551663214,
          1551663278,
          1551663164
        ]
      },
      "geometry": {
        "type": "Polygon",
        "coordinates": [
          [
            [
              7.3057293,
              45.8173516
            ],
            [
              7.3056289,
              45.8168776
            ],
            [
              7.3056946,
              45.8168198
            ],
            [
              7.3066121,
              45.8170284
            ],
            [
              7.3071511,
              45.8171092
            ],
            [
              7.3070909,
              45.8173421
            ],
            [
              7.3070603,
              45.8174606
            ],
            [
              7.3070159,
              45.8174539
            ],
            [
              7.3069908,
              45.8175656
            ],
            [
              7.3057293,
              45.8173516
            ]
          ]
        ]
      }
    },
    {
      "type": "Feature",
      "properties": {
        "type": "way",
        "id": 143112214,
        "tags": {
          "leisure": "pitch",
          "sport": "tennis"
        },
        "nodes": [
          1566232849,
          1566232881,
          1566232714,
          1566232710,
          1566232849
        ]
      },
      "geometry": {
        "type": "Polygon",
        "coordinates": [
          [
            [
              7.3074758,
              45.7907884
            ],
            [
              7.307704,
              45.7907884
            ],
            [
              7.307704,
              45.7904419
            ],
            [
              7.3074758,
              45.7904419
            ],
            [
              7.3074758,
              45.7907884
            ]
          ]
        ]
      }
    },
    {
      "type": "Feature",
      "properties": {
        "type": "way",
        "id": 143112220,
        "tags": {
          "leisure": "pitch",
          "sport": "soccer"
        },
        "nodes": [
          1566232453,
          1566232442,
          1566232237,
          1566232244,
          1566232453
        ]
      },
      "geometry": {
        "type": "Polygon",
        "coordinates": [
          [
            [
              7.3071532,
              45.7901964
            ],
            [
              7.3080051,
              45.7901206
            ],
            [
              7.307839,
              45.7891811
            ],
            [
              7.3069991,
              45.7892443
            ],
            [
              7.3071532,
              45.7901964
            ]
          ]
        ]
      }
    },
    {
      "type": "Feature",
      "properties": {
        "type": "way",
        "id": 143112247,
        "tags": {
          "leisure": "pitch",
          "sport": "tennis"
        },
        "nodes": [
          1566232810,
          1566232815,
          1566232615,
          1566232609,
          1566232810
        ]
      },
      "geometry": {
        "type": "Polygon",
        "coordinates": [
          [
            [
              7.3077639,
              45.7907116
            ],
            [
              7.3079898,
              45.7907135
            ],
            [
              7.3079956,
              45.7903791
            ],
            [
              7.3077697,
              45.7903772
            ],
            [
              7.3077639,
              45.7907116
            ]
          ]
        ]
      }
    },
    {
      "type": "Feature",
      "properties": {
        "type": "way",
        "id": 144122639,
        "tags": {
          "leisure": "pitch",
          "sport": "soccer"
        },
        "nodes": [
          1577018509,
          1577018595,
          1577018477,
          1577018455,
          1577018509
        ]
      },
      "geometry": {
        "type": "Polygon",
        "coordinates": [
          [
            [
              7.2069336,
              45.8205217
            ],
            [
              7.208156,
              45.820816
            ],
            [
              7.2083955,
              45.8203327
            ],
            [
              7.2071731,
              45.8200384
            ],
            [
              7.2069336,
              45.8205217
            ]
          ]
        ]
      }
    },
    {
      "type": "Feature",
      "properties": {
        "type": "way",
        "id": 144122651,
        "tags": {
          "leisure": "pitch",
          "sport": "bowls"
        },
        "nodes": [
          1577018516,
          1577018475,
          1577018472,
          1577018512,
          1577018516
        ]
      },
      "geometry": {
        "type": "Polygon",
        "coordinates": [
          [
            [
              7.2067126,
              45.8205408
            ],
            [
              7.2067666,
              45.820282
            ],
            [
              7.2066098,
              45.8202661
            ],
            [
              7.2065558,
              45.8205249
            ],
            [
              7.2067126,
              45.8205408
            ]
          ]
        ]
      }
    },
    {
      "type": "Feature",
      "properties": {
        "type": "way",
        "id": 144122683,
        "tags": {
          "leisure": "pitch",
          "sport": "tennis"
        },
        "nodes": [
          1577018612,
          1577018619,
          1577018519,
          1577018516,
          1577018512,
          1577018612
        ]
      },
      "geometry": {
        "type": "Polygon",
        "coordinates": [
          [
            [
              7.2064884,
              45.8208473
            ],
            [
              7.206731,
              45.8208719
            ],
            [
              7.2067983,
              45.8205494
            ],
            [
              7.2067126,
              45.8205408
            ],
            [
              7.2065558,
              45.8205249
            ],
            [
              7.2064884,
              45.8208473
            ]
          ]
        ]
      }
    },
    {
      "type": "Feature",
      "properties": {
        "type": "way",
        "id": 145511826,
        "tags": {
          "leisure": "pitch",
          "lit": "yes",
          "sport": "basketball",
          "surface": "tartan"
        },
        "nodes": [
          1589284746,
          1589284797,
          1589284811,
          1589284764,
          1589284746
        ]
      },
      "geometry": {
        "type": "Polygon",
        "coordinates": [
          [
            [
              7.2272198,
              45.8201108
            ],
            [
              7.2271979,
              45.8203108
            ],
            [
              7.2277438,
              45.8203398
            ],
            [
              7.2277657,
              45.8201399
            ],
            [
              7.2272198,
              45.8201108
            ]
          ]
        ]
      }
    },
    {
      "type": "Feature",
      "properties": {
        "type": "way",
        "id": 145511843,
        "tags": {
          "leisure": "pitch",
          "lit": "yes",
          "sport": "tennis",
          "surface": "tartan"
        },
        "nodes": [
          1589285089,
          1589285091,
          1589284911,
          1589284890,
          1589285089
        ]
      },
      "geometry": {
        "type": "Polygon",
        "coordinates": [
          [
            [
              7.2274421,
              45.8208264
            ],
            [
              7.2276562,
              45.8208425
            ],
            [
              7.2277062,
              45.8205127
            ],
            [
              7.2274857,
              45.820494
            ],
            [
              7.2274421,
              45.8208264
            ]
          ]
        ]
      }
    },
    {
      "type": "Feature",
      "properties": {
        "type": "way",
        "id": 145511848,
        "tags": {
          "leisure": "pitch",
          "lit": "yes",
          "sport": "tennis",
          "surface": "tartan"
        },
        "nodes": [
          1589285087,
          1589284885,
          1589284890,
          1589285089,
          1589285087
        ]
      },
      "geometry": {
        "type": "Polygon",
        "coordinates": [
          [
            [
              7.2272151,
              45.8208076
            ],
            [
              7.2272497,
              45.8204806
            ],
            [
              7.2274857,
              45.820494
            ],
            [
              7.2274421,
              45.8208264
            ],
            [
              7.2272151,
              45.8208076
            ]
          ]
        ]
      }
    },
    {
      "type": "Feature",
      "properties": {
        "type": "way",
        "id": 146851843,
        "tags": {
          "addr:city": "Gignod",
          "addr:housenumber": "29",
          "addr:place": "Località Chez-Roncoz",
          "addr:postcode": "11010",
          "addr:unit": "C",
          "building": "yes",
          "email": "info@piscinavariney.it",
          "fee": "yes",
          "leisure": "sports_centre",
          "name": "Piscina di Variney",
          "phone": "+39 0165 238299",
          "sport": "swimming;sauna",
          "website": "https://www.piscinavariney.it/"
        },
        "nodes": [
          13664470638,
          1600833068,
          13664470647,
          13664470645,
          1600833099,
          13664470630,
          13664470629,
          1600833062,
          1600833066,
          13666286101,
          1600833052,
          13664470638
        ]
      },
      "geometry": {
        "type": "Polygon",
        "coordinates": [
          [
            [
              7.3094234,
              45.7722274
            ],
            [
              7.3094414,
              45.7723688
            ],
            [
              7.309563,
              45.7723625
            ],
            [
              7.3096056,
              45.7723585
            ],
            [
              7.3096083,
              45.7723927
            ],
            [
              7.3098885,
              45.7723781
            ],
            [
              7.3098288,
              45.7721519
            ],
            [
              7.3096224,
              45.7721735
            ],
            [
              7.3096228,
              45.7722189
            ],
            [
              7.3095672,
              45.7722213
            ],
            [
              7.3095128,
              45.7722235
            ],
            [
              7.3094234,
              45.7722274
            ]
          ]
        ]
      }
    },
    {
      "type": "Feature",
      "properties": {
        "type": "way",
        "id": 148853728,
        "tags": {
          "leisure": "pitch",
          "sport": "tennis"
        },
        "nodes": [
          1619149935,
          1619149939,
          1619149913,
          1619149911,
          1619149935
        ]
      },
      "geometry": {
        "type": "Polygon",
        "coordinates": [
          [
            [
              7.0739952,
              45.7483156
            ],
            [
              7.0742457,
              45.7483481
            ],
            [
              7.0743347,
              45.7480132
            ],
            [
              7.0740843,
              45.7479808
            ],
            [
              7.0739952,
              45.7483156
            ]
          ]
        ]
      }
    },
    {
      "type": "Feature",
      "properties": {
        "type": "way",
        "id": 148853732,
        "tags": {
          "leisure": "pitch",
          "sport": "tennis"
        },
        "nodes": [
          1619149921,
          1619149924,
          1619149899,
          1619149898,
          1619149921
        ]
      },
      "geometry": {
        "type": "Polygon",
        "coordinates": [
          [
            [
              7.0737424,
              45.7482053
            ],
            [
              7.0739865,
              45.7482339
            ],
            [
              7.0740699,
              45.747887
            ],
            [
              7.0738257,
              45.7478585
            ],
            [
              7.0737424,
              45.7482053
            ]
          ]
        ]
      }
    },
    {
      "type": "Feature",
      "properties": {
        "type": "way",
        "id": 149578743,
        "tags": {
          "leisure": "pitch",
          "sport": "tennis"
        },
        "nodes": [
          1625396529,
          1625396547,
          1625396479,
          1625396467,
          1625396529
        ]
      },
      "geometry": {
        "type": "Polygon",
        "coordinates": [
          [
            [
              7.0597906,
              45.7500855
            ],
            [
              7.0600031,
              45.750151
            ],
            [
              7.0602012,
              45.7498382
            ],
            [
              7.0599886,
              45.7497726
            ],
            [
              7.0597906,
              45.7500855
            ]
          ]
        ]
      }
    },
    {
      "type": "Feature",
      "properties": {
        "type": "way",
        "id": 152341678,
        "tags": {
          "leisure": "pitch",
          "lit": "no",
          "sport": "volleyball",
          "surface": "asphalt"
        },
        "nodes": [
          1651642405,
          1651642435,
          1651642407,
          1651642391,
          1651642405
        ]
      },
      "geometry": {
        "type": "Polygon",
        "coordinates": [
          [
            [
              6.947222,
              45.7147166
            ],
            [
              6.9474375,
              45.7148205
            ],
            [
              6.9475213,
              45.7147358
            ],
            [
              6.9473058,
              45.7146319
            ],
            [
              6.947222,
              45.7147166
            ]
          ]
        ]
      }
    },
    {
      "type": "Feature",
      "properties": {
        "type": "way",
        "id": 152491145,
        "tags": {
          "leisure": "swimming_pool"
        },
        "nodes": [
          1653092256,
          1653092259,
          1653092254,
          1653092252,
          1653092256
        ]
      },
      "geometry": {
        "type": "Polygon",
        "coordinates": [
          [
            [
              6.9494539,
              45.7150556
            ],
            [
              6.9495166,
              45.7150758
            ],
            [
              6.9495744,
              45.7149874
            ],
            [
              6.949515,
              45.7149672
            ],
            [
              6.9494539,
              45.7150556
            ]
          ]
        ]
      }
    },
    {
      "type": "Feature",
      "properties": {
        "type": "way",
        "id": 152491146,
        "tags": {
          "access": "private",
          "leisure": "swimming_pool"
        },
        "nodes": [
          1653092245,
          1653092244,
          1653092238,
          1653092240,
          1653092245
        ]
      },
      "geometry": {
        "type": "Polygon",
        "coordinates": [
          [
            [
              6.9468151,
              45.7143288
            ],
            [
              6.9468833,
              45.7143004
            ],
            [
              6.9468018,
              45.714205
            ],
            [
              6.9467336,
              45.7142334
            ],
            [
              6.9468151,
              45.7143288
            ]
          ]
        ]
      }
    },
    {
      "type": "Feature",
      "properties": {
        "type": "way",
        "id": 153360910,
        "tags": {
          "leisure": "pitch",
          "lit": "yes",
          "sport": "tennis",
          "surface": "artificial_turf"
        },
        "nodes": [
          1660690494,
          1660690453,
          1660690459,
          1660690495,
          1660690494
        ]
      },
      "geometry": {
        "type": "Polygon",
        "coordinates": [
          [
            [
              6.9485976,
              45.7112453
            ],
            [
              6.9485121,
              45.7109278
            ],
            [
              6.9482897,
              45.710957
            ],
            [
              6.9483752,
              45.7112745
            ],
            [
              6.9485976,
              45.7112453
            ]
          ]
        ]
      }
    },
    {
      "type": "Feature",
      "properties": {
        "type": "way",
        "id": 153360912,
        "tags": {
          "leisure": "pitch",
          "lit": "yes",
          "sport": "tennis",
          "surface": "artificial_turf"
        },
        "nodes": [
          1660690450,
          1660690444,
          1660690447,
          1660690456,
          1660690450
        ]
      },
      "geometry": {
        "type": "Polygon",
        "coordinates": [
          [
            [
              6.9485047,
              45.7109088
            ],
            [
              6.9484056,
              45.710574
            ],
            [
              6.9481792,
              45.7106102
            ],
            [
              6.9482795,
              45.7109398
            ],
            [
              6.9485047,
              45.7109088
            ]
          ]
        ]
      }
    },
    {
      "type": "Feature",
      "properties": {
        "type": "way",
        "id": 153369674,
        "tags": {
          "leisure": "pitch",
          "sport": "soccer"
        },
        "nodes": [
          1660769594,
          1660769622,
          1660769489,
          1660769449,
          6919005123,
          1660769594
        ]
      },
      "geometry": {
        "type": "Polygon",
        "coordinates": [
          [
            [
              6.9547852,
              45.7077672
            ],
            [
              6.955521,
              45.7080385
            ],
            [
              6.9561641,
              45.707188
            ],
            [
              6.9554283,
              45.7069167
            ],
            [
              6.9549331,
              45.7075716
            ],
            [
              6.9547852,
              45.7077672
            ]
          ]
        ]
      }
    },
    {
      "type": "Feature",
      "properties": {
        "type": "way",
        "id": 155834207,
        "tags": {
          "leisure": "pitch",
          "sport": "bowls"
        },
        "nodes": [
          1681917017,
          1681917016,
          1681917014,
          1681917015,
          1681917017
        ]
      },
      "geometry": {
        "type": "Polygon",
        "coordinates": [
          [
            [
              7.7383324,
              45.7156553
            ],
            [
              7.7384154,
              45.7156449
            ],
            [
              7.7383731,
              45.7154803
            ],
            [
              7.7382901,
              45.7154907
            ],
            [
              7.7383324,
              45.7156553
            ]
          ]
        ]
      }
    },
    {
      "type": "Feature",
      "properties": {
        "type": "way",
        "id": 160042330,
        "tags": {
          "leisure": "pitch",
          "sport": "volleyball"
        },
        "nodes": [
          1721034647,
          1721034648,
          1721034642,
          1721034639,
          1721034647
        ]
      },
      "geometry": {
        "type": "Polygon",
        "coordinates": [
          [
            [
              7.6741664,
              45.7068624
            ],
            [
              7.6743983,
              45.7068965
            ],
            [
              7.6745043,
              45.7065448
            ],
            [
              7.6742723,
              45.7065107
            ],
            [
              7.6741664,
              45.7068624
            ]
          ]
        ]
      }
    },
    {
      "type": "Feature",
      "properties": {
        "type": "way",
        "id": 160042331,
        "tags": {
          "leisure": "pitch",
          "sport": "soccer",
          "surface": "grass"
        },
        "nodes": [
          1721034657,
          1721034663,
          1721034614,
          1721034613,
          1721034657
        ]
      },
      "geometry": {
        "type": "Polygon",
        "coordinates": [
          [
            [
              7.6729851,
              45.707002
            ],
            [
              7.6738521,
              45.7071342
            ],
            [
              7.6741549,
              45.7061655
            ],
            [
              7.6732879,
              45.7060334
            ],
            [
              7.6729851,
              45.707002
            ]
          ]
        ]
      }
    },
    {
      "type": "Feature",
      "properties": {
        "type": "way",
        "id": 160468281,
        "tags": {
          "leisure": "pitch",
          "sport": "tennis",
          "surface": "grass"
        },
        "nodes": [
          1725251265,
          1725251163,
          1725251183,
          1725251297,
          1725251265
        ]
      },
      "geometry": {
        "type": "Polygon",
        "coordinates": [
          [
            [
              7.6640056,
              45.6859395
            ],
            [
              7.6641665,
              45.6856304
            ],
            [
              7.6644058,
              45.6857011
            ],
            [
              7.6642334,
              45.6860304
            ],
            [
              7.6640056,
              45.6859395
            ]
          ]
        ]
      }
    },
    {
      "type": "Feature",
      "properties": {
        "type": "way",
        "id": 160525139,
        "tags": {
          "leisure": "pitch",
          "sport": "tennis",
          "surface": "grass"
        },
        "nodes": [
          1725788171,
          1725788181,
          1725788172,
          1725788160,
          1725788171
        ]
      },
      "geometry": {
        "type": "Polygon",
        "coordinates": [
          [
            [
              7.671125,
              45.6803225
            ],
            [
              7.6715873,
              45.6804899
            ],
            [
              7.6717079,
              45.6803273
            ],
            [
              7.6712455,
              45.68016
            ],
            [
              7.671125,
              45.6803225
            ]
          ]
        ]
      }
    },
    {
      "type": "Feature",
      "properties": {
        "type": "way",
        "id": 160525140,
        "tags": {
          "leisure": "pitch",
          "sport": "soccer",
          "surface": "grass"
        },
        "nodes": [
          1725788199,
          1725788205,
          1725788187,
          1725788175,
          1725788199
        ]
      },
      "geometry": {
        "type": "Polygon",
        "coordinates": [
          [
            [
              7.6705644,
              45.6812022
            ],
            [
              7.6712981,
              45.6814781
            ],
            [
              7.6719292,
              45.6806587
            ],
            [
              7.6711956,
              45.6803828
            ],
            [
              7.6705644,
              45.6812022
            ]
          ]
        ]
      }
    },
    {
      "type": "Feature",
      "properties": {
        "type": "way",
        "id": 160967303,
        "tags": {
          "leisure": "pitch",
          "source": "PCN 2006 Italia",
          "sport": "basketball",
          "surface": "grass"
        },
        "nodes": [
          1729339951,
          1729339721,
          1729339726,
          1729339952,
          1729339951
        ]
      },
      "geometry": {
        "type": "Polygon",
        "coordinates": [
          [
            [
              7.6942883,
              45.6651315
            ],
            [
              7.6943459,
              45.664778
            ],
            [
              7.694631,
              45.6648007
            ],
            [
              7.6945735,
              45.6651542
            ],
            [
              7.6942883,
              45.6651315
            ]
          ]
        ]
      }
    },
    {
      "type": "Feature",
      "properties": {
        "type": "way",
        "id": 160967308,
        "tags": {
          "leisure": "pitch",
          "source": "PCN 2006 Italia",
          "sport": "soccer",
          "surface": "grass"
        },
        "nodes": [
          1729340072,
          1729340116,
          1729339445,
          1729339359,
          1729340072
        ]
      },
      "geometry": {
        "type": "Polygon",
        "coordinates": [
          [
            [
              7.6933605,
              45.6654825
            ],
            [
              7.6941553,
              45.6655579
            ],
            [
              7.6943616,
              45.6644968
            ],
            [
              7.6935668,
              45.6644213
            ],
            [
              7.6933605,
              45.6654825
            ]
          ]
        ]
      }
    },
    {
      "type": "Feature",
      "properties": {
        "type": "way",
        "id": 161209194,
        "tags": {
          "leisure": "pitch",
          "sport": "tennis"
        },
        "nodes": [
          1731997579,
          1731997589,
          1731997551,
          1731997546,
          1731997579
        ]
      },
      "geometry": {
        "type": "Polygon",
        "coordinates": [
          [
            [
              7.6847276,
              45.6570216
            ],
            [
              7.6848999,
              45.6571224
            ],
            [
              7.6852098,
              45.6568638
            ],
            [
              7.6850376,
              45.656763
            ],
            [
              7.6847276,
              45.6570216
            ]
          ]
        ]
      }
    },
    {
      "type": "Feature",
      "properties": {
        "type": "way",
        "id": 161209196,
        "tags": {
          "leisure": "pitch",
          "sport": "volleyball"
        },
        "nodes": [
          1731997556,
          1731997577,
          1731997543,
          1731997532,
          1731997556
        ]
      },
      "geometry": {
        "type": "Polygon",
        "coordinates": [
          [
            [
              7.6845467,
              45.6569164
            ],
            [
              7.6847186,
              45.6570178
            ],
            [
              7.6850297,
              45.6567604
            ],
            [
              7.6848578,
              45.6566589
            ],
            [
              7.6845467,
              45.6569164
            ]
          ]
        ]
      }
    },
    {
      "type": "Feature",
      "properties": {
        "type": "way",
        "id": 161490602,
        "tags": {
          "leisure": "golf_course",
          "name": "Golf Club Courmayeur et Grandes Jorasses",
          "website": "https://www.golfcourmayeur.it/"
        },
        "nodes": [
          1734604579,
          1734604585,
          1734604587,
          1734604588,
          1734604590,
          1734604593,
          1734604609,
          1734604608,
          1734604610,
          1734604612,
          1734604614,
          1734604615,
          1734604616,
          1734604618,
          1734604619,
          1734604634,
          1734604638,
          1734604636,
          1734604639,
          1734604642,
          1734604641,
          1734604640,
          1734604635,
          1734604632,
          1734604617,
          1734604613,
          1734604611,
          1734604606,
          1734604595,
          1734604591,
          1734604589,
          1734604582,
          1734604581,
          1734604575,
          1734604579
        ]
      },
      "geometry": {
        "type": "Polygon",
        "coordinates": [
          [
            [
              6.997916,
              45.8338821
            ],
            [
              6.9970056,
              45.8345879
            ],
            [
              6.9969158,
              45.8348917
            ],
            [
              6.9975442,
              45.8350972
            ],
            [
              6.9982238,
              45.8353741
            ],
            [
              6.9990573,
              45.8360174
            ],
            [
              7.0006473,
              45.8367678
            ],
            [
              7.0011859,
              45.836741
            ],
            [
              7.0014423,
              45.8372413
            ],
            [
              7.001222,
              45.8375223
            ],
            [
              7.001468,
              45.8376344
            ],
            [
              7.001603,
              45.8377486
            ],
            [
              7.001941,
              45.8379815
            ],
            [
              7.0025613,
              45.8382635
            ],
            [
              7.003709,
              45.8390683
            ],
            [
              7.0043924,
              45.8392495
            ],
            [
              7.0065319,
              45.840181
            ],
            [
              7.0075645,
              45.8397696
            ],
            [
              7.0093214,
              45.8409185
            ],
            [
              7.0100382,
              45.8412575
            ],
            [
              7.0106548,
              45.8411798
            ],
            [
              7.0111451,
              45.8409987
            ],
            [
              7.0107848,
              45.8396609
            ],
            [
              7.0096891,
              45.8390813
            ],
            [
              7.0089945,
              45.8381963
            ],
            [
              7.0078245,
              45.8375959
            ],
            [
              7.0063016,
              45.8372414
            ],
            [
              7.0053916,
              45.8366203
            ],
            [
              7.0041659,
              45.836095
            ],
            [
              7.0030776,
              45.8355283
            ],
            [
              7.0021155,
              45.8351685
            ],
            [
              7.0008787,
              45.8343948
            ],
            [
              6.9999427,
              45.8341411
            ],
            [
              6.9984532,
              45.833797
            ],
            [
              6.997916,
              45.8338821
            ]
          ]
        ]
      }
    },
    {
      "type": "Feature",
      "properties": {
        "type": "way",
        "id": 161659796,
        "tags": {
          "leisure": "pitch",
          "name": "Aymavilles",
          "sport": "soccer"
        },
        "nodes": [
          1736285966,
          1736286148,
          5452244157,
          1736285855,
          1736285372,
          1736285966
        ]
      },
      "geometry": {
        "type": "Polygon",
        "coordinates": [
          [
            [
              7.2360002,
              45.7040044
            ],
            [
              7.2372317,
              45.7044581
            ],
            [
              7.2375955,
              45.7039764
            ],
            [
              7.2376444,
              45.7039117
            ],
            [
              7.2364129,
              45.7034581
            ],
            [
              7.2360002,
              45.7040044
            ]
          ]
        ]
      }
    },
    {
      "type": "Feature",
      "properties": {
        "type": "way",
        "id": 162024358,
        "tags": {
          "leisure": "sports_centre",
          "name": "Palestra Viale Volontari del Sangue"
        },
        "nodes": [
          1739684975,
          1739685057,
          1739684947,
          1739684865,
          1739684975
        ]
      },
      "geometry": {
        "type": "Polygon",
        "coordinates": [
          [
            [
              7.2928573,
              45.7335342
            ],
            [
              7.293149,
              45.7336953
            ],
            [
              7.293418,
              45.733458
            ],
            [
              7.2931262,
              45.7332969
            ],
            [
              7.2928573,
              45.7335342
            ]
          ]
        ]
      }
    },
    {
      "type": "Feature",
      "properties": {
        "type": "way",
        "id": 162181696,
        "tags": {
          "leisure": "sports_centre",
          "name": "Palestra Via Liconi",
          "name:fr": "Gymnase Rue Liconi"
        },
        "nodes": [
          1741154430,
          1741154444,
          1741154417,
          1741154403,
          1741154430
        ]
      },
      "geometry": {
        "type": "Polygon",
        "coordinates": [
          [
            [
              7.305985,
              45.7345564
            ],
            [
              7.306264,
              45.7345993
            ],
            [
              7.3062933,
              45.7345062
            ],
            [
              7.3060143,
              45.7344634
            ],
            [
              7.305985,
              45.7345564
            ]
          ]
        ]
      }
    },
    {
      "type": "Feature",
      "properties": {
        "type": "way",
        "id": 162181816,
        "tags": {
          "addr:street": "Via Lino Binel",
          "building": "yes",
          "leisure": "fitness_centre"
        },
        "nodes": [
          1741153814,
          1741153831,
          1741153708,
          1741153693,
          1741153814
        ]
      },
      "geometry": {
        "type": "Polygon",
        "coordinates": [
          [
            [
              7.3111718,
              45.7327378
            ],
            [
              7.3115418,
              45.7327942
            ],
            [
              7.311626,
              45.7325249
            ],
            [
              7.311256,
              45.7324686
            ],
            [
              7.3111718,
              45.7327378
            ]
          ]
        ]
      }
    },
    {
      "type": "Feature",
      "properties": {
        "type": "way",
        "id": 162619688,
        "tags": {
          "leisure": "sports_centre",
          "name": "Palestra Saint Roch"
        },
        "nodes": [
          1744793245,
          1744793252,
          1744793133,
          1744793122,
          1744793245
        ]
      },
      "geometry": {
        "type": "Polygon",
        "coordinates": [
          [
            [
              7.3339167,
              45.7398224
            ],
            [
              7.3342292,
              45.7398283
            ],
            [
              7.3342336,
              45.7397128
            ],
            [
              7.3339211,
              45.7397069
            ],
            [
              7.3339167,
              45.7398224
            ]
          ]
        ]
      }
    },
    {
      "type": "Feature",
      "properties": {
        "type": "way",
        "id": 162656786,
        "tags": {
          "leisure": "pitch",
          "source": "PCN 2006 Ita",
          "sport": "soccer",
          "surface": "grass"
        },
        "nodes": [
          1745155867,
          3587332499,
          1745155874,
          1745155866,
          1745155862,
          1745155867
        ]
      },
      "geometry": {
        "type": "Polygon",
        "coordinates": [
          [
            [
              7.7231594,
              45.6388713
            ],
            [
              7.7240209,
              45.6390687
            ],
            [
              7.7244428,
              45.6391653
            ],
            [
              7.7246654,
              45.6386903
            ],
            [
              7.723382,
              45.6383962
            ],
            [
              7.7231594,
              45.6388713
            ]
          ]
        ]
      }
    },
    {
      "type": "Feature",
      "properties": {
        "type": "way",
        "id": 162939519,
        "tags": {
          "leisure": "pitch",
          "sport": "soccer",
          "surface": "grass"
        },
        "nodes": [
          1747325401,
          4726093649,
          1747325410,
          4726093666,
          4726093675,
          1747325394,
          4715269388,
          1747325385,
          1747325401
        ]
      },
      "geometry": {
        "type": "Polygon",
        "coordinates": [
          [
            [
              7.7307893,
              45.6224358
            ],
            [
              7.7310644,
              45.6225273
            ],
            [
              7.7315383,
              45.6226848
            ],
            [
              7.7317385,
              45.6223903
            ],
            [
              7.7318838,
              45.6221765
            ],
            [
              7.7321018,
              45.6218558
            ],
            [
              7.7314068,
              45.6216247
            ],
            [
              7.7313528,
              45.6216068
            ],
            [
              7.7307893,
              45.6224358
            ]
          ]
        ]
      }
    },
    {
      "type": "Feature",
      "properties": {
        "type": "way",
        "id": 163033922,
        "tags": {
          "building": "yes",
          "leisure": "sports_centre",
          "name": "Quartiere Dora",
          "name:fr": "Quartier Doire"
        },
        "nodes": [
          1748061468,
          1748061469,
          1748061419,
          1748061417,
          1748061468
        ]
      },
      "geometry": {
        "type": "Polygon",
        "coordinates": [
          [
            [
              7.3428556,
              45.7376246
            ],
            [
              7.3433585,
              45.7376346
            ],
            [
              7.3433702,
              45.7373469
            ],
            [
              7.3428673,
              45.737337
            ],
            [
              7.3428556,
              45.7376246
            ]
          ]
        ]
      }
    },
    {
      "type": "Feature",
      "properties": {
        "type": "way",
        "id": 163316376,
        "tags": {
          "leisure": "pitch",
          "sport": "soccer"
        },
        "nodes": [
          1750345057,
          1750344841,
          1750344832,
          1750345052,
          1750345057
        ]
      },
      "geometry": {
        "type": "Polygon",
        "coordinates": [
          [
            [
              7.333752,
              45.7285744
            ],
            [
              7.333657,
              45.7281774
            ],
            [
              7.3339319,
              45.7281453
            ],
            [
              7.3340269,
              45.7285423
            ],
            [
              7.333752,
              45.7285744
            ]
          ]
        ]
      }
    },
    {
      "type": "Feature",
      "properties": {
        "type": "way",
        "id": 163316377,
        "tags": {
          "leisure": "pitch",
          "sport": "rugby_league"
        },
        "nodes": [
          1750345026,
          1750344615,
          1750344802,
          1750345170,
          1750345026
        ]
      },
      "geometry": {
        "type": "Polygon",
        "coordinates": [
          [
            [
              7.3335301,
              45.7284954
            ],
            [
              7.3333719,
              45.7279154
            ],
            [
              7.3319822,
              45.7281002
            ],
            [
              7.3321404,
              45.7286802
            ],
            [
              7.3335301,
              45.7284954
            ]
          ]
        ]
      }
    },
    {
      "type": "Feature",
      "properties": {
        "type": "way",
        "id": 163316380,
        "tags": {
          "leisure": "pitch",
          "sport": "tennis"
        },
        "nodes": [
          1750345034,
          1750345009,
          1750344801,
          1750344845,
          1750345034
        ]
      },
      "geometry": {
        "type": "Polygon",
        "coordinates": [
          [
            [
              7.3341467,
              45.7285133
            ],
            [
              7.3346752,
              45.7284449
            ],
            [
              7.3345853,
              45.7281066
            ],
            [
              7.3340568,
              45.728175
            ],
            [
              7.3341467,
              45.7285133
            ]
          ]
        ]
      }
    },
    {
      "type": "Feature",
      "properties": {
        "type": "way",
        "id": 163316383,
        "tags": {
          "leisure": "pitch",
          "sport": "soccer"
        },
        "nodes": [
          1750344764,
          5452061135,
          1750345319,
          1750345274,
          1750345165,
          1750344598,
          1750344764
        ]
      },
      "geometry": {
        "type": "Polygon",
        "coordinates": [
          [
            [
              7.3311156,
              45.7280115
            ],
            [
              7.3311424,
              45.728077
            ],
            [
              7.3314956,
              45.7288883
            ],
            [
              7.3321474,
              45.7288247
            ],
            [
              7.3321147,
              45.7286764
            ],
            [
              7.3318913,
              45.7278829
            ],
            [
              7.3311156,
              45.7280115
            ]
          ]
        ]
      }
    },
    {
      "type": "Feature",
      "properties": {
        "type": "way",
        "id": 163785773,
        "tags": {
          "leisure": "swimming_pool"
        },
        "nodes": [
          1754631948,
          1754631878,
          1754631886,
          1754631956,
          1754631948
        ]
      },
      "geometry": {
        "type": "Polygon",
        "coordinates": [
          [
            [
              7.7569819,
              45.5999909
            ],
            [
              7.7569584,
              45.5998982
            ],
            [
              7.7568772,
              45.5999083
            ],
            [
              7.7569008,
              45.600001
            ],
            [
              7.7569819,
              45.5999909
            ]
          ]
        ]
      }
    },
    {
      "type": "Feature",
      "properties": {
        "type": "way",
        "id": 163990280,
        "tags": {
          "leisure": "swimming_pool"
        },
        "nodes": [
          1756539460,
          1756539459,
          1756539423,
          1756539425,
          1756539460
        ]
      },
      "geometry": {
        "type": "Polygon",
        "coordinates": [
          [
            [
              7.7673509,
              45.605766
            ],
            [
              7.7674214,
              45.6057655
            ],
            [
              7.7674199,
              45.6056699
            ],
            [
              7.7673494,
              45.6056704
            ],
            [
              7.7673509,
              45.605766
            ]
          ]
        ]
      }
    },
    {
      "type": "Feature",
      "properties": {
        "type": "way",
        "id": 164228842,
        "tags": {
          "leisure": "pitch",
          "sport": "soccer"
        },
        "nodes": [
          1758779491,
          1758779494,
          1758779481,
          1758779477,
          1758779491
        ]
      },
      "geometry": {
        "type": "Polygon",
        "coordinates": [
          [
            [
              7.438904,
              45.7379729
            ],
            [
              7.4402605,
              45.7380841
            ],
            [
              7.4403626,
              45.7375623
            ],
            [
              7.4389898,
              45.737434
            ],
            [
              7.438904,
              45.7379729
            ]
          ]
        ]
      }
    },
    {
      "type": "Feature",
      "properties": {
        "type": "way",
        "id": 164255722,
        "tags": {
          "building": "yes",
          "leisure": "fitness_centre",
          "name": "Palestra delle Scuole"
        },
        "nodes": [
          1759061481,
          1759061314,
          1759061271,
          1759061439,
          1759061481
        ]
      },
      "geometry": {
        "type": "Polygon",
        "coordinates": [
          [
            [
              7.4651628,
              45.7407651
            ],
            [
              7.4655134,
              45.7404432
            ],
            [
              7.4653336,
              45.7403479
            ],
            [
              7.4649831,
              45.7406698
            ],
            [
              7.4651628,
              45.7407651
            ]
          ]
        ]
      }
    },
    {
      "type": "Feature",
      "properties": {
        "type": "way",
        "id": 164255926,
        "tags": {
          "addr:city": "Saint-Marcel",
          "addr:postcode": "11020",
          "building": "yes",
          "leisure": "fitness_centre",
          "name": "Sala ginnico-ricreativa"
        },
        "nodes": [
          1759058706,
          4982574237,
          4982574238,
          1759058708,
          1759058683,
          1759058681,
          1759058706
        ]
      },
      "geometry": {
        "type": "Polygon",
        "coordinates": [
          [
            [
              7.4472114,
              45.730233
            ],
            [
              7.4474025,
              45.7302392
            ],
            [
              7.4474871,
              45.7302419
            ],
            [
              7.4475438,
              45.7302437
            ],
            [
              7.4475571,
              45.7300428
            ],
            [
              7.4472248,
              45.7300321
            ],
            [
              7.4472114,
              45.730233
            ]
          ]
        ]
      }
    },
    {
      "type": "Feature",
      "properties": {
        "type": "way",
        "id": 164512659,
        "tags": {
          "leisure": "swimming_pool"
        },
        "nodes": [
          1761441902,
          1761441900,
          1761441872,
          1761441886,
          1761441902
        ]
      },
      "geometry": {
        "type": "Polygon",
        "coordinates": [
          [
            [
              7.7710437,
              45.6057365
            ],
            [
              7.7711678,
              45.6057352
            ],
            [
              7.7711706,
              45.6056935
            ],
            [
              7.7710447,
              45.6056941
            ],
            [
              7.7710437,
              45.6057365
            ]
          ]
        ]
      }
    },
    {
      "type": "Feature",
      "properties": {
        "type": "way",
        "id": 164671769,
        "tags": {
          "leisure": "sports_centre"
        },
        "nodes": [
          1762885504,
          12195281364,
          12195281370,
          1762885374,
          1762885341,
          1762885199,
          1762885189,
          1762885231,
          1762885214,
          1762885261,
          3633016371,
          1762885292,
          1762885342,
          1762885351,
          1762885400,
          1762885411,
          1762885444,
          1762885500,
          1762885502,
          1762885506,
          1762885507,
          1762885504
        ]
      },
      "geometry": {
        "type": "Polygon",
        "coordinates": [
          [
            [
              7.7811851,
              45.5997659
            ],
            [
              7.7808496,
              45.5994105
            ],
            [
              7.7808196,
              45.5993787
            ],
            [
              7.7806738,
              45.5992243
            ],
            [
              7.7806188,
              45.598972
            ],
            [
              7.782064,
              45.5984738
            ],
            [
              7.7823366,
              45.5983822
            ],
            [
              7.782681,
              45.598564
            ],
            [
              7.7827486,
              45.5985078
            ],
            [
              7.7831775,
              45.5986852
            ],
            [
              7.78328,
              45.5987444
            ],
            [
              7.7835283,
              45.5988878
            ],
            [
              7.7834332,
              45.5989779
            ],
            [
              7.7833106,
              45.5991154
            ],
            [
              7.7830613,
              45.5992159
            ],
            [
              7.7831055,
              45.5992812
            ],
            [
              7.7825923,
              45.5994599
            ],
            [
              7.7817094,
              45.5997468
            ],
            [
              7.7816651,
              45.5997615
            ],
            [
              7.7815675,
              45.5997725
            ],
            [
              7.781277,
              45.5997858
            ],
            [
              7.7811851,
              45.5997659
            ]
          ]
        ]
      }
    },
    {
      "type": "Feature",
      "properties": {
        "type": "way",
        "id": 165262221,
        "tags": {
          "leisure": "pitch",
          "sport": "soccer"
        },
        "nodes": [
          1768172775,
          1768172808,
          1768172675,
          1768172655,
          1768172775
        ]
      },
      "geometry": {
        "type": "Polygon",
        "coordinates": [
          [
            [
              7.604827,
              45.7466636
            ],
            [
              7.6062237,
              45.746775
            ],
            [
              7.6063312,
              45.7461559
            ],
            [
              7.6049007,
              45.7460295
            ],
            [
              7.604827,
              45.7466636
            ]
          ]
        ]
      }
    },
    {
      "type": "Feature",
      "properties": {
        "type": "way",
        "id": 165275165,
        "tags": {
          "covered": "yes",
          "leisure": "pitch",
          "sport": "tennis"
        },
        "nodes": [
          1768308471,
          1768308491,
          1768308486,
          1768308455,
          1768308471
        ]
      },
      "geometry": {
        "type": "Polygon",
        "coordinates": [
          [
            [
              7.7986143,
              45.597968
            ],
            [
              7.7988447,
              45.5982277
            ],
            [
              7.799051,
              45.598146
            ],
            [
              7.7988095,
              45.597875
            ],
            [
              7.7986143,
              45.597968
            ]
          ]
        ]
      }
    },
    {
      "type": "Feature",
      "properties": {
        "type": "way",
        "id": 165275239,
        "tags": {
          "leisure": "pitch",
          "lit": "yes",
          "sport": "tennis",
          "surface": "clay"
        },
        "nodes": [
          1768308452,
          1768308485,
          1768308480,
          1768308441,
          1768308452
        ]
      },
      "geometry": {
        "type": "Polygon",
        "coordinates": [
          [
            [
              7.7988223,
              45.5978639
            ],
            [
              7.7990606,
              45.5981348
            ],
            [
              7.7992593,
              45.5980492
            ],
            [
              7.799021,
              45.5977783
            ],
            [
              7.7988223,
              45.5978639
            ]
          ]
        ]
      }
    },
    {
      "type": "Feature",
      "properties": {
        "type": "way",
        "id": 166437988,
        "tags": {
          "leisure": "pitch",
          "sport": "tennis"
        },
        "nodes": [
          1778849558,
          1778849535,
          1778849462,
          1778849487,
          1778849558
        ]
      },
      "geometry": {
        "type": "Polygon",
        "coordinates": [
          [
            [
              7.6320563,
              45.9334806
            ],
            [
              7.6322108,
              45.9333921
            ],
            [
              7.6318962,
              45.9331265
            ],
            [
              7.6317417,
              45.933215
            ],
            [
              7.6320563,
              45.9334806
            ]
          ]
        ]
      }
    },
    {
      "type": "Feature",
      "properties": {
        "type": "way",
        "id": 166438457,
        "tags": {
          "leisure": "pitch",
          "sport": "tennis",
          "surface": "grass"
        },
        "nodes": [
          1778855493,
          1778855506,
          1778855494,
          1778855478,
          1778855493
        ]
      },
      "geometry": {
        "type": "Polygon",
        "coordinates": [
          [
            [
              7.6287439,
              45.9387992
            ],
            [
              7.6290929,
              45.9389274
            ],
            [
              7.6291831,
              45.9388087
            ],
            [
              7.6287932,
              45.9386594
            ],
            [
              7.6287439,
              45.9387992
            ]
          ]
        ]
      }
    },
    {
      "type": "Feature",
      "properties": {
        "type": "way",
        "id": 166438459,
        "tags": {
          "leisure": "pitch",
          "sport": "tennis",
          "surface": "grass"
        },
        "nodes": [
          1778855488,
          1778855491,
          1778855439,
          1778855433,
          1778855488
        ]
      },
      "geometry": {
        "type": "Polygon",
        "coordinates": [
          [
            [
              7.6284989,
              45.9387461
            ],
            [
              7.6287362,
              45.9387837
            ],
            [
              7.6288416,
              45.9384622
            ],
            [
              7.6286042,
              45.9384245
            ],
            [
              7.6284989,
              45.9387461
            ]
          ]
        ]
      }
    },
    {
      "type": "Feature",
      "properties": {
        "type": "way",
        "id": 167032946,
        "tags": {
          "leisure": "pitch",
          "sport": "tennis"
        },
        "nodes": [
          1784382567,
          1784382569,
          1784382516,
          1784382515,
          1784382567
        ]
      },
      "geometry": {
        "type": "Polygon",
        "coordinates": [
          [
            [
              7.6328086,
              45.9294568
            ],
            [
              7.6330523,
              45.9294523
            ],
            [
              7.6330402,
              45.9291292
            ],
            [
              7.6327964,
              45.9291337
            ],
            [
              7.6328086,
              45.9294568
            ]
          ]
        ]
      }
    },
    {
      "type": "Feature",
      "properties": {
        "type": "way",
        "id": 167032947,
        "tags": {
          "area": "yes",
          "leisure": "ice_rink",
          "piste:type": "ice_skate"
        },
        "nodes": [
          1784382548,
          1784382542,
          1784382564,
          1784382575,
          1784382548
        ]
      },
      "geometry": {
        "type": "Polygon",
        "coordinates": [
          [
            [
              7.6296567,
              45.9293806
            ],
            [
              7.6299375,
              45.9293411
            ],
            [
              7.6299739,
              45.9294575
            ],
            [
              7.62969,
              45.9294996
            ],
            [
              7.6296567,
              45.9293806
            ]
          ]
        ]
      }
    },
    {
      "type": "Feature",
      "properties": {
        "type": "way",
        "id": 167032948,
        "tags": {
          "leisure": "pitch",
          "sport": "padel"
        },
        "nodes": [
          1784382531,
          1784382526,
          1784382504,
          1784382506,
          1784382531
        ]
      },
      "geometry": {
        "type": "Polygon",
        "coordinates": [
          [
            [
              7.6298201,
              45.929274
            ],
            [
              7.6299624,
              45.9292592
            ],
            [
              7.6299112,
              45.929045
            ],
            [
              7.629765,
              45.929064
            ],
            [
              7.6298201,
              45.929274
            ]
          ]
        ]
      }
    },
    {
      "type": "Feature",
      "properties": {
        "type": "way",
        "id": 167032949,
        "tags": {
          "leisure": "pitch",
          "sport": "padel"
        },
        "nodes": [
          1784382534,
          1784382533,
          1784382507,
          1784382510,
          1784382534
        ]
      },
      "geometry": {
        "type": "Polygon",
        "coordinates": [
          [
            [
              7.6295827,
              45.9292971
            ],
            [
              7.6297281,
              45.9292792
            ],
            [
              7.6296739,
              45.9290681
            ],
            [
              7.6295277,
              45.9290871
            ],
            [
              7.6295827,
              45.9292971
            ]
          ]
        ]
      }
    },
    {
      "type": "Feature",
      "properties": {
        "type": "way",
        "id": 167035139,
        "tags": {
          "leisure": "pitch",
          "sport": "soccer"
        },
        "nodes": [
          1784398229,
          1784398235,
          1784398151,
          1784398120,
          1784398229
        ]
      },
      "geometry": {
        "type": "Polygon",
        "coordinates": [
          [
            [
              7.6302857,
              45.9294791
            ],
            [
              7.6306218,
              45.9295489
            ],
            [
              7.6307899,
              45.9291572
            ],
            [
              7.6304538,
              45.9290874
            ],
            [
              7.6302857,
              45.9294791
            ]
          ]
        ]
      }
    },
    {
      "type": "Feature",
      "properties": {
        "type": "way",
        "id": 168502857,
        "tags": {
          "leisure": "pitch",
          "name": "Campo Tennis",
          "sport": "tennis",
          "surface": "grass"
        },
        "nodes": [
          1797602518,
          1797602529,
          1797602525,
          1797602493,
          1797602483,
          1797602518
        ]
      },
      "geometry": {
        "type": "Polygon",
        "coordinates": [
          [
            [
              7.6240473,
              45.8756075
            ],
            [
              7.6241621,
              45.8756338
            ],
            [
              7.6242953,
              45.8756642
            ],
            [
              7.6244546,
              45.8753262
            ],
            [
              7.6242066,
              45.8752695
            ],
            [
              7.6240473,
              45.8756075
            ]
          ]
        ]
      }
    },
    {
      "type": "Feature",
      "properties": {
        "type": "way",
        "id": 168502859,
        "tags": {
          "leisure": "pitch",
          "sport": "bowls"
        },
        "nodes": [
          1797602450,
          1797602455,
          1797602452,
          1797602447,
          1797602450
        ]
      },
      "geometry": {
        "type": "Polygon",
        "coordinates": [
          [
            [
              7.6234606,
              45.8749419
            ],
            [
              7.6235154,
              45.8750459
            ],
            [
              7.6238019,
              45.8749728
            ],
            [
              7.6237472,
              45.8748688
            ],
            [
              7.6234606,
              45.8749419
            ]
          ]
        ]
      }
    },
    {
      "type": "Feature",
      "properties": {
        "type": "way",
        "id": 169071550,
        "tags": {
          "leisure": "pitch",
          "sport": "soccer"
        },
        "nodes": [
          1802438593,
          1802438626,
          1802438605,
          1802438568,
          1802438593
        ]
      },
      "geometry": {
        "type": "Polygon",
        "coordinates": [
          [
            [
              7.6182057,
              45.8692288
            ],
            [
              7.6185614,
              45.8695963
            ],
            [
              7.6189005,
              45.8694371
            ],
            [
              7.6185448,
              45.8690697
            ],
            [
              7.6182057,
              45.8692288
            ]
          ]
        ]
      }
    },
    {
      "type": "Feature",
      "properties": {
        "type": "way",
        "id": 169108095,
        "tags": {
          "leisure": "pitch",
          "sport": "tennis"
        },
        "nodes": [
          1802804465,
          1802804504,
          1802804456,
          1802804445,
          1802804465
        ]
      },
      "geometry": {
        "type": "Polygon",
        "coordinates": [
          [
            [
              7.6148613,
              45.8653073
            ],
            [
              7.6149778,
              45.8654566
            ],
            [
              7.6153978,
              45.8652977
            ],
            [
              7.6152813,
              45.8651484
            ],
            [
              7.6148613,
              45.8653073
            ]
          ]
        ]
      }
    },
    {
      "type": "Feature",
      "properties": {
        "type": "way",
        "id": 169108099,
        "tags": {
          "leisure": "swimming_pool"
        },
        "nodes": [
          1802804520,
          1802804546,
          1802804519,
          1802804513,
          1802804520
        ]
      },
      "geometry": {
        "type": "Polygon",
        "coordinates": [
          [
            [
              7.6150817,
              45.8656204
            ],
            [
              7.6151083,
              45.8656553
            ],
            [
              7.6152154,
              45.8656158
            ],
            [
              7.6151888,
              45.8655809
            ],
            [
              7.6150817,
              45.8656204
            ]
          ]
        ]
      }
    },
    {
      "type": "Feature",
      "properties": {
        "type": "way",
        "id": 169197994,
        "tags": {
          "leisure": "pitch",
          "sport": "tennis"
        },
        "nodes": [
          1803605903,
          1803605926,
          1803605904,
          1803605894,
          1803605903
        ]
      },
      "geometry": {
        "type": "Polygon",
        "coordinates": [
          [
            [
              7.6025763,
              45.8334177
            ],
            [
              7.6028647,
              45.8335625
            ],
            [
              7.6029851,
              45.8334461
            ],
            [
              7.6026967,
              45.8333013
            ],
            [
              7.6025763,
              45.8334177
            ]
          ]
        ]
      }
    },
    {
      "type": "Feature",
      "properties": {
        "type": "way",
        "id": 169341071,
        "tags": {
          "area": "yes",
          "leisure": "pitch",
          "sport": "bowls"
        },
        "nodes": [
          1805104678,
          1805104679,
          1805104668,
          1805104663,
          1805104678
        ]
      },
      "geometry": {
        "type": "Polygon",
        "coordinates": [
          [
            [
              7.6191341,
              45.8111539
            ],
            [
              7.6192311,
              45.8111832
            ],
            [
              7.6193838,
              45.8109379
            ],
            [
              7.6192868,
              45.8109085
            ],
            [
              7.6191341,
              45.8111539
            ]
          ]
        ]
      }
    },
    {
      "type": "Feature",
      "properties": {
        "type": "way",
        "id": 169341072,
        "tags": {
          "area": "yes",
          "leisure": "pitch",
          "sport": "tennis"
        },
        "nodes": [
          1805104680,
          1805104686,
          1805104676,
          1805104662,
          1805104680
        ]
      },
      "geometry": {
        "type": "Polygon",
        "coordinates": [
          [
            [
              7.6192478,
              45.8111908
            ],
            [
              7.6194797,
              45.8112596
            ],
            [
              7.6196666,
              45.8109534
            ],
            [
              7.6194348,
              45.8108846
            ],
            [
              7.6192478,
              45.8111908
            ]
          ]
        ]
      }
    },
    {
      "type": "Feature",
      "properties": {
        "type": "way",
        "id": 169541462,
        "tags": {
          "access": "designated",
          "area": "no",
          "highway": "cycleway",
          "leisure": "track",
          "name": "Pista di Rapy",
          "skiroll": "designed",
          "sport": "skyroll"
        },
        "nodes": [
          1807028308,
          1807028295,
          10044735497,
          10044735496,
          1807028294,
          10044735495,
          1807028302,
          1807028324,
          1807028312,
          1807028304,
          1807028274,
          1807028265,
          1807028211,
          10044735491,
          1807028216,
          10044735490,
          1807028251,
          10044735492,
          1807028272,
          1807028291,
          1807028298,
          10044735494,
          1807028330,
          1807028344,
          10044735493,
          1807028375,
          1807028383,
          1807028405,
          1807028412,
          1807028407,
          1807028384,
          1807028348,
          1807028326,
          1807028290,
          1807028269,
          1807028224,
          1807028198,
          1807028174,
          1807028129,
          1807028125,
          1807028196,
          1807028248,
          1807028301,
          1807028335,
          1807028342,
          1807028360,
          1807028380,
          1807028419,
          1807028439,
          1807028470,
          2738532030,
          1807028523,
          1807028852,
          1807029012,
          1807029066,
          1807029119,
          1807029142,
          1807029118,
          1807029085,
          1807029067,
          1807029055,
          1807029034,
          1807028951,
          1807028867,
          1807028839,
          1807028829,
          1807028775,
          1807028745,
          1807028737,
          1807028751,
          1807028781,
          1807028837,
          1807028903,
          1807028928,
          1807028926,
          1807028881,
          1807028757,
          1807028687,
          1807028653,
          1807028639,
          1807028712,
          1807028715,
          1807028648,
          1807028548
        ]
      },
      "geometry": {
        "type": "LineString",
        "coordinates": [
          [
            7.5439453,
            45.7599788
          ],
          [
            7.5438331,
            45.7598916
          ],
          [
            7.5437933,
            45.7598774
          ],
          [
            7.5437343,
            45.7598699
          ],
          [
            7.5436548,
            45.7598823
          ],
          [
            7.5435854,
            45.7599073
          ],
          [
            7.5435275,
            45.7599576
          ],
          [
            7.5434455,
            45.7600056
          ],
          [
            7.5433161,
            45.7600003
          ],
          [
            7.5432222,
            45.7599349
          ],
          [
            7.5431715,
            45.7597791
          ],
          [
            7.5430629,
            45.7596953
          ],
          [
            7.5425981,
            45.7595083
          ],
          [
            7.5425206,
            45.7595153
          ],
          [
            7.5424611,
            45.7595366
          ],
          [
            7.5424187,
            45.7595845
          ],
          [
            7.5424057,
            45.7596332
          ],
          [
            7.54242,
            45.7596772
          ],
          [
            7.5424814,
            45.7597313
          ],
          [
            7.5429,
            45.7598322
          ],
          [
            7.5430319,
            45.7598959
          ],
          [
            7.5430799,
            45.759956
          ],
          [
            7.5430903,
            45.7600216
          ],
          [
            7.5430928,
            45.7602375
          ],
          [
            7.5430772,
            45.7603172
          ],
          [
            7.5430327,
            45.7603871
          ],
          [
            7.5429584,
            45.7604198
          ],
          [
            7.5424637,
            45.7605331
          ],
          [
            7.5422463,
            45.7605727
          ],
          [
            7.5420905,
            45.7605381
          ],
          [
            7.5420273,
            45.7604287
          ],
          [
            7.5419969,
            45.7602411
          ],
          [
            7.5419258,
            45.7600145
          ],
          [
            7.5418446,
            45.7598145
          ],
          [
            7.5417482,
            45.7596835
          ],
          [
            7.541733,
            45.7595685
          ],
          [
            7.5417457,
            45.759441
          ],
          [
            7.5416163,
            45.7593295
          ],
          [
            7.5412611,
            45.759234
          ],
          [
            7.5409973,
            45.7592127
          ],
          [
            7.5404468,
            45.7594375
          ],
          [
            7.5400612,
            45.7596198
          ],
          [
            7.5397111,
            45.7599278
          ],
          [
            7.5394929,
            45.7600764
          ],
          [
            7.5391327,
            45.7602092
          ],
          [
            7.539021,
            45.7602818
          ],
          [
            7.5389779,
            45.7603933
          ],
          [
            7.539021,
            45.7606711
          ],
          [
            7.5389475,
            45.7607897
          ],
          [
            7.5387978,
            45.7609649
          ],
          [
            7.5387431,
            45.7610909
          ],
          [
            7.5387392,
            45.761264
          ],
          [
            7.5387521,
            45.7617791
          ],
          [
            7.5388916,
            45.7620056
          ],
          [
            7.5392417,
            45.7621366
          ],
          [
            7.5396527,
            45.7622463
          ],
          [
            7.5399622,
            45.7622977
          ],
          [
            7.5402692,
            45.7622446
          ],
          [
            7.5405407,
            45.7621685
          ],
          [
            7.5408527,
            45.7621366
          ],
          [
            7.5411647,
            45.7621278
          ],
          [
            7.5414184,
            45.7620463
          ],
          [
            7.5414945,
            45.7619313
          ],
          [
            7.541426,
            45.7617986
          ],
          [
            7.5412409,
            45.7617437
          ],
          [
            7.5410176,
            45.761726
          ],
          [
            7.5406447,
            45.7615632
          ],
          [
            7.5403123,
            45.7615083
          ],
          [
            7.5398811,
            45.7614977
          ],
          [
            7.5396502,
            45.7615101
          ],
          [
            7.5395259,
            45.7615826
          ],
          [
            7.5394726,
            45.7617402
          ],
          [
            7.5394193,
            45.7618534
          ],
          [
            7.5393153,
            45.7618888
          ],
          [
            7.5392265,
            45.7618853
          ],
          [
            7.5391479,
            45.761818
          ],
          [
            7.5390337,
            45.7615313
          ],
          [
            7.539087,
            45.7614039
          ],
          [
            7.5391834,
            45.7613561
          ],
          [
            7.5393204,
            45.7613295
          ],
          [
            7.5400155,
            45.7614322
          ],
          [
            7.5404671,
            45.761434
          ],
          [
            7.540939,
            45.7613526
          ],
          [
            7.5414743,
            45.7611986
          ]
        ]
      }
    },
    {
      "type": "Feature",
      "properties": {
        "type": "way",
        "id": 169541788,
        "tags": {
          "leisure": "pitch",
          "sport": "tennis"
        },
        "nodes": [
          1807028257,
          1807028263,
          1807028175,
          1807028170,
          1807028257
        ]
      },
      "geometry": {
        "type": "Polygon",
        "coordinates": [
          [
            [
              7.5418168,
              45.7596602
            ],
            [
              7.5422687,
              45.7596732
            ],
            [
              7.5422947,
              45.759345
            ],
            [
              7.5418416,
              45.7593303
            ],
            [
              7.5418168,
              45.7596602
            ]
          ]
        ]
      }
    },
    {
      "type": "Feature",
      "properties": {
        "type": "way",
        "id": 170083855,
        "tags": {
          "leisure": "pitch",
          "name": "Campo da Calcetto",
          "sport": "soccer"
        },
        "nodes": [
          1812342071,
          1812342092,
          1812342081,
          1812342061,
          1812342071
        ]
      },
      "geometry": {
        "type": "Polygon",
        "coordinates": [
          [
            [
              7.4845435,
              45.736512
            ],
            [
              7.484867,
              45.7366831
            ],
            [
              7.4849948,
              45.736563
            ],
            [
              7.4846792,
              45.73639
            ],
            [
              7.4845435,
              45.736512
            ]
          ]
        ]
      }
    },
    {
      "type": "Feature",
      "properties": {
        "type": "way",
        "id": 170083859,
        "tags": {
          "leisure": "pitch",
          "name": "Campo di calcio comunale",
          "sport": "soccer",
          "surface": "grass"
        },
        "nodes": [
          1812342184,
          1812342095,
          1766721635,
          1812342104,
          1812342184
        ]
      },
      "geometry": {
        "type": "Polygon",
        "coordinates": [
          [
            [
              7.4847626,
              45.7373167
            ],
            [
              7.4836553,
              45.736753
            ],
            [
              7.4840597,
              45.7363771
            ],
            [
              7.4851513,
              45.7369635
            ],
            [
              7.4847626,
              45.7373167
            ]
          ]
        ]
      }
    },
    {
      "type": "Feature",
      "properties": {
        "type": "way",
        "id": 170083862,
        "tags": {
          "leisure": "pitch",
          "name": "Campo da bocce",
          "sport": "boules",
          "surface": "sand"
        },
        "nodes": [
          1812342137,
          1812342182,
          1812342146,
          1812342122,
          1812342137
        ]
      },
      "geometry": {
        "type": "Polygon",
        "coordinates": [
          [
            [
              7.4840349,
              45.737131
            ],
            [
              7.4843244,
              45.7372748
            ],
            [
              7.4844288,
              45.7371747
            ],
            [
              7.484134,
              45.7370217
            ],
            [
              7.4840349,
              45.737131
            ]
          ]
        ]
      }
    },
    {
      "type": "Feature",
      "properties": {
        "type": "way",
        "id": 170669127,
        "tags": {
          "leisure": "pitch",
          "lit": "yes",
          "sport": "tennis",
          "surface": "tartan"
        },
        "nodes": [
          1818268193,
          1818268188,
          1818268189,
          1818268194,
          1818268193
        ]
      },
      "geometry": {
        "type": "Polygon",
        "coordinates": [
          [
            [
              7.1672446,
              45.7153271
            ],
            [
              7.1673211,
              45.7150068
            ],
            [
              7.1675564,
              45.7150341
            ],
            [
              7.1674799,
              45.7153545
            ],
            [
              7.1672446,
              45.7153271
            ]
          ]
        ]
      }
    },
    {
      "type": "Feature",
      "properties": {
        "type": "way",
        "id": 170669128,
        "tags": {
          "leisure": "pitch",
          "lit": "yes",
          "soccer": "five_a_side",
          "sport": "soccer",
          "surface": "tartan"
        },
        "nodes": [
          1818268192,
          1818268191,
          1818268186,
          1818268187,
          1818268192
        ]
      },
      "geometry": {
        "type": "Polygon",
        "coordinates": [
          [
            [
              7.1671342,
              45.7153158
            ],
            [
              7.1669088,
              45.7152855
            ],
            [
              7.1669948,
              45.7149737
            ],
            [
              7.1672202,
              45.715004
            ],
            [
              7.1671342,
              45.7153158
            ]
          ]
        ]
      }
    },
    {
      "type": "Feature",
      "properties": {
        "type": "way",
        "id": 171322636,
        "tags": {
          "leisure": "sports_centre",
          "man_made": "tower",
          "name": "Palestra di arrampicata",
          "sport": "climbing",
          "tower:type": "climbing"
        },
        "nodes": [
          1823721642,
          1823721643,
          4212440622,
          4212440621,
          1823721641,
          1823721639,
          1823721642
        ]
      },
      "geometry": {
        "type": "Polygon",
        "coordinates": [
          [
            [
              7.5910711,
              45.8130734
            ],
            [
              7.5911653,
              45.8131285
            ],
            [
              7.5911932,
              45.8131053
            ],
            [
              7.5911341,
              45.8130708
            ],
            [
              7.5911987,
              45.8130171
            ],
            [
              7.5911635,
              45.8129965
            ],
            [
              7.5910711,
              45.8130734
            ]
          ]
        ]
      }
    },
    {
      "type": "Feature",
      "properties": {
        "type": "way",
        "id": 171322738,
        "tags": {
          "leisure": "pitch",
          "lit": "yes",
          "sport": "tennis",
          "surface": "grass"
        },
        "nodes": [
          1823721555,
          1823721553,
          1823721529,
          1823721531,
          1823721555
        ]
      },
      "geometry": {
        "type": "Polygon",
        "coordinates": [
          [
            [
              7.5879167,
              45.8072089
            ],
            [
              7.5881467,
              45.8071952
            ],
            [
              7.5881069,
              45.8068714
            ],
            [
              7.587877,
              45.8068852
            ],
            [
              7.5879167,
              45.8072089
            ]
          ]
        ]
      }
    },
    {
      "type": "Feature",
      "properties": {
        "type": "way",
        "id": 171381428,
        "tags": {
          "leisure": "pitch",
          "sport": "tennis"
        },
        "nodes": [
          1824129526,
          1824129525,
          1824129520,
          1824129521,
          1824129526
        ]
      },
      "geometry": {
        "type": "Polygon",
        "coordinates": [
          [
            [
              7.5850131,
              45.8003256
            ],
            [
              7.5851852,
              45.8002705
            ],
            [
              7.5850201,
              45.8000198
            ],
            [
              7.5848479,
              45.8000749
            ],
            [
              7.5850131,
              45.8003256
            ]
          ]
        ]
      }
    },
    {
      "type": "Feature",
      "properties": {
        "type": "way",
        "id": 171921501,
        "tags": {
          "access": "yes",
          "covered": "no",
          "leisure": "swimming_pool",
          "location": "outdoor",
          "sport": "swimming",
          "swimming_pool": "inground"
        },
        "nodes": [
          1828802360,
          1828802328,
          1828802312,
          1828802333,
          1828802360
        ]
      },
      "geometry": {
        "type": "Polygon",
        "coordinates": [
          [
            [
              7.2014323,
              45.7001898
            ],
            [
              7.2015286,
              45.7001252
            ],
            [
              7.2017491,
              45.7002854
            ],
            [
              7.2016527,
              45.7003501
            ],
            [
              7.2014323,
              45.7001898
            ]
          ]
        ]
      }
    },
    {
      "type": "Feature",
      "properties": {
        "type": "way",
        "id": 172691456,
        "tags": {
          "leisure": "pitch",
          "sport": "tennis"
        },
        "nodes": [
          1835703651,
          1835703654,
          1835703628,
          1835703625,
          1835703651
        ]
      },
      "geometry": {
        "type": "Polygon",
        "coordinates": [
          [
            [
              7.5682577,
              45.8039752
            ],
            [
              7.5683937,
              45.8039851
            ],
            [
              7.5684245,
              45.803778
            ],
            [
              7.5682884,
              45.8037682
            ],
            [
              7.5682577,
              45.8039752
            ]
          ]
        ]
      }
    },
    {
      "type": "Feature",
      "properties": {
        "type": "way",
        "id": 172698460,
        "tags": {
          "leisure": "pitch",
          "name": "campo da calcio a 5",
          "sport": "soccer"
        },
        "nodes": [
          1835769619,
          1835769671,
          1835769653,
          1835769601,
          1835769619
        ]
      },
      "geometry": {
        "type": "Polygon",
        "coordinates": [
          [
            [
              7.5655231,
              45.8012309
            ],
            [
              7.5658433,
              45.8014853
            ],
            [
              7.5660379,
              45.8013755
            ],
            [
              7.5657177,
              45.8011139
            ],
            [
              7.5655231,
              45.8012309
            ]
          ]
        ]
      }
    },
    {
      "type": "Feature",
      "properties": {
        "type": "way",
        "id": 172698462,
        "tags": {
          "leisure": "pitch",
          "name": "campo da bocce",
          "sport": "boules"
        },
        "nodes": [
          1835769747,
          1835769743,
          1835769709,
          1835769711,
          1835769747
        ]
      },
      "geometry": {
        "type": "Polygon",
        "coordinates": [
          [
            [
              7.5665411,
              45.8018702
            ],
            [
              7.5667038,
              45.8018571
            ],
            [
              7.5666615,
              45.8016017
            ],
            [
              7.5664988,
              45.8016148
            ],
            [
              7.5665411,
              45.8018702
            ]
          ]
        ]
      }
    },
    {
      "type": "Feature",
      "properties": {
        "type": "way",
        "id": 172698463,
        "tags": {
          "leisure": "pitch",
          "name": "campo da tennis",
          "sport": "tennis"
        },
        "nodes": [
          1835769653,
          1835769624,
          1835769584,
          1835769601,
          1835769653
        ]
      },
      "geometry": {
        "type": "Polygon",
        "coordinates": [
          [
            [
              7.5660379,
              45.8013755
            ],
            [
              7.5662326,
              45.8012621
            ],
            [
              7.5659121,
              45.8009947
            ],
            [
              7.5657177,
              45.8011139
            ],
            [
              7.5660379,
              45.8013755
            ]
          ]
        ]
      }
    },
    {
      "type": "Feature",
      "properties": {
        "type": "way",
        "id": 181662534,
        "tags": {
          "leisure": "pitch",
          "sport": "volleyball"
        },
        "nodes": [
          1920776723,
          1920776700,
          1351763587,
          1351763596,
          1920776723
        ]
      },
      "geometry": {
        "type": "Polygon",
        "coordinates": [
          [
            [
              7.6164848,
              45.6221825
            ],
            [
              7.6166952,
              45.6218462
            ],
            [
              7.6169199,
              45.6219149
            ],
            [
              7.6167095,
              45.6222513
            ],
            [
              7.6164848,
              45.6221825
            ]
          ]
        ]
      }
    },
    {
      "type": "Feature",
      "properties": {
        "type": "way",
        "id": 184968732,
        "tags": {
          "leisure": "pitch",
          "sport": "soccer",
          "surface": "grass"
        },
        "nodes": [
          1955374596,
          1955374597,
          1955374595,
          1955374583,
          1955374489,
          1955374485,
          1955374596
        ]
      },
      "geometry": {
        "type": "Polygon",
        "coordinates": [
          [
            [
              6.9628888,
              45.8090452
            ],
            [
              6.9636335,
              45.8090649
            ],
            [
              6.9636349,
              45.8090401
            ],
            [
              6.9636458,
              45.808839
            ],
            [
              6.9636866,
              45.8080899
            ],
            [
              6.9629419,
              45.8080702
            ],
            [
              6.9628888,
              45.8090452
            ]
          ]
        ]
      }
    },
    {
      "type": "Feature",
      "properties": {
        "type": "way",
        "id": 184979418,
        "tags": {
          "building": "yes",
          "leisure": "sports_centre",
          "name": "Courmayeur Forum Sport Center",
          "sport": "multi"
        },
        "nodes": [
          1955551999,
          1955552024,
          1955552029,
          1955552035,
          1955552138,
          1955552134,
          1955552230,
          1955552178,
          1955551955,
          1955551966,
          1955551977,
          1955551999
        ]
      },
      "geometry": {
        "type": "Polygon",
        "coordinates": [
          [
            [
              6.9642131,
              45.7940893
            ],
            [
              6.963797,
              45.7941732
            ],
            [
              6.9638116,
              45.794201
            ],
            [
              6.9637518,
              45.7942176
            ],
            [
              6.9638487,
              45.7944878
            ],
            [
              6.9638792,
              45.7944804
            ],
            [
              6.9639748,
              45.7947321
            ],
            [
              6.9648055,
              45.7945868
            ],
            [
              6.9646091,
              45.7939817
            ],
            [
              6.9644996,
              45.7939996
            ],
            [
              6.9645128,
              45.794038
            ],
            [
              6.9642131,
              45.7940893
            ]
          ]
        ]
      }
    },
    {
      "type": "Feature",
      "properties": {
        "type": "way",
        "id": 184979487,
        "tags": {
          "building": "yes",
          "leisure": "sports_centre",
          "name": "Courmayeur Forum Sport Center",
          "source": "Federazione Italiana Sport del Ghiaccio",
          "sport": "ice_skating;ice_hockey"
        },
        "nodes": [
          1955551952,
          1955551928,
          1955551778,
          1955551846,
          1955551974,
          1955551963,
          1955551944,
          1955551940,
          1955551952
        ]
      },
      "geometry": {
        "type": "Polygon",
        "coordinates": [
          [
            [
              6.9644854,
              45.7939443
            ],
            [
              6.9650707,
              45.7938379
            ],
            [
              6.964853,
              45.7931994
            ],
            [
              6.963695,
              45.7934205
            ],
            [
              6.9639052,
              45.7940342
            ],
            [
              6.9641861,
              45.7939941
            ],
            [
              6.9641619,
              45.7939039
            ],
            [
              6.9644546,
              45.7938638
            ],
            [
              6.9644854,
              45.7939443
            ]
          ]
        ]
      }
    },
    {
      "type": "Feature",
      "properties": {
        "type": "way",
        "id": 184979529,
        "tags": {
          "leisure": "pitch",
          "sport": "tennis"
        },
        "nodes": [
          1955552126,
          1955552128,
          1955552008,
          1955552006,
          1955552126
        ]
      },
      "geometry": {
        "type": "Polygon",
        "coordinates": [
          [
            [
              6.9651317,
              45.7944603
            ],
            [
              6.9653686,
              45.7944647
            ],
            [
              6.9653814,
              45.7941277
            ],
            [
              6.9651445,
              45.7941234
            ],
            [
              6.9651317,
              45.7944603
            ]
          ]
        ]
      }
    },
    {
      "type": "Feature",
      "properties": {
        "type": "way",
        "id": 184979530,
        "tags": {
          "leisure": "pitch",
          "sport": "tennis"
        },
        "nodes": [
          1955552136,
          1955552014,
          1955552012,
          1955552132,
          1955552136
        ]
      },
      "geometry": {
        "type": "Polygon",
        "coordinates": [
          [
            [
              6.9658538,
              45.794481
            ],
            [
              6.9658736,
              45.7941421
            ],
            [
              6.9656256,
              45.794135
            ],
            [
              6.9656057,
              45.7944739
            ],
            [
              6.9658538,
              45.794481
            ]
          ]
        ]
      }
    },
    {
      "type": "Feature",
      "properties": {
        "type": "way",
        "id": 184979533,
        "tags": {
          "leisure": "pitch",
          "sport": "tennis"
        },
        "nodes": [
          1955552132,
          1955552012,
          1955552008,
          1955552128,
          1955552132
        ]
      },
      "geometry": {
        "type": "Polygon",
        "coordinates": [
          [
            [
              6.9656057,
              45.7944739
            ],
            [
              6.9656256,
              45.794135
            ],
            [
              6.9653814,
              45.7941277
            ],
            [
              6.9653686,
              45.7944647
            ],
            [
              6.9656057,
              45.7944739
            ]
          ]
        ]
      }
    },
    {
      "type": "Feature",
      "properties": {
        "type": "way",
        "id": 184979535,
        "tags": {
          "leisure": "pitch",
          "sport": "tennis"
        },
        "nodes": [
          1955552764,
          1955552770,
          1955552712,
          1955552708,
          1955552764
        ]
      },
      "geometry": {
        "type": "Polygon",
        "coordinates": [
          [
            [
              6.9668395,
              45.7965784
            ],
            [
              6.9670571,
              45.7965784
            ],
            [
              6.9670571,
              45.7962435
            ],
            [
              6.9668395,
              45.7962435
            ],
            [
              6.9668395,
              45.7965784
            ]
          ]
        ]
      }
    },
    {
      "type": "Feature",
      "properties": {
        "type": "way",
        "id": 185036959,
        "tags": {
          "leisure": "pitch",
          "sport": "tennis"
        },
        "nodes": [
          1956163453,
          1956163466,
          1956163455,
          1956163440,
          1956163453
        ]
      },
      "geometry": {
        "type": "Polygon",
        "coordinates": [
          [
            [
              6.9752491,
              45.7882923
            ],
            [
              6.9756499,
              45.7884541
            ],
            [
              6.9757456,
              45.7883388
            ],
            [
              6.9753448,
              45.788177
            ],
            [
              6.9752491,
              45.7882923
            ]
          ]
        ]
      }
    },
    {
      "type": "Feature",
      "properties": {
        "type": "way",
        "id": 185036960,
        "tags": {
          "leisure": "pitch",
          "sport": "tennis"
        },
        "nodes": [
          1956163458,
          1956163483,
          1956163462,
          1956163450,
          1956163458
        ]
      },
      "geometry": {
        "type": "Polygon",
        "coordinates": [
          [
            [
              6.9747804,
              45.7883804
            ],
            [
              6.9751544,
              45.7885362
            ],
            [
              6.9752565,
              45.788417
            ],
            [
              6.9748825,
              45.7882612
            ],
            [
              6.9747804,
              45.7883804
            ]
          ]
        ]
      }
    },
    {
      "type": "Feature",
      "properties": {
        "type": "way",
        "id": 185036961,
        "tags": {
          "leisure": "pitch",
          "sport": "tennis"
        },
        "nodes": [
          1956163434,
          1956163444,
          1956163436,
          1956163416,
          1956163434
        ]
      },
      "geometry": {
        "type": "Polygon",
        "coordinates": [
          [
            [
              6.9748374,
              45.7880764
            ],
            [
              6.9752115,
              45.7882356
            ],
            [
              6.975312,
              45.7881208
            ],
            [
              6.9749379,
              45.7879616
            ],
            [
              6.9748374,
              45.7880764
            ]
          ]
        ]
      }
    },
    {
      "type": "Feature",
      "properties": {
        "type": "way",
        "id": 186089912,
        "tags": {
          "leisure": "pitch",
          "sport": "volleyball"
        },
        "nodes": [
          1967940527,
          1967940566,
          1967940538,
          1967940501,
          1967940527
        ]
      },
      "geometry": {
        "type": "Polygon",
        "coordinates": [
          [
            [
              6.9765358,
              45.7792291
            ],
            [
              6.9769018,
              45.7794266
            ],
            [
              6.9770524,
              45.7792909
            ],
            [
              6.9766863,
              45.7790934
            ],
            [
              6.9765358,
              45.7792291
            ]
          ]
        ]
      }
    },
    {
      "type": "Feature",
      "properties": {
        "type": "way",
        "id": 186089913,
        "tags": {
          "leisure": "pitch",
          "sport": "bowls"
        },
        "nodes": [
          1967939540,
          1967939545,
          1967939500,
          1967939492,
          1967939540
        ]
      },
      "geometry": {
        "type": "Polygon",
        "coordinates": [
          [
            [
              6.9875266,
              45.7629119
            ],
            [
              6.9876613,
              45.7629822
            ],
            [
              6.9878768,
              45.7627722
            ],
            [
              6.9877432,
              45.7627044
            ],
            [
              6.9875266,
              45.7629119
            ]
          ]
        ]
      }
    },
    {
      "type": "Feature",
      "properties": {
        "type": "way",
        "id": 186089914,
        "tags": {
          "leisure": "pitch",
          "lit": "yes",
          "sport": "soccer",
          "surface": "concrete"
        },
        "nodes": [
          1967939550,
          1967939503,
          1967939537,
          1967939577,
          1967939550
        ]
      },
      "geometry": {
        "type": "Polygon",
        "coordinates": [
          [
            [
              6.9862722,
              45.7631426
            ],
            [
              6.9865057,
              45.7627925
            ],
            [
              6.9868055,
              45.7629011
            ],
            [
              6.9865587,
              45.763242
            ],
            [
              6.9862722,
              45.7631426
            ]
          ]
        ]
      }
    },
    {
      "type": "Feature",
      "properties": {
        "type": "way",
        "id": 186089918,
        "tags": {
          "leisure": "pitch",
          "sport": "tennis",
          "surface": "grass"
        },
        "nodes": [
          1967939542,
          1967939488,
          1967939478,
          1967939528,
          1967939542
        ]
      },
      "geometry": {
        "type": "Polygon",
        "coordinates": [
          [
            [
              6.9880258,
              45.7629251
            ],
            [
              6.9882799,
              45.7626724
            ],
            [
              6.988097,
              45.7625842
            ],
            [
              6.9878353,
              45.7628361
            ],
            [
              6.9880258,
              45.7629251
            ]
          ]
        ]
      }
    },
    {
      "type": "Feature",
      "properties": {
        "type": "way",
        "id": 186089919,
        "tags": {
          "leisure": "pitch",
          "sport": "tennis",
          "surface": "grass"
        },
        "nodes": [
          1967939549,
          1967939528,
          1967939542,
          1967939566,
          1967939549
        ]
      },
      "geometry": {
        "type": "Polygon",
        "coordinates": [
          [
            [
              6.9875736,
              45.763095
            ],
            [
              6.9878353,
              45.7628361
            ],
            [
              6.9880258,
              45.7629251
            ],
            [
              6.9877592,
              45.7631874
            ],
            [
              6.9875736,
              45.763095
            ]
          ]
        ]
      }
    },
    {
      "type": "Feature",
      "properties": {
        "type": "way",
        "id": 186089929,
        "tags": {
          "leisure": "pitch",
          "sport": "soccer"
        },
        "nodes": [
          1967940725,
          1967940788,
          1967940688,
          1967940628,
          1967940725
        ]
      },
      "geometry": {
        "type": "Polygon",
        "coordinates": [
          [
            [
              6.9803119,
              45.7797406
            ],
            [
              6.9804317,
              45.7798233
            ],
            [
              6.9806589,
              45.7796632
            ],
            [
              6.9805391,
              45.7795805
            ],
            [
              6.9803119,
              45.7797406
            ]
          ]
        ]
      }
    },
    {
      "type": "Feature",
      "properties": {
        "type": "way",
        "id": 186255870,
        "tags": {
          "leisure": "pitch",
          "sport": "tennis"
        },
        "nodes": [
          1969420191,
          1969420187,
          1969420209,
          1969420216,
          1969420191
        ]
      },
      "geometry": {
        "type": "Polygon",
        "coordinates": [
          [
            [
              7.0274807,
              45.7592229
            ],
            [
              7.027687,
              45.7591315
            ],
            [
              7.0279413,
              45.7594109
            ],
            [
              7.027735,
              45.7595022
            ],
            [
              7.0274807,
              45.7592229
            ]
          ]
        ]
      }
    },
    {
      "type": "Feature",
      "properties": {
        "type": "way",
        "id": 186255873,
        "tags": {
          "leisure": "pitch",
          "sport": "tennis"
        },
        "nodes": [
          1969420223,
          1969420197,
          1969420191,
          1969420216,
          1969420223
        ]
      },
      "geometry": {
        "type": "Polygon",
        "coordinates": [
          [
            [
              7.0275391,
              45.7595874
            ],
            [
              7.027288,
              45.75931
            ],
            [
              7.0274807,
              45.7592229
            ],
            [
              7.027735,
              45.7595022
            ],
            [
              7.0275391,
              45.7595874
            ]
          ]
        ]
      }
    },
    {
      "type": "Feature",
      "properties": {
        "type": "way",
        "id": 187638917,
        "tags": {
          "leisure": "pitch",
          "sport": "tennis"
        },
        "nodes": [
          1982705687,
          1982705692,
          1982705644,
          1982705631,
          1982705687
        ]
      },
      "geometry": {
        "type": "Polygon",
        "coordinates": [
          [
            [
              7.1325825,
              45.7059087
            ],
            [
              7.1330762,
              45.705935
            ],
            [
              7.1330928,
              45.7057832
            ],
            [
              7.1325991,
              45.7057569
            ],
            [
              7.1325825,
              45.7059087
            ]
          ]
        ]
      }
    },
    {
      "type": "Feature",
      "properties": {
        "type": "way",
        "id": 188735269,
        "tags": {
          "leisure": "pitch",
          "name": "Campo Calcio di Saint Pierre",
          "sport": "soccer"
        },
        "nodes": [
          1993556973,
          1993556967,
          1993556970,
          1993556975,
          1993556973
        ]
      },
      "geometry": {
        "type": "Polygon",
        "coordinates": [
          [
            [
              7.2389334,
              45.7096836
            ],
            [
              7.2392701,
              45.7091953
            ],
            [
              7.2404226,
              45.7095886
            ],
            [
              7.2400794,
              45.7100724
            ],
            [
              7.2389334,
              45.7096836
            ]
          ]
        ]
      }
    },
    {
      "type": "Feature",
      "properties": {
        "type": "way",
        "id": 189184631,
        "tags": {
          "leisure": "pitch",
          "sport": "tennis"
        },
        "nodes": [
          1366780381,
          1998377019,
          1998377028,
          1366780406,
          1366780381
        ]
      },
      "geometry": {
        "type": "Polygon",
        "coordinates": [
          [
            [
              7.2013279,
              45.7005
            ],
            [
              7.201376,
              45.7003464
            ],
            [
              7.2018169,
              45.7004164
            ],
            [
              7.2017676,
              45.7005735
            ],
            [
              7.2013279,
              45.7005
            ]
          ]
        ]
      }
    },
    {
      "type": "Feature",
      "properties": {
        "type": "way",
        "id": 189574920,
        "tags": {
          "leisure": "golf_course",
          "name": "Arsanières Gignod"
        },
        "nodes": [
          2001651477,
          2001651476,
          2001651473,
          2001651472,
          2001651469,
          2001651471,
          2001651470,
          2001651478,
          2001651481,
          2001651482,
          2001651483,
          2001651484,
          2001651485,
          2001651486,
          2001651487,
          2001651495,
          2001651494,
          2001651489,
          2001651488,
          2001651491,
          2001651493,
          2001651492,
          2001651490,
          2001651480,
          2001651479,
          2001651475,
          2001651474,
          2001651477
        ]
      },
      "geometry": {
        "type": "Polygon",
        "coordinates": [
          [
            [
              7.2935333,
              45.7882992
            ],
            [
              7.29335,
              45.7882688
            ],
            [
              7.2933456,
              45.788071
            ],
            [
              7.2932453,
              45.7879371
            ],
            [
              7.2935594,
              45.7871795
            ],
            [
              7.2925297,
              45.7879128
            ],
            [
              7.2920453,
              45.7878002
            ],
            [
              7.2914126,
              45.7883874
            ],
            [
              7.2907014,
              45.788856
            ],
            [
              7.2899116,
              45.7891907
            ],
            [
              7.2889647,
              45.7895802
            ],
            [
              7.2883931,
              45.7897566
            ],
            [
              7.2883451,
              45.7898418
            ],
            [
              7.2884193,
              45.789927
            ],
            [
              7.2886986,
              45.7900487
            ],
            [
              7.2918446,
              45.7909767
            ],
            [
              7.2920017,
              45.7909432
            ],
            [
              7.2922068,
              45.790715
            ],
            [
              7.2922897,
              45.7906907
            ],
            [
              7.2925166,
              45.7907546
            ],
            [
              7.2926475,
              45.7908155
            ],
            [
              7.2927478,
              45.7908063
            ],
            [
              7.2928351,
              45.790715
            ],
            [
              7.2943143,
              45.7886582
            ],
            [
              7.2944409,
              45.7885061
            ],
            [
              7.2944627,
              45.7882171
            ],
            [
              7.2943754,
              45.7881836
            ],
            [
              7.2935333,
              45.7882992
            ]
          ]
        ]
      }
    },
    {
      "type": "Feature",
      "properties": {
        "type": "way",
        "id": 190475274,
        "tags": {
          "leisure": "pitch",
          "sport": "tennis"
        },
        "nodes": [
          2011111732,
          2011111719,
          2011111701,
          2011111706,
          2011111732
        ]
      },
      "geometry": {
        "type": "Polygon",
        "coordinates": [
          [
            [
              7.1922534,
              45.7289381
            ],
            [
              7.1923539,
              45.7288833
            ],
            [
              7.192197,
              45.728743
            ],
            [
              7.1920965,
              45.7287978
            ],
            [
              7.1922534,
              45.7289381
            ]
          ]
        ]
      }
    },
    {
      "type": "Feature",
      "properties": {
        "type": "way",
        "id": 190475277,
        "tags": {
          "leisure": "pitch",
          "sport": "tennis"
        },
        "nodes": [
          2011111759,
          2011111743,
          2011111702,
          2011111710,
          2011111759
        ]
      },
      "geometry": {
        "type": "Polygon",
        "coordinates": [
          [
            [
              7.1920362,
              45.7290628
            ],
            [
              7.1921789,
              45.7289875
            ],
            [
              7.191923,
              45.7287511
            ],
            [
              7.1917803,
              45.7288264
            ],
            [
              7.1920362,
              45.7290628
            ]
          ]
        ]
      }
    },
    {
      "type": "Feature",
      "properties": {
        "type": "way",
        "id": 193284195,
        "tags": {
          "leisure": "pitch",
          "sport": "tennis"
        },
        "nodes": [
          2037950430,
          2037950455,
          2037950439,
          2037950407,
          2037950430
        ]
      },
      "geometry": {
        "type": "Polygon",
        "coordinates": [
          [
            [
              7.6413492,
              45.7533394
            ],
            [
              7.6417026,
              45.7535363
            ],
            [
              7.6418537,
              45.7534043
            ],
            [
              7.6415003,
              45.7532074
            ],
            [
              7.6413492,
              45.7533394
            ]
          ]
        ]
      }
    },
    {
      "type": "Feature",
      "properties": {
        "type": "way",
        "id": 193284196,
        "tags": {
          "leisure": "pitch",
          "sport": "tennis"
        },
        "nodes": [
          2037950454,
          2037950478,
          2037950467,
          2037950440,
          2037950454
        ]
      },
      "geometry": {
        "type": "Polygon",
        "coordinates": [
          [
            [
              7.6418555,
              45.7535308
            ],
            [
              7.6421852,
              45.7537718
            ],
            [
              7.6423431,
              45.7536667
            ],
            [
              7.6420135,
              45.7534256
            ],
            [
              7.6418555,
              45.7535308
            ]
          ]
        ]
      }
    },
    {
      "type": "Feature",
      "properties": {
        "type": "way",
        "id": 193284197,
        "tags": {
          "leisure": "pitch",
          "sport": "tennis"
        },
        "nodes": [
          2037950436,
          2037950464,
          2037950453,
          2037950423,
          2037950436
        ]
      },
      "geometry": {
        "type": "Polygon",
        "coordinates": [
          [
            [
              7.6421008,
              45.7533909
            ],
            [
              7.6424409,
              45.7536393
            ],
            [
              7.6426066,
              45.7535289
            ],
            [
              7.6422665,
              45.7532805
            ],
            [
              7.6421008,
              45.7533909
            ]
          ]
        ]
      }
    },
    {
      "type": "Feature",
      "properties": {
        "type": "way",
        "id": 193284198,
        "tags": {
          "leisure": "swimming_pool"
        },
        "nodes": [
          2037950290,
          2037950294,
          2037950289,
          2037950285,
          2037950290
        ]
      },
      "geometry": {
        "type": "Polygon",
        "coordinates": [
          [
            [
              7.6402193,
              45.752225
            ],
            [
              7.6402983,
              45.7523156
            ],
            [
              7.640522,
              45.7522206
            ],
            [
              7.640443,
              45.75213
            ],
            [
              7.6402193,
              45.752225
            ]
          ]
        ]
      }
    },
    {
      "type": "Feature",
      "properties": {
        "type": "way",
        "id": 193302853,
        "tags": {
          "leisure": "swimming_pool",
          "name": "Piscina scoperta"
        },
        "nodes": [
          2038118286,
          2038118262,
          2038118324,
          2038118345,
          2038118286
        ]
      },
      "geometry": {
        "type": "Polygon",
        "coordinates": [
          [
            [
              7.6467806,
              45.7496138
            ],
            [
              7.6471091,
              45.7495786
            ],
            [
              7.6471325,
              45.7496909
            ],
            [
              7.6468153,
              45.7497294
            ],
            [
              7.6467806,
              45.7496138
            ]
          ]
        ]
      }
    },
    {
      "type": "Feature",
      "properties": {
        "type": "way",
        "id": 193302855,
        "tags": {
          "leisure": "swimming_pool",
          "name": "Piscina scoperta"
        },
        "nodes": [
          2038118322,
          2038118342,
          2038118328,
          2038118307,
          2038118322
        ]
      },
      "geometry": {
        "type": "Polygon",
        "coordinates": [
          [
            [
              7.6464119,
              45.749685
            ],
            [
              7.6464252,
              45.7497238
            ],
            [
              7.6465534,
              45.7497075
            ],
            [
              7.6465439,
              45.7496674
            ],
            [
              7.6464119,
              45.749685
            ]
          ]
        ]
      }
    },
    {
      "type": "Feature",
      "properties": {
        "type": "way",
        "id": 193357636,
        "tags": {
          "leisure": "pitch",
          "name": "Campo di Tzan",
          "sport": "tzan",
          "surface": "grass"
        },
        "nodes": [
          2038628604,
          2038628640,
          2038628648,
          2038628645,
          2631320255,
          2038628607,
          2038628589,
          2038628578,
          2038628551,
          2038628482,
          2038628430,
          2038628378,
          2038628334,
          2038628279,
          2038628282,
          2038628275,
          2038628206,
          2038628204,
          2038628263,
          2038628319,
          2038628385,
          2038628442,
          2038628585,
          2038628604
        ]
      },
      "geometry": {
        "type": "Polygon",
        "coordinates": [
          [
            [
              7.6541966,
              45.75599
            ],
            [
              7.6549091,
              45.7563292
            ],
            [
              7.6550419,
              45.7563713
            ],
            [
              7.6551868,
              45.7563376
            ],
            [
              7.6553267,
              45.7562545
            ],
            [
              7.6557122,
              45.7560258
            ],
            [
              7.6559748,
              45.7558615
            ],
            [
              7.6560141,
              45.7557983
            ],
            [
              7.6563462,
              45.7556024
            ],
            [
              7.6564609,
              45.7555076
            ],
            [
              7.656473,
              45.7552654
            ],
            [
              7.6565847,
              45.75496
            ],
            [
              7.6566718,
              45.754783
            ],
            [
              7.6567417,
              45.7546103
            ],
            [
              7.656319,
              45.7546377
            ],
            [
              7.6561288,
              45.7546082
            ],
            [
              7.6556427,
              45.7544312
            ],
            [
              7.6553982,
              45.7544228
            ],
            [
              7.6552231,
              45.754526
            ],
            [
              7.6550902,
              45.7547304
            ],
            [
              7.6550359,
              45.7550021
            ],
            [
              7.6548155,
              45.755337
            ],
            [
              7.6543566,
              45.7558447
            ],
            [
              7.6541966,
              45.75599
            ]
          ]
        ]
      }
    },
    {
      "type": "Feature",
      "properties": {
        "type": "way",
        "id": 194489388,
        "tags": {
          "leisure": "swimming_pool"
        },
        "nodes": [
          2049996934,
          2049996922,
          2049996906,
          2049996910,
          2049996914,
          2049996926,
          2049996932,
          2049996934
        ]
      },
      "geometry": {
        "type": "Polygon",
        "coordinates": [
          [
            [
              7.6525633,
              45.745548
            ],
            [
              7.6526245,
              45.7455257
            ],
            [
              7.6526121,
              45.7454723
            ],
            [
              7.6525808,
              45.7454804
            ],
            [
              7.6525517,
              45.7455063
            ],
            [
              7.6525393,
              45.7455363
            ],
            [
              7.6525517,
              45.745545
            ],
            [
              7.6525633,
              45.745548
            ]
          ]
        ]
      }
    },
    {
      "type": "Feature",
      "properties": {
        "type": "way",
        "id": 198644285,
        "tags": {
          "leisure": "pitch",
          "name": "campo da basket",
          "sport": "basketball"
        },
        "nodes": [
          2087510765,
          2087510774,
          2087510769,
          2087510763,
          2087510765
        ]
      },
      "geometry": {
        "type": "Polygon",
        "coordinates": [
          [
            [
              7.566025,
              45.8014275
            ],
            [
              7.5662483,
              45.8016032
            ],
            [
              7.566414,
              45.8015008
            ],
            [
              7.5661907,
              45.8013251
            ],
            [
              7.566025,
              45.8014275
            ]
          ]
        ]
      }
    },
    {
      "type": "Feature",
      "properties": {
        "type": "way",
        "id": 199150669,
        "tags": {
          "leisure": "pitch"
        },
        "nodes": [
          2091854368,
          2091854372,
          2091854383,
          2091854388,
          2091854392,
          2091854397,
          2091854405,
          2091854406,
          2091854402,
          2091854396,
          2091854393,
          2091854387,
          2091854382,
          2091854370,
          2091854362,
          2091854349,
          2091854340,
          2091854331,
          2091854328,
          2091854325,
          2091854320,
          2091854313,
          2091854308,
          2091854310,
          2091854315,
          2091854322,
          2091854336,
          2091854339,
          2091854345,
          2091854346,
          2091854347,
          2091854350,
          2091854352,
          2091854359,
          2091854361,
          2091854364,
          2091854368
        ]
      },
      "geometry": {
        "type": "Polygon",
        "coordinates": [
          [
            [
              7.3305546,
              45.7516848
            ],
            [
              7.3306143,
              45.7516955
            ],
            [
              7.3306874,
              45.7517567
            ],
            [
              7.330702,
              45.7518008
            ],
            [
              7.3307044,
              45.7518467
            ],
            [
              7.330702,
              45.7519113
            ],
            [
              7.3307337,
              45.7519691
            ],
            [
              7.3308408,
              45.7519708
            ],
            [
              7.3309578,
              45.7519402
            ],
            [
              7.3310284,
              45.7519079
            ],
            [
              7.3311599,
              45.7518484
            ],
            [
              7.3313377,
              45.7517889
            ],
            [
              7.331496,
              45.7517482
            ],
            [
              7.3316665,
              45.7516938
            ],
            [
              7.331742,
              45.7516496
            ],
            [
              7.3317372,
              45.751585
            ],
            [
              7.3317055,
              45.7515289
            ],
            [
              7.3316738,
              45.751466
            ],
            [
              7.3316495,
              45.7514558
            ],
            [
              7.3315058,
              45.7514184
            ],
            [
              7.3314741,
              45.7513997
            ],
            [
              7.3314671,
              45.7513619
            ],
            [
              7.3314327,
              45.7513335
            ],
            [
              7.3313862,
              45.7513487
            ],
            [
              7.3313669,
              45.7513675
            ],
            [
              7.3313353,
              45.7514065
            ],
            [
              7.3312159,
              45.7514762
            ],
            [
              7.3311672,
              45.7515238
            ],
            [
              7.3310917,
              45.7515629
            ],
            [
              7.331026,
              45.7515714
            ],
            [
              7.3309115,
              45.7515731
            ],
            [
              7.3308019,
              45.7515884
            ],
            [
              7.3307458,
              45.7516071
            ],
            [
              7.3306241,
              45.7516377
            ],
            [
              7.3305291,
              45.7516462
            ],
            [
              7.3305224,
              45.7516632
            ],
            [
              7.3305546,
              45.7516848
            ]
          ]
        ]
      }
    },
    {
      "type": "Feature",
      "properties": {
        "type": "way",
        "id": 203304405,
        "tags": {
          "leisure": "pitch"
        },
        "nodes": [
          2133107054,
          2133107055,
          2133107053,
          1736453197,
          2133107054
        ]
      },
      "geometry": {
        "type": "Polygon",
        "coordinates": [
          [
            [
              7.257605,
              45.7192271
            ],
            [
              7.2578571,
              45.7193081
            ],
            [
              7.2580451,
              45.7191935
            ],
            [
              7.2577564,
              45.7190171
            ],
            [
              7.257605,
              45.7192271
            ]
          ]
        ]
      }
    },
    {
      "type": "Feature",
      "properties": {
        "type": "way",
        "id": 203458606,
        "tags": {
          "leisure": "pitch",
          "name": "Campo da Bocce",
          "sport": "boules",
          "surface": "sand"
        },
        "nodes": [
          2134739423,
          2134739409,
          2134739403,
          2134739415,
          2134739423
        ]
      },
      "geometry": {
        "type": "Polygon",
        "coordinates": [
          [
            [
              7.4759293,
              45.741397
            ],
            [
              7.4755902,
              45.7413395
            ],
            [
              7.4756371,
              45.74123
            ],
            [
              7.4759795,
              45.7412875
            ],
            [
              7.4759293,
              45.741397
            ]
          ]
        ]
      }
    },
    {
      "type": "Feature",
      "properties": {
        "type": "way",
        "id": 203458608,
        "tags": {
          "leisure": "pitch",
          "lit": "yes",
          "name": "Campo sportivo di Nus",
          "sport": "soccer",
          "surface": "grass"
        },
        "nodes": [
          2134739393,
          2134739430,
          2134739399,
          2134739377,
          2134739393
        ]
      },
      "geometry": {
        "type": "Polygon",
        "coordinates": [
          [
            [
              7.4736782,
              45.741117
            ],
            [
              7.474892,
              45.741697
            ],
            [
              7.4753405,
              45.7412338
            ],
            [
              7.4741386,
              45.7406433
            ],
            [
              7.4736782,
              45.741117
            ]
          ]
        ]
      }
    },
    {
      "type": "Feature",
      "properties": {
        "type": "way",
        "id": 203951412,
        "tags": {
          "leisure": "pitch",
          "sport": "soccer"
        },
        "nodes": [
          2139576206,
          2139576205,
          2139576203,
          2139576204,
          2139576206
        ]
      },
      "geometry": {
        "type": "Polygon",
        "coordinates": [
          [
            [
              7.0630861,
              45.6261148
            ],
            [
              7.06354,
              45.6261067
            ],
            [
              7.0635176,
              45.6254909
            ],
            [
              7.0630636,
              45.625499
            ],
            [
              7.0630861,
              45.6261148
            ]
          ]
        ]
      }
    },
    {
      "type": "Feature",
      "properties": {
        "type": "way",
        "id": 226073443,
        "tags": {
          "leisure": "pitch",
          "sport": "soccer"
        },
        "nodes": [
          2349325183,
          4397227448,
          2349325181,
          4397227443,
          2349325183
        ]
      },
      "geometry": {
        "type": "Polygon",
        "coordinates": [
          [
            [
              7.3810395,
              45.8506273
            ],
            [
              7.3814617,
              45.8507044
            ],
            [
              7.3815369,
              45.8505047
            ],
            [
              7.3811147,
              45.8504276
            ],
            [
              7.3810395,
              45.8506273
            ]
          ]
        ]
      }
    },
    {
      "type": "Feature",
      "properties": {
        "type": "way",
        "id": 226702487,
        "tags": {
          "leisure": "pitch",
          "lit": "yes",
          "sport": "soccer",
          "surface": "grass"
        },
        "nodes": [
          2354646482,
          2354646480,
          2354646479,
          2354646481,
          2354646482
        ]
      },
      "geometry": {
        "type": "Polygon",
        "coordinates": [
          [
            [
              7.8325155,
              45.7688552
            ],
            [
              7.832991,
              45.7680455
            ],
            [
              7.8323295,
              45.767858
            ],
            [
              7.8318523,
              45.7686701
            ],
            [
              7.8325155,
              45.7688552
            ]
          ]
        ]
      }
    },
    {
      "type": "Feature",
      "properties": {
        "type": "way",
        "id": 227713715,
        "tags": {
          "leisure": "pitch",
          "lit": "yes",
          "sport": "basketball",
          "surface": "concrete"
        },
        "nodes": [
          2363529673,
          2363529672,
          2363529670,
          2363529671,
          2363529673
        ]
      },
      "geometry": {
        "type": "Polygon",
        "coordinates": [
          [
            [
              7.3026881,
              45.7323737
            ],
            [
              7.3028831,
              45.7323451
            ],
            [
              7.3028144,
              45.7321169
            ],
            [
              7.3026194,
              45.7321455
            ],
            [
              7.3026881,
              45.7323737
            ]
          ]
        ]
      }
    },
    {
      "type": "Feature",
      "properties": {
        "type": "way",
        "id": 229526952,
        "tags": {
          "leisure": "pitch",
          "sport": "shooting"
        },
        "nodes": [
          2381111452,
          2381111453,
          2381111451,
          2381111450,
          2381111452
        ]
      },
      "geometry": {
        "type": "Polygon",
        "coordinates": [
          [
            [
              7.5440472,
              45.7597598
            ],
            [
              7.5433077,
              45.7597703
            ],
            [
              7.5432577,
              45.7595402
            ],
            [
              7.5440772,
              45.7595228
            ],
            [
              7.5440472,
              45.7597598
            ]
          ]
        ]
      }
    },
    {
      "type": "Feature",
      "properties": {
        "type": "way",
        "id": 229526953,
        "tags": {
          "leisure": "pitch",
          "name": "Area sport popolari Rapy",
          "sport": "multi"
        },
        "nodes": [
          2381111457,
          6022433945,
          6022433944,
          2381111456,
          6022433943,
          6022433942,
          6022433941,
          2381111454,
          6022433940,
          6022433939,
          6022433938,
          2381111448,
          2381111449,
          6022433948,
          6022433949,
          6022433947,
          6022433946,
          2381111455,
          2381111458,
          2381111457
        ]
      },
      "geometry": {
        "type": "Polygon",
        "coordinates": [
          [
            [
              7.5403832,
              45.7611712
            ],
            [
              7.5396198,
              45.760959
            ],
            [
              7.5391155,
              45.7610189
            ],
            [
              7.5388588,
              45.7611113
            ],
            [
              7.5388473,
              45.7610264
            ],
            [
              7.5390083,
              45.7608318
            ],
            [
              7.5391316,
              45.7605773
            ],
            [
              7.5390788,
              45.7603752
            ],
            [
              7.5391906,
              45.7602629
            ],
            [
              7.539534,
              45.7601207
            ],
            [
              7.5401401,
              45.7596528
            ],
            [
              7.5410092,
              45.7592834
            ],
            [
              7.5415886,
              45.759365
            ],
            [
              7.5416636,
              45.7594919
            ],
            [
              7.5416529,
              45.7596641
            ],
            [
              7.541905,
              45.7601506
            ],
            [
              7.5420231,
              45.7606035
            ],
            [
              7.5422932,
              45.7606736
            ],
            [
              7.5413103,
              45.7611505
            ],
            [
              7.5403832,
              45.7611712
            ]
          ]
        ]
      }
    },
    {
      "type": "Feature",
      "properties": {
        "type": "way",
        "id": 231917775,
        "tags": {
          "leisure": "pitch",
          "sport": "tennis",
          "surface": "grass"
        },
        "nodes": [
          2402429740,
          2402429742,
          2402429713,
          2402429710,
          2402429740
        ]
      },
      "geometry": {
        "type": "Polygon",
        "coordinates": [
          [
            [
              7.3044994,
              45.6869778
            ],
            [
              7.3047385,
              45.6869901
            ],
            [
              7.3047772,
              45.6866586
            ],
            [
              7.3045489,
              45.6866409
            ],
            [
              7.3044994,
              45.6869778
            ]
          ]
        ]
      }
    },
    {
      "type": "Feature",
      "properties": {
        "type": "way",
        "id": 231917776,
        "tags": {
          "leisure": "swimming_pool",
          "operator": "Yeti Bar Restaurant",
          "website": "https://www.yetipila.it/#piscina"
        },
        "nodes": [
          2402429863,
          2402429868,
          2402429858,
          2402429856,
          2402429863
        ]
      },
      "geometry": {
        "type": "Polygon",
        "coordinates": [
          [
            [
              7.3113734,
              45.688819
            ],
            [
              7.3115316,
              45.6888474
            ],
            [
              7.3115466,
              45.6887906
            ],
            [
              7.3113926,
              45.6887667
            ],
            [
              7.3113734,
              45.688819
            ]
          ]
        ]
      }
    },
    {
      "type": "Feature",
      "properties": {
        "type": "way",
        "id": 231917777,
        "tags": {
          "leisure": "pitch",
          "sport": "tennis",
          "surface": "grass"
        },
        "nodes": [
          2402429742,
          2402429744,
          2402429717,
          2402429713,
          2402429742
        ]
      },
      "geometry": {
        "type": "Polygon",
        "coordinates": [
          [
            [
              7.3047385,
              45.6869901
            ],
            [
              7.304975,
              45.6870119
            ],
            [
              7.3050245,
              45.686675
            ],
            [
              7.3047772,
              45.6866586
            ],
            [
              7.3047385,
              45.6869901
            ]
          ]
        ]
      }
    },
    {
      "type": "Feature",
      "properties": {
        "type": "way",
        "id": 232808142,
        "tags": {
          "leisure": "pitch",
          "sport": "tennis"
        },
        "nodes": [
          2411262755,
          2411262756,
          2411262754,
          2411262753,
          2411262755
        ]
      },
      "geometry": {
        "type": "Polygon",
        "coordinates": [
          [
            [
              7.3220839,
              45.6280344
            ],
            [
              7.3222817,
              45.6281503
            ],
            [
              7.3225962,
              45.6278847
            ],
            [
              7.3224019,
              45.6277687
            ],
            [
              7.3220839,
              45.6280344
            ]
          ]
        ]
      }
    },
    {
      "type": "Feature",
      "properties": {
        "type": "way",
        "id": 242835992,
        "tags": {
          "leisure": "pitch",
          "lit": "no",
          "sport": "tennis",
          "surface": "asphalt"
        },
        "nodes": [
          2502868285,
          2502868286,
          2502868287,
          2502868288,
          2502868285
        ]
      },
      "geometry": {
        "type": "Polygon",
        "coordinates": [
          [
            [
              6.94701,
              45.7125683
            ],
            [
              6.9471956,
              45.7128685
            ],
            [
              6.9468341,
              45.7129731
            ],
            [
              6.9466387,
              45.7127002
            ],
            [
              6.94701,
              45.7125683
            ]
          ]
        ]
      }
    },
    {
      "type": "Feature",
      "properties": {
        "type": "way",
        "id": 246249296,
        "tags": {
          "leisure": "sports_centre",
          "name": "Area Verde \"LES ILES\" di Gressan",
          "name:fr": "Espace vert Les Iles de Gressan"
        },
        "nodes": [
          2533091055,
          2533091056,
          2533091057,
          2533091058,
          2533091059,
          2533091061,
          2533091062,
          2533091063,
          2533091064,
          2533091066,
          2533091067,
          2533091069,
          2533091071,
          2533091073,
          2533091075,
          2533091077,
          2533091079,
          2533091082,
          2533091083,
          2533091085,
          2533091087,
          2533091089,
          5509216969,
          2533091055
        ]
      },
      "geometry": {
        "type": "Polygon",
        "coordinates": [
          [
            [
              7.2917295,
              45.7256871
            ],
            [
              7.2918377,
              45.7257107
            ],
            [
              7.2919864,
              45.7258003
            ],
            [
              7.2920404,
              45.7258853
            ],
            [
              7.2920945,
              45.7270318
            ],
            [
              7.2921553,
              45.7273385
            ],
            [
              7.292081,
              45.7274328
            ],
            [
              7.2919526,
              45.7274564
            ],
            [
              7.2913308,
              45.7274611
            ],
            [
              7.2903085,
              45.7274879
            ],
            [
              7.2897346,
              45.7275066
            ],
            [
              7.2888709,
              45.7274579
            ],
            [
              7.2880731,
              45.7273432
            ],
            [
              7.2876337,
              45.7272771
            ],
            [
              7.2873296,
              45.7272111
            ],
            [
              7.2871741,
              45.7270931
            ],
            [
              7.2871471,
              45.7269233
            ],
            [
              7.2872079,
              45.7267345
            ],
            [
              7.2875673,
              45.7263757
            ],
            [
              7.2881199,
              45.7262708
            ],
            [
              7.2892491,
              45.7259608
            ],
            [
              7.2901953,
              45.7258239
            ],
            [
              7.290276,
              45.7258167
            ],
            [
              7.2917295,
              45.7256871
            ]
          ]
        ]
      }
    },
    {
      "type": "Feature",
      "properties": {
        "type": "way",
        "id": 246275644,
        "tags": {
          "leisure": "pitch",
          "sport": "basketball"
        },
        "nodes": [
          2533320042,
          2533320044,
          2533320046,
          2533320048,
          2533320042
        ]
      },
      "geometry": {
        "type": "Polygon",
        "coordinates": [
          [
            [
              7.3053222,
              45.735644
            ],
            [
              7.3051904,
              45.7360615
            ],
            [
              7.3055824,
              45.7361252
            ],
            [
              7.3057209,
              45.7356935
            ],
            [
              7.3053222,
              45.735644
            ]
          ]
        ]
      }
    },
    {
      "type": "Feature",
      "properties": {
        "type": "way",
        "id": 246610459,
        "tags": {
          "leisure": "sports_centre",
          "name": "Maneggio cavalli"
        },
        "nodes": [
          2536236797,
          2536236798,
          2536236799,
          2536236800,
          2738425155,
          2536236801,
          2536236797
        ]
      },
      "geometry": {
        "type": "Polygon",
        "coordinates": [
          [
            [
              7.3029095,
              45.7294278
            ],
            [
              7.304008,
              45.7295793
            ],
            [
              7.3040104,
              45.7304008
            ],
            [
              7.3033264,
              45.7304581
            ],
            [
              7.3029656,
              45.7305068
            ],
            [
              7.3028161,
              45.7305543
            ],
            [
              7.3029095,
              45.7294278
            ]
          ]
        ]
      }
    },
    {
      "type": "Feature",
      "properties": {
        "type": "way",
        "id": 246640565,
        "tags": {
          "access": "yes",
          "leisure": "pitch",
          "lit": "no",
          "name": "Pista biciclette/ skate",
          "sport": "skateboard;bmx",
          "surface": "compacted"
        },
        "nodes": [
          2536503440,
          2536503442,
          2536503879,
          2536503443,
          2536503444,
          2536503445,
          2536503446,
          2536503437,
          2536503440
        ]
      },
      "geometry": {
        "type": "Polygon",
        "coordinates": [
          [
            [
              7.3053879,
              45.7299001
            ],
            [
              7.3061246,
              45.7300186
            ],
            [
              7.3057764,
              45.7309697
            ],
            [
              7.3057118,
              45.7311433
            ],
            [
              7.3054543,
              45.7309786
            ],
            [
              7.305229,
              45.7308063
            ],
            [
              7.305111,
              45.7307089
            ],
            [
              7.3051697,
              45.7305317
            ],
            [
              7.3053879,
              45.7299001
            ]
          ]
        ]
      }
    },
    {
      "type": "Feature",
      "properties": {
        "type": "way",
        "id": 246641399,
        "tags": {
          "leisure": "sports_centre",
          "name": "Piscina Comunale coperta",
          "wheelchair": "yes"
        },
        "nodes": [
          2536511035,
          2536511036,
          2536511042,
          2536511041,
          2536511040,
          2536514693,
          2536511038,
          2536511039,
          2738425056,
          2738425060,
          2536511037,
          2536511035
        ]
      },
      "geometry": {
        "type": "Polygon",
        "coordinates": [
          [
            [
              7.3039758,
              45.7287635
            ],
            [
              7.3040616,
              45.7285133
            ],
            [
              7.3040142,
              45.7285054
            ],
            [
              7.3041261,
              45.7281789
            ],
            [
              7.3045904,
              45.7282564
            ],
            [
              7.3045245,
              45.7284487
            ],
            [
              7.3044562,
              45.7286477
            ],
            [
              7.3042541,
              45.7286139
            ],
            [
              7.3042356,
              45.7286679
            ],
            [
              7.304259,
              45.7286718
            ],
            [
              7.3042139,
              45.7288033
            ],
            [
              7.3039758,
              45.7287635
            ]
          ]
        ]
      }
    },
    {
      "type": "Feature",
      "properties": {
        "type": "way",
        "id": 246641712,
        "tags": {
          "leisure": "sports_centre",
          "name": "Piscina comunale scoperta",
          "wheelchair": "yes"
        },
        "nodes": [
          2536514692,
          2536511040,
          2536514693,
          2536514695,
          2536514698,
          2536514699,
          2536514696,
          2738425033,
          2536514697,
          2536514692
        ]
      },
      "geometry": {
        "type": "Polygon",
        "coordinates": [
          [
            [
              7.3047576,
              45.7277686
            ],
            [
              7.3045904,
              45.7282564
            ],
            [
              7.3045245,
              45.7284487
            ],
            [
              7.304603,
              45.7284619
            ],
            [
              7.3045321,
              45.7286684
            ],
            [
              7.3055544,
              45.7288392
            ],
            [
              7.3056843,
              45.7284603
            ],
            [
              7.305809,
              45.7284812
            ],
            [
              7.3059831,
              45.7279734
            ],
            [
              7.3047576,
              45.7277686
            ]
          ]
        ]
      }
    },
    {
      "type": "Feature",
      "properties": {
        "type": "way",
        "id": 246825529,
        "tags": {
          "addr:city": "Saint-Christophe",
          "addr:housename": "Regione Croux",
          "leisure": "sports_centre",
          "name": "Area sportiva \"Tzan de la bara\""
        },
        "nodes": [
          2538152954,
          2538152955,
          2538152956,
          3834361558,
          2538152957,
          2538152958,
          2538152959,
          2538152960,
          2738445588,
          6396026251,
          6396026252,
          2738445592,
          2538152961,
          2538152962,
          2538152963,
          2538152964,
          2538152965,
          2538152966,
          2538152967,
          2538152968,
          2538152969,
          2538152970,
          2738445583,
          2738445582,
          2738445581,
          2538152971,
          2538152972,
          2538152973,
          2538152974,
          2538152975,
          2738468110,
          2538152976,
          2738468114,
          2738468115,
          2538152977,
          6396026250,
          2538152951,
          2538152954
        ]
      },
      "geometry": {
        "type": "Polygon",
        "coordinates": [
          [
            [
              7.3361306,
              45.7547014
            ],
            [
              7.3358343,
              45.7549376
            ],
            [
              7.3354696,
              45.7550612
            ],
            [
              7.3351861,
              45.7551221
            ],
            [
              7.3349814,
              45.755166
            ],
            [
              7.334799,
              45.7551585
            ],
            [
              7.334622,
              45.7551772
            ],
            [
              7.3343001,
              45.7553269
            ],
            [
              7.3340662,
              45.7555097
            ],
            [
              7.3338461,
              45.7557373
            ],
            [
              7.333639,
              45.7558243
            ],
            [
              7.333563,
              45.7558608
            ],
            [
              7.332664,
              45.7550724
            ],
            [
              7.3319505,
              45.7544885
            ],
            [
              7.3321758,
              45.7543612
            ],
            [
              7.3325084,
              45.7540543
            ],
            [
              7.3326532,
              45.7539008
            ],
            [
              7.3328571,
              45.7537848
            ],
            [
              7.333254,
              45.7535415
            ],
            [
              7.3335702,
              45.7533537
            ],
            [
              7.3339082,
              45.7535521
            ],
            [
              7.3336668,
              45.7539339
            ],
            [
              7.3340866,
              45.7540496
            ],
            [
              7.3343279,
              45.7539439
            ],
            [
              7.3343867,
              45.7538824
            ],
            [
              7.3346141,
              45.7538662
            ],
            [
              7.3347765,
              45.7538284
            ],
            [
              7.3350102,
              45.7537898
            ],
            [
              7.3354402,
              45.7537436
            ],
            [
              7.3356552,
              45.7537281
            ],
            [
              7.3359678,
              45.7538557
            ],
            [
              7.3360972,
              45.7539058
            ],
            [
              7.336156,
              45.7541335
            ],
            [
              7.3361516,
              45.7542541
            ],
            [
              7.3360988,
              45.7543561
            ],
            [
              7.3360088,
              45.7544759
            ],
            [
              7.3359539,
              45.7545489
            ],
            [
              7.3361306,
              45.7547014
            ]
          ]
        ]
      }
    },
    {
      "type": "Feature",
      "properties": {
        "type": "way",
        "id": 248183431,
        "tags": {
          "capacity": "2",
          "leisure": "pitch",
          "sport": "tennis"
        },
        "nodes": [
          2550195970,
          2550195971,
          2550195972,
          2550195868,
          1744790895,
          2550195973,
          2550195970
        ]
      },
      "geometry": {
        "type": "Polygon",
        "coordinates": [
          [
            [
              7.3265324,
              45.7370311
            ],
            [
              7.3263495,
              45.737341
            ],
            [
              7.3258962,
              45.7372107
            ],
            [
              7.3259081,
              45.7371906
            ],
            [
              7.3260529,
              45.7369453
            ],
            [
              7.3260792,
              45.7369008
            ],
            [
              7.3265324,
              45.7370311
            ]
          ]
        ]
      }
    },
    {
      "type": "Feature",
      "properties": {
        "type": "way",
        "id": 248183444,
        "tags": {
          "leisure": "pitch",
          "sport": "tennis"
        },
        "nodes": [
          2550196058,
          2550196060,
          2550196062,
          2550196064,
          2550196058
        ]
      },
      "geometry": {
        "type": "Polygon",
        "coordinates": [
          [
            [
              7.3265345,
              45.7367017
            ],
            [
              7.3263827,
              45.7369587
            ],
            [
              7.3262277,
              45.7369142
            ],
            [
              7.3263795,
              45.7366571
            ],
            [
              7.3265345,
              45.7367017
            ]
          ]
        ]
      }
    },
    {
      "type": "Feature",
      "properties": {
        "type": "way",
        "id": 248183445,
        "tags": {
          "leisure": "pitch",
          "sport": "tennis"
        },
        "nodes": [
          2550196066,
          2550196068,
          2550196070,
          2550196072,
          2550196066
        ]
      },
      "geometry": {
        "type": "Polygon",
        "coordinates": [
          [
            [
              7.3266586,
              45.7363654
            ],
            [
              7.3264865,
              45.7366569
            ],
            [
              7.3262684,
              45.7365942
            ],
            [
              7.3264405,
              45.7363026
            ],
            [
              7.3266586,
              45.7363654
            ]
          ]
        ]
      }
    },
    {
      "type": "Feature",
      "properties": {
        "type": "way",
        "id": 248833547,
        "tags": {
          "leisure": "sports_centre",
          "name": "Bocciofila"
        },
        "nodes": [
          2555627193,
          11043933852,
          2555627195,
          2555627197,
          2555627199,
          2555627193
        ]
      },
      "geometry": {
        "type": "Polygon",
        "coordinates": [
          [
            [
              7.2893218,
              45.7333378
            ],
            [
              7.2893243,
              45.7333143
            ],
            [
              7.2893474,
              45.7330971
            ],
            [
              7.2894794,
              45.7330971
            ],
            [
              7.2894581,
              45.7333438
            ],
            [
              7.2893218,
              45.7333378
            ]
          ]
        ]
      }
    },
    {
      "type": "Feature",
      "properties": {
        "type": "way",
        "id": 249924166,
        "tags": {
          "leisure": "sports_centre",
          "name": "Tiro a volo Aosta"
        },
        "nodes": [
          2564578273,
          2564578276,
          2564578281,
          2564578284,
          2564578273
        ]
      },
      "geometry": {
        "type": "Polygon",
        "coordinates": [
          [
            [
              7.3405239,
              45.7359395
            ],
            [
              7.3406157,
              45.7360569
            ],
            [
              7.3408639,
              45.7359624
            ],
            [
              7.3407721,
              45.735845
            ],
            [
              7.3405239,
              45.7359395
            ]
          ]
        ]
      }
    },
    {
      "type": "Feature",
      "properties": {
        "type": "way",
        "id": 259476076,
        "tags": {
          "leisure": "pitch",
          "sport": "tennis"
        },
        "nodes": [
          2648920179,
          2648920187,
          2648920190,
          2648920184,
          2648920179
        ]
      },
      "geometry": {
        "type": "Polygon",
        "coordinates": [
          [
            [
              7.673403,
              45.7070794
            ],
            [
              7.6733581,
              45.7072231
            ],
            [
              7.6738038,
              45.707291
            ],
            [
              7.6738487,
              45.7071474
            ],
            [
              7.673403,
              45.7070794
            ]
          ]
        ]
      }
    },
    {
      "type": "Feature",
      "properties": {
        "type": "way",
        "id": 259476077,
        "tags": {
          "leisure": "pitch",
          "sport": "soccer"
        },
        "nodes": [
          2648920173,
          2648920186,
          2648920189,
          2648920178,
          2648920173
        ]
      },
      "geometry": {
        "type": "Polygon",
        "coordinates": [
          [
            [
              7.672837,
              45.7069887
            ],
            [
              7.6727873,
              45.707148
            ],
            [
              7.6733292,
              45.7072306
            ],
            [
              7.673379,
              45.7070713
            ],
            [
              7.672837,
              45.7069887
            ]
          ]
        ]
      }
    },
    {
      "type": "Feature",
      "properties": {
        "type": "way",
        "id": 262734353,
        "tags": {
          "area": "yes",
          "leisure": "stadium",
          "name": "Stade de Slalom",
          "piste:difficulty": "easy",
          "piste:type": "downhill",
          "sport": "ski"
        },
        "nodes": [
          2683907101,
          11537912541,
          2683907103,
          2683907105,
          2683907106,
          2683907107,
          11537912542,
          11537912543,
          2683907109,
          11537912544,
          2683907110,
          2683907113,
          2683907114,
          2683907115,
          2683907101
        ]
      },
      "geometry": {
        "type": "Polygon",
        "coordinates": [
          [
            [
              6.9392521,
              45.6990834
            ],
            [
              6.9396714,
              45.699533
            ],
            [
              6.9401678,
              45.7001536
            ],
            [
              6.9405718,
              45.7006289
            ],
            [
              6.9409763,
              45.7011483
            ],
            [
              6.9414954,
              45.7017938
            ],
            [
              6.9420917,
              45.702627
            ],
            [
              6.9415295,
              45.7024273
            ],
            [
              6.9404361,
              45.7019813
            ],
            [
              6.9401134,
              45.701801
            ],
            [
              6.9399146,
              45.7016233
            ],
            [
              6.9390384,
              45.7006879
            ],
            [
              6.9387048,
              45.7003739
            ],
            [
              6.9384509,
              45.699963
            ],
            [
              6.9392521,
              45.6990834
            ]
          ]
        ]
      }
    },
    {
      "type": "Feature",
      "properties": {
        "type": "way",
        "id": 268474728,
        "tags": {
          "leisure": "pitch",
          "note": "tiro a ? biathlon d'inverno, con l'arco non so",
          "sport": "archery;biathlon"
        },
        "nodes": [
          2738128003,
          2738128008,
          2738127998,
          2738127993,
          2738128003
        ]
      },
      "geometry": {
        "type": "Polygon",
        "coordinates": [
          [
            [
              7.712399,
              45.7624112
            ],
            [
              7.7128043,
              45.7626745
            ],
            [
              7.713556,
              45.7621113
            ],
            [
              7.7131506,
              45.761848
            ],
            [
              7.712399,
              45.7624112
            ]
          ]
        ]
      }
    },
    {
      "type": "Feature",
      "properties": {
        "type": "way",
        "id": 268508856,
        "tags": {
          "leisure": "pitch",
          "sport": "athletics"
        },
        "nodes": [
          2738425111,
          2738425116,
          2738425127,
          2738425138,
          2738425145,
          2738425144,
          2738425134,
          2738425121,
          2738425115,
          2738425109,
          2738425105,
          2738425066,
          2738425044,
          2738425034,
          2738425031,
          2738425029,
          2738425032,
          2738425035,
          2738425051,
          2738425064,
          2738425068,
          2738425079,
          2738425111
        ]
      },
      "geometry": {
        "type": "Polygon",
        "coordinates": [
          [
            [
              7.3078459,
              45.7295523
            ],
            [
              7.3078056,
              45.7296385
            ],
            [
              7.3076971,
              45.7297354
            ],
            [
              7.3076013,
              45.7297917
            ],
            [
              7.3074399,
              45.7298322
            ],
            [
              7.3072835,
              45.7298322
            ],
            [
              7.3070994,
              45.7297829
            ],
            [
              7.3069758,
              45.7297142
            ],
            [
              7.3068875,
              45.7296262
            ],
            [
              7.3068471,
              45.7295118
            ],
            [
              7.3068572,
              45.7294202
            ],
            [
              7.3070867,
              45.7287125
            ],
            [
              7.3071952,
              45.7285769
            ],
            [
              7.3073087,
              45.7285135
            ],
            [
              7.3074272,
              45.7284748
            ],
            [
              7.3075912,
              45.728466
            ],
            [
              7.3077173,
              45.7284783
            ],
            [
              7.3078762,
              45.7285294
            ],
            [
              7.3079897,
              45.7286103
            ],
            [
              7.3080553,
              45.7287089
            ],
            [
              7.3080805,
              45.7288357
            ],
            [
              7.3080553,
              45.7289361
            ],
            [
              7.3078459,
              45.7295523
            ]
          ]
        ]
      }
    },
    {
      "type": "Feature",
      "properties": {
        "type": "way",
        "id": 268508857,
        "tags": {
          "leisure": "pitch",
          "sport": "athletics"
        },
        "nodes": [
          2738425112,
          2738425119,
          2738425136,
          2738425149,
          2738425153,
          2738425151,
          2738425147,
          2738425132,
          2738425114,
          2738425129,
          2738425125,
          2738425103,
          2738425062,
          2738425036,
          2738425028,
          2738425024,
          2738425022,
          2738425025,
          2738425030,
          2738425042,
          2738425058,
          2738425039,
          2738425040,
          2738425070,
          2738425081,
          2738425112
        ]
      },
      "geometry": {
        "type": "Polygon",
        "coordinates": [
          [
            [
              7.307941,
              45.7295709
            ],
            [
              7.307894,
              45.7296714
            ],
            [
              7.3077685,
              45.7297834
            ],
            [
              7.3076513,
              45.7298524
            ],
            [
              7.307457,
              45.7299011
            ],
            [
              7.3072652,
              45.7299011
            ],
            [
              7.3070498,
              45.7298434
            ],
            [
              7.3069031,
              45.7297619
            ],
            [
              7.306786,
              45.7296103
            ],
            [
              7.3067399,
              45.7297445
            ],
            [
              7.3066504,
              45.7297305
            ],
            [
              7.3067594,
              45.7294099
            ],
            [
              7.3069937,
              45.7286876
            ],
            [
              7.3071185,
              45.7285315
            ],
            [
              7.3072562,
              45.7284546
            ],
            [
              7.3074017,
              45.7284071
            ],
            [
              7.3075943,
              45.7283967
            ],
            [
              7.3077454,
              45.7284115
            ],
            [
              7.307934,
              45.7284721
            ],
            [
              7.308072,
              45.7285706
            ],
            [
              7.3081383,
              45.7286717
            ],
            [
              7.3081745,
              45.728552
            ],
            [
              7.3082683,
              45.7285684
            ],
            [
              7.3081803,
              45.7288369
            ],
            [
              7.3081519,
              45.72895
            ],
            [
              7.307941,
              45.7295709
            ]
          ]
        ]
      }
    },
    {
      "type": "Feature",
      "properties": {
        "type": "way",
        "id": 268508858,
        "tags": {
          "capacity": "2",
          "leisure": "pitch",
          "sport": "tennis"
        },
        "nodes": [
          2738425091,
          2738425096,
          2738425083,
          2738425075,
          2738425091
        ]
      },
      "geometry": {
        "type": "Polygon",
        "coordinates": [
          [
            [
              7.3055039,
              45.7292307
            ],
            [
              7.3059671,
              45.729308
            ],
            [
              7.3060747,
              45.7289941
            ],
            [
              7.3056115,
              45.7289168
            ],
            [
              7.3055039,
              45.7292307
            ]
          ]
        ]
      }
    },
    {
      "type": "Feature",
      "properties": {
        "type": "way",
        "id": 268508859,
        "tags": {
          "leisure": "pitch",
          "sport": "tennis"
        },
        "nodes": [
          2738425130,
          2738425140,
          2738425107,
          2738425102,
          2738425130
        ]
      },
      "geometry": {
        "type": "Polygon",
        "coordinates": [
          [
            [
              7.3054504,
              45.729751
            ],
            [
              7.30572,
              45.729796
            ],
            [
              7.3058377,
              45.7294524
            ],
            [
              7.3055682,
              45.7294074
            ],
            [
              7.3054504,
              45.729751
            ]
          ]
        ]
      }
    },
    {
      "type": "Feature",
      "properties": {
        "type": "way",
        "id": 268508860,
        "tags": {
          "leisure": "swimming_pool"
        },
        "nodes": [
          2738425023,
          2738425026,
          2738425017,
          2738425016,
          2738425023
        ]
      },
      "geometry": {
        "type": "Polygon",
        "coordinates": [
          [
            [
              7.3054455,
              45.7284
            ],
            [
              7.3055428,
              45.7284178
            ],
            [
              7.3056203,
              45.7282108
            ],
            [
              7.305523,
              45.7281931
            ],
            [
              7.3054455,
              45.7284
            ]
          ]
        ]
      }
    },
    {
      "type": "Feature",
      "properties": {
        "type": "way",
        "id": 268508861,
        "tags": {
          "capacity": "2",
          "covered": "yes",
          "leisure": "pitch",
          "sport": "tennis"
        },
        "nodes": [
          2738425071,
          2738425077,
          2738425053,
          2738425037,
          2738425071
        ]
      },
      "geometry": {
        "type": "Polygon",
        "coordinates": [
          [
            [
              7.3056217,
              45.7288373
            ],
            [
              7.306114,
              45.7289194
            ],
            [
              7.3062138,
              45.7286281
            ],
            [
              7.3057215,
              45.7285459
            ],
            [
              7.3056217,
              45.7288373
            ]
          ]
        ]
      }
    },
    {
      "type": "Feature",
      "properties": {
        "type": "way",
        "id": 268508862,
        "tags": {
          "leisure": "swimming_pool"
        },
        "nodes": [
          2738425019,
          2738425021,
          2738425014,
          2738425013,
          2738425019
        ]
      },
      "geometry": {
        "type": "Polygon",
        "coordinates": [
          [
            [
              7.3051102,
              45.7283154
            ],
            [
              7.3053629,
              45.7283615
            ],
            [
              7.305527,
              45.7279233
            ],
            [
              7.3052743,
              45.7278772
            ],
            [
              7.3051102,
              45.7283154
            ]
          ]
        ]
      }
    },
    {
      "type": "Feature",
      "properties": {
        "type": "way",
        "id": 268508863,
        "tags": {
          "leisure": "pitch",
          "sport": "tennis"
        },
        "nodes": [
          2738425094,
          2738425098,
          2738425089,
          2738425087,
          2738425094
        ]
      },
      "geometry": {
        "type": "Polygon",
        "coordinates": [
          [
            [
              7.3050125,
              45.7292723
            ],
            [
              7.305346,
              45.7293307
            ],
            [
              7.3053995,
              45.7291815
            ],
            [
              7.305066,
              45.7291232
            ],
            [
              7.3050125,
              45.7292723
            ]
          ]
        ]
      }
    },
    {
      "type": "Feature",
      "properties": {
        "type": "way",
        "id": 268514027,
        "tags": {
          "access": "designated",
          "area": "no",
          "highway": "cycleway",
          "leisure": "track",
          "name": "Pista di Rapy",
          "skiroll": "designed",
          "sport": "skyroll"
        },
        "nodes": [
          1807028548,
          1807028573,
          1807028579,
          1807028593,
          1807028551,
          1807028508,
          1807028490,
          1807028503,
          1807028537,
          1807028550,
          1807028523
        ]
      },
      "geometry": {
        "type": "LineString",
        "coordinates": [
          [
            7.5414743,
            45.7611986
          ],
          [
            7.5410836,
            45.7612428
          ],
          [
            7.5408211,
            45.7612532
          ],
          [
            7.5404138,
            45.7612694
          ],
          [
            7.5402185,
            45.7612127
          ],
          [
            7.5398861,
            45.7611012
          ],
          [
            7.5394548,
            45.7610446
          ],
          [
            7.5391885,
            45.76108
          ],
          [
            7.5389754,
            45.7611685
          ],
          [
            7.5388274,
            45.7612267
          ],
          [
            7.5387392,
            45.761264
          ]
        ]
      }
    },
    {
      "type": "Feature",
      "properties": {
        "type": "way",
        "id": 268514028,
        "tags": {
          "access": "designated",
          "area": "no",
          "highway": "cycleway",
          "leisure": "track",
          "name": "Pista di Rapy",
          "skiroll": "designed",
          "sport": "skyroll"
        },
        "nodes": [
          1807028548,
          1807028510,
          1807028501,
          1807028497,
          1807028492,
          1807028479,
          10044735502,
          1807028472,
          10044735503,
          1807028453,
          1807028382,
          1807028374,
          10044735501,
          1807028346,
          10044735500,
          10044735498,
          1807028339,
          1807028328,
          1807028308,
          10044735499,
          1807028333,
          1807028465,
          1807028548
        ]
      },
      "geometry": {
        "type": "LineString",
        "coordinates": [
          [
            7.5414743,
            45.7611986
          ],
          [
            7.5418979,
            45.7611065
          ],
          [
            7.5424383,
            45.7610765
          ],
          [
            7.5430345,
            45.7610605
          ],
          [
            7.5437042,
            45.7610464
          ],
          [
            7.54427,
            45.7610251
          ],
          [
            7.5443351,
            45.7610114
          ],
          [
            7.5444044,
            45.7609685
          ],
          [
            7.5444236,
            45.7609066
          ],
          [
            7.544404,
            45.7608416
          ],
          [
            7.5439778,
            45.7604295
          ],
          [
            7.5439528,
            45.7603685
          ],
          [
            7.5439703,
            45.7603209
          ],
          [
            7.5440181,
            45.7602674
          ],
          [
            7.5440669,
            45.7602217
          ],
          [
            7.5440857,
            45.760189
          ],
          [
            7.5440898,
            45.7601419
          ],
          [
            7.5440756,
            45.7601127
          ],
          [
            7.5439453,
            45.7599788
          ],
          [
            7.5439113,
            45.7600037
          ],
          [
            7.5438767,
            45.7600552
          ],
          [
            7.5420248,
            45.7609295
          ],
          [
            7.5414743,
            45.7611986
          ]
        ]
      }
    },
    {
      "type": "Feature",
      "properties": {
        "type": "way",
        "id": 268525744,
        "tags": {
          "access": "private",
          "leisure": "swimming_pool"
        },
        "nodes": [
          2738675057,
          2738675059,
          2738675056,
          2738675054,
          2738675057
        ]
      },
      "geometry": {
        "type": "Polygon",
        "coordinates": [
          [
            [
              7.4723312,
              45.7408743
            ],
            [
              7.4724786,
              45.7409096
            ],
            [
              7.4725055,
              45.7408548
            ],
            [
              7.472358,
              45.7408196
            ],
            [
              7.4723312,
              45.7408743
            ]
          ]
        ]
      }
    },
    {
      "type": "Feature",
      "properties": {
        "type": "way",
        "id": 277264171,
        "tags": {
          "leisure": "pitch",
          "sport": "basketball"
        },
        "nodes": [
          2817900247,
          2817900255,
          2817900236,
          2817900226,
          2817900247
        ]
      },
      "geometry": {
        "type": "Polygon",
        "coordinates": [
          [
            [
              7.733932,
              45.8556555
            ],
            [
              7.7340812,
              45.8557571
            ],
            [
              7.7343414,
              45.8555716
            ],
            [
              7.7341922,
              45.85547
            ],
            [
              7.733932,
              45.8556555
            ]
          ]
        ]
      }
    },
    {
      "type": "Feature",
      "properties": {
        "type": "way",
        "id": 286681494,
        "tags": {
          "leisure": "pitch",
          "lit": "no",
          "sport": "basketball"
        },
        "nodes": [
          2903561454,
          2903561455,
          2903561456,
          2903561457,
          2903561454
        ]
      },
      "geometry": {
        "type": "Polygon",
        "coordinates": [
          [
            [
              7.1969218,
              45.6986498
            ],
            [
              7.1972115,
              45.6987753
            ],
            [
              7.1973161,
              45.6986667
            ],
            [
              7.1970264,
              45.6985318
            ],
            [
              7.1969218,
              45.6986498
            ]
          ]
        ]
      }
    },
    {
      "type": "Feature",
      "properties": {
        "type": "way",
        "id": 289465383,
        "tags": {
          "leisure": "pitch",
          "sport": "soccer"
        },
        "nodes": [
          2930188136,
          2930188137,
          2930188138,
          2930188139,
          2930188136
        ]
      },
      "geometry": {
        "type": "Polygon",
        "coordinates": [
          [
            [
              7.2170975,
              45.7015867
            ],
            [
              7.2184797,
              45.7015219
            ],
            [
              7.218425,
              45.7009889
            ],
            [
              7.2170508,
              45.7010351
            ],
            [
              7.2170975,
              45.7015867
            ]
          ]
        ]
      }
    },
    {
      "type": "Feature",
      "properties": {
        "type": "way",
        "id": 292461563,
        "tags": {
          "leisure": "pitch",
          "name": "Biathlon regular field",
          "sport": "shooting"
        },
        "nodes": [
          2960143710,
          2960143711,
          2960143712,
          2960143713,
          2960143710
        ]
      },
      "geometry": {
        "type": "Polygon",
        "coordinates": [
          [
            [
              7.4022319,
              45.8650768
            ],
            [
              7.4025995,
              45.8646794
            ],
            [
              7.4035343,
              45.8650987
            ],
            [
              7.4031667,
              45.8654961
            ],
            [
              7.4022319,
              45.8650768
            ]
          ]
        ]
      }
    },
    {
      "type": "Feature",
      "properties": {
        "type": "way",
        "id": 293439406,
        "tags": {
          "leisure": "pitch",
          "sport": "tennis"
        },
        "nodes": [
          2970394759,
          2970394760,
          2970394756,
          2970394755,
          2970394759
        ]
      },
      "geometry": {
        "type": "Polygon",
        "coordinates": [
          [
            [
              7.8278085,
              45.7760987
            ],
            [
              7.8279991,
              45.7761689
            ],
            [
              7.8282237,
              45.7758827
            ],
            [
              7.8280223,
              45.7758087
            ],
            [
              7.8278085,
              45.7760987
            ]
          ]
        ]
      }
    },
    {
      "type": "Feature",
      "properties": {
        "type": "way",
        "id": 293439407,
        "tags": {
          "leisure": "pitch",
          "sport": "tennis"
        },
        "nodes": [
          2970394760,
          2970394756,
          2970394758,
          2970394762,
          2970394760
        ]
      },
      "geometry": {
        "type": "Polygon",
        "coordinates": [
          [
            [
              7.8279991,
              45.7761689
            ],
            [
              7.8282237,
              45.7758827
            ],
            [
              7.8284301,
              45.7759615
            ],
            [
              7.8282055,
              45.7762477
            ],
            [
              7.8279991,
              45.7761689
            ]
          ]
        ]
      }
    },
    {
      "type": "Feature",
      "properties": {
        "type": "way",
        "id": 293812045,
        "tags": {
          "height": "12",
          "leisure": "sports_centre",
          "man_made": "tower",
          "sport": "climbing",
          "tower:type": "climbing"
        },
        "nodes": [
          2973969779,
          2973969781,
          2973969780,
          2973969778,
          2973969779
        ]
      },
      "geometry": {
        "type": "Polygon",
        "coordinates": [
          [
            [
              7.720545,
              45.7600045
            ],
            [
              7.7205941,
              45.7600788
            ],
            [
              7.720653,
              45.7600598
            ],
            [
              7.7206039,
              45.7599856
            ],
            [
              7.720545,
              45.7600045
            ]
          ]
        ]
      }
    },
    {
      "type": "Feature",
      "properties": {
        "type": "way",
        "id": 293812053,
        "tags": {
          "leisure": "pitch",
          "sport": "tennis"
        },
        "nodes": [
          2973969749,
          2973967931,
          2973967926,
          2973969734,
          2973969749
        ]
      },
      "geometry": {
        "type": "Polygon",
        "coordinates": [
          [
            [
              7.7227034,
              45.7584912
            ],
            [
              7.7229729,
              45.7583519
            ],
            [
              7.7228614,
              45.7582468
            ],
            [
              7.7225918,
              45.7583861
            ],
            [
              7.7227034,
              45.7584912
            ]
          ]
        ]
      }
    },
    {
      "type": "Feature",
      "properties": {
        "type": "way",
        "id": 293812054,
        "tags": {
          "leisure": "pitch",
          "sport": "tennis"
        },
        "nodes": [
          2973967930,
          2973967924,
          2973967922,
          2973967925,
          2973967930
        ]
      },
      "geometry": {
        "type": "Polygon",
        "coordinates": [
          [
            [
              7.7225574,
              45.7583493
            ],
            [
              7.7228269,
              45.7582101
            ],
            [
              7.7227154,
              45.758105
            ],
            [
              7.7224459,
              45.7582442
            ],
            [
              7.7225574,
              45.7583493
            ]
          ]
        ]
      }
    },
    {
      "type": "Feature",
      "properties": {
        "type": "way",
        "id": 295223693,
        "tags": {
          "leisure": "pitch",
          "sport": "soccer",
          "surface": "asphalt"
        },
        "nodes": [
          2989286391,
          2989286392,
          2989286393,
          2989286394,
          2989286391
        ]
      },
      "geometry": {
        "type": "Polygon",
        "coordinates": [
          [
            [
              7.3169864,
              45.7433747
            ],
            [
              7.3168541,
              45.7433285
            ],
            [
              7.3169839,
              45.7431472
            ],
            [
              7.3171163,
              45.7431933
            ],
            [
              7.3169864,
              45.7433747
            ]
          ]
        ]
      }
    },
    {
      "type": "Feature",
      "properties": {
        "type": "way",
        "id": 295357845,
        "tags": {
          "leisure": "pitch",
          "sport": "tennis"
        },
        "nodes": [
          2990676972,
          2990676973,
          2990676974,
          2990676975,
          2990676972
        ]
      },
      "geometry": {
        "type": "Polygon",
        "coordinates": [
          [
            [
              7.8247992,
              45.829421
            ],
            [
              7.8251217,
              45.8291724
            ],
            [
              7.8252949,
              45.8292815
            ],
            [
              7.8249724,
              45.8295301
            ],
            [
              7.8247992,
              45.829421
            ]
          ]
        ]
      }
    },
    {
      "type": "Feature",
      "properties": {
        "type": "way",
        "id": 295810630,
        "tags": {
          "leisure": "pitch",
          "sport": "soccer"
        },
        "nodes": [
          2995718309,
          2995718282,
          2995718302,
          2995718320,
          2995718309
        ]
      },
      "geometry": {
        "type": "Polygon",
        "coordinates": [
          [
            [
              7.7131297,
              45.7626003
            ],
            [
              7.7136805,
              45.7621959
            ],
            [
              7.7139598,
              45.7623811
            ],
            [
              7.713409,
              45.7627854
            ],
            [
              7.7131297,
              45.7626003
            ]
          ]
        ]
      }
    },
    {
      "type": "Feature",
      "properties": {
        "type": "way",
        "id": 295964878,
        "tags": {
          "access": "customers",
          "leisure": "swimming_pool"
        },
        "nodes": [
          2997249092,
          2997249093,
          2997249094,
          2997249095,
          2997249092
        ]
      },
      "geometry": {
        "type": "Polygon",
        "coordinates": [
          [
            [
              7.8233505,
              45.8316252
            ],
            [
              7.8233787,
              45.8316001
            ],
            [
              7.8233411,
              45.8315797
            ],
            [
              7.823313,
              45.8316048
            ],
            [
              7.8233505,
              45.8316252
            ]
          ]
        ]
      }
    },
    {
      "type": "Feature",
      "properties": {
        "type": "way",
        "id": 298773201,
        "tags": {
          "leisure": "pitch",
          "lit": "yes",
          "sport": "tennis",
          "surface": "artificial_turf"
        },
        "nodes": [
          3027077106,
          3027077086,
          3027076927,
          3027077045,
          3027077106
        ]
      },
      "geometry": {
        "type": "Polygon",
        "coordinates": [
          [
            [
              7.7453645,
              45.7279708
            ],
            [
              7.7456504,
              45.7279586
            ],
            [
              7.7456215,
              45.7276276
            ],
            [
              7.7453357,
              45.7276397
            ],
            [
              7.7453645,
              45.7279708
            ]
          ]
        ]
      }
    },
    {
      "type": "Feature",
      "properties": {
        "type": "way",
        "id": 300274728,
        "tags": {
          "leisure": "pitch",
          "sport": "basketball"
        },
        "nodes": [
          3043754775,
          3043754776,
          3043754774,
          3043754769,
          3043754775
        ]
      },
      "geometry": {
        "type": "Polygon",
        "coordinates": [
          [
            [
              7.4037736,
              45.7381889
            ],
            [
              7.4042369,
              45.7382133
            ],
            [
              7.4042544,
              45.7380505
            ],
            [
              7.4037912,
              45.7380261
            ],
            [
              7.4037736,
              45.7381889
            ]
          ]
        ]
      }
    },
    {
      "type": "Feature",
      "properties": {
        "type": "way",
        "id": 300274729,
        "tags": {
          "leisure": "swimming_pool"
        },
        "nodes": [
          3043754741,
          3043754743,
          3043754611,
          3043754607,
          3043754741
        ]
      },
      "geometry": {
        "type": "Polygon",
        "coordinates": [
          [
            [
              7.4039302,
              45.7377572
            ],
            [
              7.4040566,
              45.7377647
            ],
            [
              7.4040841,
              45.7375384
            ],
            [
              7.4039578,
              45.737531
            ],
            [
              7.4039302,
              45.7377572
            ]
          ]
        ]
      }
    },
    {
      "type": "Feature",
      "properties": {
        "type": "way",
        "id": 301981662,
        "tags": {
          "leisure": "pitch",
          "sport": "soccer"
        },
        "nodes": [
          3061714918,
          3061714917,
          3061714916,
          3061721175,
          3061714918
        ]
      },
      "geometry": {
        "type": "Polygon",
        "coordinates": [
          [
            [
              7.2120981,
              45.5478582
            ],
            [
              7.2118443,
              45.5477328
            ],
            [
              7.2120875,
              45.5474914
            ],
            [
              7.2123413,
              45.5476168
            ],
            [
              7.2120981,
              45.5478582
            ]
          ]
        ]
      }
    },
    {
      "type": "Feature",
      "properties": {
        "type": "way",
        "id": 301991222,
        "tags": {
          "hoops": "2",
          "leisure": "pitch",
          "lit": "yes",
          "sport": "basketball;volleyball"
        },
        "nodes": [
          3061941837,
          3061941835,
          3061941836,
          3061941838,
          3061941837
        ]
      },
      "geometry": {
        "type": "Polygon",
        "coordinates": [
          [
            [
              7.2074583,
              45.5933091
            ],
            [
              7.2074918,
              45.5931465
            ],
            [
              7.2078707,
              45.5931847
            ],
            [
              7.2078371,
              45.5933473
            ],
            [
              7.2074583,
              45.5933091
            ]
          ]
        ]
      }
    },
    {
      "type": "Feature",
      "properties": {
        "type": "way",
        "id": 301999358,
        "tags": {
          "leisure": "pitch",
          "sport": "soccer"
        },
        "nodes": [
          3062162939,
          8069681908,
          8069681907,
          8069681916,
          3062162935,
          8069681914,
          8069681915,
          8069681906,
          3062162933,
          8069681912,
          8069681905,
          8069681911,
          3062162934,
          8069681910,
          8069681913,
          8069681909,
          3062162939
        ]
      },
      "geometry": {
        "type": "Polygon",
        "coordinates": [
          [
            [
              7.1997844,
              45.6990805
            ],
            [
              7.1997292,
              45.6990264
            ],
            [
              7.1996834,
              45.6989705
            ],
            [
              7.1996698,
              45.6989417
            ],
            [
              7.1996749,
              45.6988904
            ],
            [
              7.1998612,
              45.6987891
            ],
            [
              7.1999771,
              45.6987413
            ],
            [
              7.2000663,
              45.6987329
            ],
            [
              7.2001344,
              45.6987374
            ],
            [
              7.2002204,
              45.6988065
            ],
            [
              7.2002487,
              45.6988569
            ],
            [
              7.2002724,
              45.6989148
            ],
            [
              7.2002907,
              45.6990157
            ],
            [
              7.2001574,
              45.6990111
            ],
            [
              7.2000465,
              45.6990167
            ],
            [
              7.1999383,
              45.6990336
            ],
            [
              7.1997844,
              45.6990805
            ]
          ]
        ]
      }
    },
    {
      "type": "Feature",
      "properties": {
        "type": "way",
        "id": 302519814,
        "tags": {
          "leisure": "pitch",
          "sport": "volleyball",
          "surface": "grass"
        },
        "nodes": [
          3067683638,
          3067683241,
          3067682640,
          3067683240,
          3067683638
        ]
      },
      "geometry": {
        "type": "Polygon",
        "coordinates": [
          [
            [
              7.4404493,
              45.7371521
            ],
            [
              7.4407075,
              45.7371633
            ],
            [
              7.4407289,
              45.7369211
            ],
            [
              7.4404708,
              45.7369099
            ],
            [
              7.4404493,
              45.7371521
            ]
          ]
        ]
      }
    },
    {
      "type": "Feature",
      "properties": {
        "type": "way",
        "id": 302519815,
        "tags": {
          "leisure": "pitch",
          "sport": "beachvolleyball",
          "surface": "sand"
        },
        "nodes": [
          3067683640,
          3067682644,
          3067682642,
          3067682641,
          3067683640
        ]
      },
      "geometry": {
        "type": "Polygon",
        "coordinates": [
          [
            [
              7.4404229,
              45.73743
            ],
            [
              7.4406736,
              45.7374469
            ],
            [
              7.4407093,
              45.7371889
            ],
            [
              7.4404587,
              45.737172
            ],
            [
              7.4404229,
              45.73743
            ]
          ]
        ]
      }
    },
    {
      "type": "Feature",
      "properties": {
        "type": "way",
        "id": 302522808,
        "tags": {
          "leisure": "pitch",
          "sport": "soccer"
        },
        "nodes": [
          3067713042,
          3067709443,
          3067713438,
          3067712746,
          3067713140,
          3067713240,
          3067713042
        ]
      },
      "geometry": {
        "type": "Polygon",
        "coordinates": [
          [
            [
              7.5383214,
              45.7432579
            ],
            [
              7.539673,
              45.7431156
            ],
            [
              7.5395491,
              45.7425424
            ],
            [
              7.5391291,
              45.7425843
            ],
            [
              7.538623,
              45.7426421
            ],
            [
              7.5381975,
              45.7426846
            ],
            [
              7.5383214,
              45.7432579
            ]
          ]
        ]
      }
    },
    {
      "type": "Feature",
      "properties": {
        "type": "way",
        "id": 302959222,
        "tags": {
          "leisure": "pitch",
          "lit": "yes",
          "sport": "handball",
          "surface": "tartan"
        },
        "nodes": [
          3072402636,
          3072402440,
          3072403539,
          3072403041,
          3072402636
        ]
      },
      "geometry": {
        "type": "Polygon",
        "coordinates": [
          [
            [
              7.7278281,
              45.8373558
            ],
            [
              7.7279153,
              45.8374435
            ],
            [
              7.7281535,
              45.8373283
            ],
            [
              7.7280662,
              45.8372407
            ],
            [
              7.7278281,
              45.8373558
            ]
          ]
        ]
      }
    },
    {
      "type": "Feature",
      "properties": {
        "type": "way",
        "id": 302977763,
        "tags": {
          "leisure": "pitch",
          "sport": "volleyball",
          "surface": "asphalt"
        },
        "nodes": [
          3072663833,
          3072663733,
          3072663533,
          3072663633,
          3072663833
        ]
      },
      "geometry": {
        "type": "Polygon",
        "coordinates": [
          [
            [
              7.6998752,
              45.7812552
            ],
            [
              7.7000237,
              45.7811758
            ],
            [
              7.6998215,
              45.7809918
            ],
            [
              7.6996729,
              45.7810712
            ],
            [
              7.6998752,
              45.7812552
            ]
          ]
        ]
      }
    },
    {
      "type": "Feature",
      "properties": {
        "type": "way",
        "id": 302977765,
        "tags": {
          "leisure": "pitch",
          "sport": "bowls"
        },
        "nodes": [
          3072664239,
          3072663940,
          3072663741,
          3072664034,
          3072664239
        ]
      },
      "geometry": {
        "type": "Polygon",
        "coordinates": [
          [
            [
              7.6991165,
              45.7820224
            ],
            [
              7.6992265,
              45.7820004
            ],
            [
              7.6991227,
              45.7817477
            ],
            [
              7.6990127,
              45.7817697
            ],
            [
              7.6991165,
              45.7820224
            ]
          ]
        ]
      }
    },
    {
      "type": "Feature",
      "properties": {
        "type": "way",
        "id": 302977766,
        "tags": {
          "leisure": "pitch",
          "sport": "soccer"
        },
        "nodes": [
          3072663938,
          3072663739,
          3072664033,
          3072663735,
          3072664134,
          3072663938
        ]
      },
      "geometry": {
        "type": "Polygon",
        "coordinates": [
          [
            [
              7.699304,
              45.7817921
            ],
            [
              7.6996379,
              45.7817331
            ],
            [
              7.6994842,
              45.7813102
            ],
            [
              7.6991502,
              45.7813692
            ],
            [
              7.6992115,
              45.7815453
            ],
            [
              7.699304,
              45.7817921
            ]
          ]
        ]
      }
    },
    {
      "type": "Feature",
      "properties": {
        "type": "way",
        "id": 304199051,
        "tags": {
          "access": "customers",
          "leisure": "swimming_pool"
        },
        "nodes": [
          3087266621,
          3087266617,
          3087266615,
          3087266614,
          3087266612,
          3087266611,
          3087266609,
          3087266608,
          3087266605,
          3087266602,
          3087266600,
          3087266599,
          3087266597,
          3087266598,
          3087266601,
          3087266603,
          3087266606,
          3087266604,
          3087266607,
          3087266610,
          3087266613,
          3087266616,
          3087266618,
          3087266619,
          3087266620,
          3087266623,
          3087266625,
          3087267133,
          3087267134,
          3087267136,
          3087267135,
          3087266630,
          3087266626,
          3087266624,
          3087266627,
          3087266629,
          3087266631,
          3087266632,
          3087266628,
          3087266622,
          3087266621
        ]
      },
      "geometry": {
        "type": "Polygon",
        "coordinates": [
          [
            [
              7.3317413,
              45.7425236
            ],
            [
              7.3317337,
              45.7425039
            ],
            [
              7.3317684,
              45.7424956
            ],
            [
              7.3318075,
              45.7424926
            ],
            [
              7.3318237,
              45.7424804
            ],
            [
              7.3318368,
              45.7424714
            ],
            [
              7.3318585,
              45.7424653
            ],
            [
              7.3318878,
              45.7424577
            ],
            [
              7.331903,
              45.7424494
            ],
            [
              7.331916,
              45.7424358
            ],
            [
              7.3319225,
              45.7424176
            ],
            [
              7.3319312,
              45.7424077
            ],
            [
              7.3319453,
              45.7424024
            ],
            [
              7.3319561,
              45.7424062
            ],
            [
              7.3319702,
              45.7424191
            ],
            [
              7.3319865,
              45.7424441
            ],
            [
              7.3319909,
              45.7424517
            ],
            [
              7.3320104,
              45.7424456
            ],
            [
              7.3320191,
              45.7424554
            ],
            [
              7.3320288,
              45.7424668
            ],
            [
              7.3320278,
              45.7424835
            ],
            [
              7.3320213,
              45.7425032
            ],
            [
              7.3320297,
              45.7425051
            ],
            [
              7.3320237,
              45.7425149
            ],
            [
              7.3320194,
              45.7425191
            ],
            [
              7.3320129,
              45.742524
            ],
            [
              7.3320064,
              45.7425289
            ],
            [
              7.3320243,
              45.7425475
            ],
            [
              7.3320145,
              45.7425535
            ],
            [
              7.3319798,
              45.7425626
            ],
            [
              7.3319299,
              45.7425619
            ],
            [
              7.3319288,
              45.7425357
            ],
            [
              7.3319266,
              45.7425304
            ],
            [
              7.3319206,
              45.7425285
            ],
            [
              7.3319125,
              45.7425312
            ],
            [
              7.3318957,
              45.7425353
            ],
            [
              7.3318843,
              45.7425369
            ],
            [
              7.331785,
              45.7425376
            ],
            [
              7.331779,
              45.7425331
            ],
            [
              7.3317644,
              45.742524
            ],
            [
              7.3317413,
              45.7425236
            ]
          ]
        ]
      }
    },
    {
      "type": "Feature",
      "properties": {
        "type": "way",
        "id": 304789590,
        "tags": {
          "leisure": "pitch",
          "sport": "boules"
        },
        "nodes": [
          3093903509,
          3093903510,
          3093903498,
          3093903497,
          3093903509
        ]
      },
      "geometry": {
        "type": "Polygon",
        "coordinates": [
          [
            [
              7.3096033,
              45.6832509
            ],
            [
              7.3098201,
              45.683295
            ],
            [
              7.3099496,
              45.6829843
            ],
            [
              7.3097329,
              45.6829402
            ],
            [
              7.3096033,
              45.6832509
            ]
          ]
        ]
      }
    },
    {
      "type": "Feature",
      "properties": {
        "type": "way",
        "id": 304789591,
        "tags": {
          "leisure": "pitch",
          "sport": "boules"
        },
        "nodes": [
          3093903504,
          3093903508,
          3093903496,
          3093903494,
          3093903504
        ]
      },
      "geometry": {
        "type": "Polygon",
        "coordinates": [
          [
            [
              7.3093334,
              45.6831942
            ],
            [
              7.3095654,
              45.6832412
            ],
            [
              7.3096933,
              45.6829327
            ],
            [
              7.3094613,
              45.6828857
            ],
            [
              7.3093334,
              45.6831942
            ]
          ]
        ]
      }
    },
    {
      "type": "Feature",
      "properties": {
        "type": "way",
        "id": 306225932,
        "tags": {
          "leisure": "swimming_pool"
        },
        "nodes": [
          3110747092,
          3110747093,
          3110747094,
          3110747095,
          3110747092
        ]
      },
      "geometry": {
        "type": "Polygon",
        "coordinates": [
          [
            [
              6.9443659,
              45.7886925
            ],
            [
              6.9443258,
              45.7885118
            ],
            [
              6.9444542,
              45.7884695
            ],
            [
              6.9445103,
              45.7886803
            ],
            [
              6.9443659,
              45.7886925
            ]
          ]
        ]
      }
    },
    {
      "type": "Feature",
      "properties": {
        "type": "way",
        "id": 307859458,
        "tags": {
          "leisure": "sports_centre",
          "name": "Campo di atletica / Terrain d'athlétisme",
          "sport": "athletics",
          "sport_1": "track and Field"
        },
        "nodes": [
          3130921347,
          3130921348,
          3130921349,
          3130921350,
          3130921351,
          3130921352,
          3130921353,
          3130921354,
          3130921355,
          3130921356,
          3130921357,
          3130921358,
          3130921359,
          3130921360,
          3130921361,
          3130921362,
          3130921363,
          3130921364,
          3130921365,
          3130921366,
          3130921367,
          3130921368,
          3130921369,
          3130921370,
          3130921371,
          3130921372,
          3130921373,
          3130921374,
          3130921375,
          3130921376,
          3130921377,
          3130921378,
          3130921347
        ]
      },
      "geometry": {
        "type": "Polygon",
        "coordinates": [
          [
            [
              7.3606296,
              45.7435962
            ],
            [
              7.360694,
              45.7436673
            ],
            [
              7.3606671,
              45.7436786
            ],
            [
              7.3606913,
              45.7437179
            ],
            [
              7.3607342,
              45.7437048
            ],
            [
              7.3607798,
              45.7437403
            ],
            [
              7.3608495,
              45.7437796
            ],
            [
              7.3609434,
              45.7438171
            ],
            [
              7.361048,
              45.7438377
            ],
            [
              7.3611124,
              45.7438433
            ],
            [
              7.3611323,
              45.7438863
            ],
            [
              7.3627328,
              45.7434457
            ],
            [
              7.362694,
              45.743378
            ],
            [
              7.3626442,
              45.7433916
            ],
            [
              7.362683,
              45.743351
            ],
            [
              7.3627351,
              45.7432536
            ],
            [
              7.3627494,
              45.7431461
            ],
            [
              7.3627137,
              45.7430459
            ],
            [
              7.3626439,
              45.7429336
            ],
            [
              7.3625313,
              45.7428512
            ],
            [
              7.3623757,
              45.7427876
            ],
            [
              7.3622358,
              45.742765
            ],
            [
              7.3620991,
              45.742765
            ],
            [
              7.3619682,
              45.7427929
            ],
            [
              7.3617262,
              45.7428624
            ],
            [
              7.361027,
              45.7430592
            ],
            [
              7.3608978,
              45.7431002
            ],
            [
              7.360753,
              45.7431788
            ],
            [
              7.3606645,
              45.7432686
            ],
            [
              7.3606135,
              45.7433716
            ],
            [
              7.3606028,
              45.7434689
            ],
            [
              7.3606081,
              45.7435494
            ],
            [
              7.3606296,
              45.7435962
            ]
          ]
        ]
      }
    },
    {
      "type": "Feature",
      "properties": {
        "type": "way",
        "id": 312396992,
        "tags": {
          "leisure": "pitch",
          "sport": "tennis"
        },
        "nodes": [
          3182563362,
          3182563363,
          3182563364,
          3182563365,
          3182563362
        ]
      },
      "geometry": {
        "type": "Polygon",
        "coordinates": [
          [
            [
              7.5885228,
              45.7381513
            ],
            [
              7.5883877,
              45.7380263
            ],
            [
              7.5887526,
              45.7378188
            ],
            [
              7.5888946,
              45.7379438
            ],
            [
              7.5885228,
              45.7381513
            ]
          ]
        ]
      }
    },
    {
      "type": "Feature",
      "properties": {
        "type": "way",
        "id": 312397548,
        "tags": {
          "building": "yes",
          "leisure": "sports_centre"
        },
        "nodes": [
          3182564610,
          3182564611,
          3182564612,
          3182564613,
          3182564610
        ]
      },
      "geometry": {
        "type": "Polygon",
        "coordinates": [
          [
            [
              7.5885803,
              45.737656
            ],
            [
              7.5881477,
              45.7378825
            ],
            [
              7.5883268,
              45.7380334
            ],
            [
              7.5887425,
              45.7378023
            ],
            [
              7.5885803,
              45.737656
            ]
          ]
        ]
      }
    },
    {
      "type": "Feature",
      "properties": {
        "type": "way",
        "id": 312397549,
        "tags": {
          "leisure": "pitch"
        },
        "nodes": [
          3182564614,
          9767966342,
          9767966343,
          3182564615,
          3182564616,
          3182564617,
          3182564618,
          3182564619,
          3182564614
        ]
      },
      "geometry": {
        "type": "Polygon",
        "coordinates": [
          [
            [
              7.5888251,
              45.737522
            ],
            [
              7.5888411,
              45.7375378
            ],
            [
              7.5889632,
              45.7376588
            ],
            [
              7.5892084,
              45.7379017
            ],
            [
              7.5901855,
              45.7373706
            ],
            [
              7.5901923,
              45.7373353
            ],
            [
              7.5901418,
              45.7372735
            ],
            [
              7.5898915,
              45.7369673
            ],
            [
              7.5888251,
              45.737522
            ]
          ]
        ]
      }
    },
    {
      "type": "Feature",
      "properties": {
        "type": "way",
        "id": 312401401,
        "tags": {
          "leisure": "pitch",
          "sport": "soccer"
        },
        "nodes": [
          3182602721,
          3182602722,
          3182602723,
          3182602724,
          3182602725,
          3182602721
        ]
      },
      "geometry": {
        "type": "Polygon",
        "coordinates": [
          [
            [
              7.4123426,
              45.7375332
            ],
            [
              7.4124406,
              45.7379641
            ],
            [
              7.4118189,
              45.7380295
            ],
            [
              7.4117125,
              45.7375897
            ],
            [
              7.4118487,
              45.7375748
            ],
            [
              7.4123426,
              45.7375332
            ]
          ]
        ]
      }
    },
    {
      "type": "Feature",
      "properties": {
        "type": "way",
        "id": 312401402,
        "tags": {
          "leisure": "pitch",
          "sport": "soccer"
        },
        "nodes": [
          3182602726,
          3182602727,
          3182602728,
          3182602729,
          3182602726
        ]
      },
      "geometry": {
        "type": "Polygon",
        "coordinates": [
          [
            [
              7.4125428,
              45.738187
            ],
            [
              7.412415,
              45.7375808
            ],
            [
              7.4138286,
              45.7374857
            ],
            [
              7.4139223,
              45.7380919
            ],
            [
              7.4125428,
              45.738187
            ]
          ]
        ]
      }
    },
    {
      "type": "Feature",
      "properties": {
        "type": "way",
        "id": 320545622,
        "tags": {
          "leisure": "pitch",
          "sport": "boules"
        },
        "nodes": [
          3270871386,
          3270871384,
          3270871385,
          3270871387,
          3270871386
        ]
      },
      "geometry": {
        "type": "Polygon",
        "coordinates": [
          [
            [
              7.2074951,
              45.5931248
            ],
            [
              7.207509,
              45.5930547
            ],
            [
              7.2078562,
              45.5930885
            ],
            [
              7.2078423,
              45.5931585
            ],
            [
              7.2074951,
              45.5931248
            ]
          ]
        ]
      }
    },
    {
      "type": "Feature",
      "properties": {
        "type": "way",
        "id": 321122383,
        "tags": {
          "access": "customers",
          "fee": "yes",
          "leisure": "pitch",
          "lit": "yes",
          "sport": "tennis",
          "surface": "grass"
        },
        "nodes": [
          3278400513,
          3278400518,
          3278400501,
          3278400500,
          3278400513
        ]
      },
      "geometry": {
        "type": "Polygon",
        "coordinates": [
          [
            [
              7.7348563,
              45.759076
            ],
            [
              7.7352919,
              45.7590929
            ],
            [
              7.7353041,
              45.7589401
            ],
            [
              7.7348685,
              45.7589232
            ],
            [
              7.7348563,
              45.759076
            ]
          ]
        ]
      }
    },
    {
      "type": "Feature",
      "properties": {
        "type": "way",
        "id": 321279530,
        "tags": {
          "leisure": "pitch"
        },
        "nodes": [
          3280242097,
          3326663208,
          3280242098,
          3543964508,
          13097045193,
          3543964496,
          3280242099,
          3280242100,
          3280242097
        ]
      },
      "geometry": {
        "type": "Polygon",
        "coordinates": [
          [
            [
              7.8593317,
              45.6464654
            ],
            [
              7.8595038,
              45.6464312
            ],
            [
              7.8595227,
              45.6464274
            ],
            [
              7.8594816,
              45.6463263
            ],
            [
              7.8594499,
              45.6462484
            ],
            [
              7.859409,
              45.6461479
            ],
            [
              7.8593926,
              45.6461074
            ],
            [
              7.8592016,
              45.6461454
            ],
            [
              7.8593317,
              45.6464654
            ]
          ]
        ]
      }
    },
    {
      "type": "Feature",
      "properties": {
        "type": "way",
        "id": 323408703,
        "tags": {
          "leisure": "pitch",
          "sport": "basketball"
        },
        "nodes": [
          3302100824,
          3302100825,
          3302100821,
          3302100817,
          3302100824
        ]
      },
      "geometry": {
        "type": "Polygon",
        "coordinates": [
          [
            [
              7.3228986,
              45.7392255
            ],
            [
              7.3231574,
              45.7392917
            ],
            [
              7.3232158,
              45.7391804
            ],
            [
              7.3229571,
              45.7391142
            ],
            [
              7.3228986,
              45.7392255
            ]
          ]
        ]
      }
    },
    {
      "type": "Feature",
      "properties": {
        "type": "way",
        "id": 323946263,
        "tags": {
          "leisure": "pitch",
          "lit": "yes",
          "sport": "soccer",
          "surface": "artificial_turf"
        },
        "nodes": [
          3307165906,
          3307165958,
          3307165949,
          3307165888,
          3307165906
        ]
      },
      "geometry": {
        "type": "Polygon",
        "coordinates": [
          [
            [
              7.1215408,
              45.5773288
            ],
            [
              7.1219248,
              45.5778917
            ],
            [
              7.1224441,
              45.5777181
            ],
            [
              7.1220601,
              45.5771552
            ],
            [
              7.1215408,
              45.5773288
            ]
          ]
        ]
      }
    },
    {
      "type": "Feature",
      "properties": {
        "type": "way",
        "id": 323946267,
        "tags": {
          "leisure": "pitch",
          "lit": "yes",
          "sport": "volleyball",
          "surface": "artificial_turf"
        },
        "nodes": [
          3307166068,
          3307166064,
          3307165953,
          3307165956,
          3307166068
        ]
      },
      "geometry": {
        "type": "Polygon",
        "coordinates": [
          [
            [
              7.1224568,
              45.5781497
            ],
            [
              7.1226645,
              45.5780762
            ],
            [
              7.1224534,
              45.577784
            ],
            [
              7.1222457,
              45.5778574
            ],
            [
              7.1224568,
              45.5781497
            ]
          ]
        ]
      }
    },
    {
      "type": "Feature",
      "properties": {
        "type": "way",
        "id": 323946270,
        "tags": {
          "leisure": "pitch",
          "lit": "yes",
          "sport": "tennis",
          "surface": "artificial_turf"
        },
        "nodes": [
          3307166070,
          3307166068,
          3307165956,
          3307166063,
          3307166070
        ]
      },
      "geometry": {
        "type": "Polygon",
        "coordinates": [
          [
            [
              7.1222574,
              45.5782202
            ],
            [
              7.1224568,
              45.5781497
            ],
            [
              7.1222457,
              45.5778574
            ],
            [
              7.1220464,
              45.577928
            ],
            [
              7.1222574,
              45.5782202
            ]
          ]
        ]
      }
    },
    {
      "type": "Feature",
      "properties": {
        "type": "way",
        "id": 325205842,
        "tags": {
          "access": "private",
          "leisure": "swimming_pool"
        },
        "nodes": [
          3318632409,
          3318632410,
          3318632411,
          3318632412,
          3318632409
        ]
      },
      "geometry": {
        "type": "Polygon",
        "coordinates": [
          [
            [
              7.7978752,
              45.5976268
            ],
            [
              7.7980146,
              45.597533
            ],
            [
              7.7979422,
              45.5974729
            ],
            [
              7.7977866,
              45.597563
            ],
            [
              7.7978752,
              45.5976268
            ]
          ]
        ]
      }
    },
    {
      "type": "Feature",
      "properties": {
        "type": "way",
        "id": 325205843,
        "tags": {
          "leisure": "pitch"
        },
        "nodes": [
          3318632413,
          3318632414,
          3318632415,
          3318632416,
          3318632413
        ]
      },
      "geometry": {
        "type": "Polygon",
        "coordinates": [
          [
            [
              7.7968103,
              45.596848
            ],
            [
              7.7969766,
              45.5968029
            ],
            [
              7.7968318,
              45.5965683
            ],
            [
              7.7966735,
              45.5966134
            ],
            [
              7.7968103,
              45.596848
            ]
          ]
        ]
      }
    },
    {
      "type": "Feature",
      "properties": {
        "type": "way",
        "id": 326761919,
        "tags": {
          "leisure": "pitch",
          "sport": "equestrian"
        },
        "nodes": [
          3334267942,
          3334267936,
          3334267922,
          3334267925,
          3334267933,
          3334267942
        ]
      },
      "geometry": {
        "type": "Polygon",
        "coordinates": [
          [
            [
              7.1535568,
              45.6515225
            ],
            [
              7.1539303,
              45.6514481
            ],
            [
              7.1538848,
              45.6513367
            ],
            [
              7.1537418,
              45.6513652
            ],
            [
              7.1535113,
              45.6514112
            ],
            [
              7.1535568,
              45.6515225
            ]
          ]
        ]
      }
    },
    {
      "type": "Feature",
      "properties": {
        "type": "way",
        "id": 330078598,
        "tags": {
          "leisure": "pitch",
          "sport": "tennis"
        },
        "nodes": [
          3370439137,
          3370439138,
          3371523655,
          3370439103,
          3370439101,
          3370439137
        ]
      },
      "geometry": {
        "type": "Polygon",
        "coordinates": [
          [
            [
              7.6921486,
              45.663956
            ],
            [
              7.6923775,
              45.6639586
            ],
            [
              7.6923825,
              45.6637388
            ],
            [
              7.6923835,
              45.6636973
            ],
            [
              7.6921546,
              45.6636948
            ],
            [
              7.6921486,
              45.663956
            ]
          ]
        ]
      }
    },
    {
      "type": "Feature",
      "properties": {
        "type": "way",
        "id": 330090311,
        "tags": {
          "leisure": "pitch",
          "sport": "soccer"
        },
        "nodes": [
          3370571363,
          3370571370,
          3370571362,
          3370571357,
          3370571363
        ]
      },
      "geometry": {
        "type": "Polygon",
        "coordinates": [
          [
            [
              7.6890424,
              45.6661674
            ],
            [
              7.6896427,
              45.6664412
            ],
            [
              7.6899052,
              45.6661601
            ],
            [
              7.6893048,
              45.6658863
            ],
            [
              7.6890424,
              45.6661674
            ]
          ]
        ]
      }
    },
    {
      "type": "Feature",
      "properties": {
        "type": "way",
        "id": 330210233,
        "tags": {
          "leisure": "pitch",
          "sport": "basketball"
        },
        "nodes": [
          3371625959,
          3678969935,
          3371625965,
          3678969932,
          3371625949,
          3678969930,
          3371625947,
          3678969931,
          3371625959
        ]
      },
      "geometry": {
        "type": "Polygon",
        "coordinates": [
          [
            [
              7.6928108,
              45.663406
            ],
            [
              7.6930063,
              45.6634415
            ],
            [
              7.6932003,
              45.6634767
            ],
            [
              7.6932348,
              45.6633839
            ],
            [
              7.6932675,
              45.6632958
            ],
            [
              7.6930695,
              45.6632599
            ],
            [
              7.692878,
              45.6632251
            ],
            [
              7.6928436,
              45.6633177
            ],
            [
              7.6928108,
              45.663406
            ]
          ]
        ]
      }
    },
    {
      "type": "Feature",
      "properties": {
        "type": "way",
        "id": 333593052,
        "tags": {
          "leisure": "pitch",
          "sport": "soccer"
        },
        "nodes": [
          3407205798,
          3407205799,
          3407205800,
          3407205801,
          3407205798
        ]
      },
      "geometry": {
        "type": "Polygon",
        "coordinates": [
          [
            [
              7.8781018,
              45.7041145
            ],
            [
              7.8784119,
              45.7037622
            ],
            [
              7.8795009,
              45.7042094
            ],
            [
              7.8791995,
              45.7045665
            ],
            [
              7.8781018,
              45.7041145
            ]
          ]
        ]
      }
    },
    {
      "type": "Feature",
      "properties": {
        "type": "way",
        "id": 338304133,
        "tags": {
          "climbing:sport": "yes",
          "description:it": "Palestra di arrampicata sportiva",
          "leisure": "sports_centre",
          "sport": "climbing"
        },
        "nodes": [
          3453812527,
          3453812521,
          3453812517,
          3453812513,
          3453812511,
          3453812509,
          3453812514,
          3453812518,
          3453812522,
          3453812524,
          3453812527
        ]
      },
      "geometry": {
        "type": "Polygon",
        "coordinates": [
          [
            [
              7.504154,
              45.7294023
            ],
            [
              7.504096,
              45.7291999
            ],
            [
              7.5041308,
              45.7289947
            ],
            [
              7.5042507,
              45.7288327
            ],
            [
              7.5044054,
              45.7287086
            ],
            [
              7.5045794,
              45.7286654
            ],
            [
              7.5045368,
              45.7288516
            ],
            [
              7.5044286,
              45.7290217
            ],
            [
              7.5042855,
              45.7292053
            ],
            [
              7.5041888,
              45.7293294
            ],
            [
              7.504154,
              45.7294023
            ]
          ]
        ]
      }
    },
    {
      "type": "Feature",
      "properties": {
        "type": "way",
        "id": 340439559,
        "tags": {
          "leisure": "pitch",
          "sport": "tennis"
        },
        "nodes": [
          3476657410,
          3476657400,
          3476657412,
          3476657422,
          3476657410
        ]
      },
      "geometry": {
        "type": "Polygon",
        "coordinates": [
          [
            [
              7.6021007,
              45.7461652
            ],
            [
              7.6022202,
              45.7458443
            ],
            [
              7.6024452,
              45.7458851
            ],
            [
              7.6023257,
              45.746206
            ],
            [
              7.6021007,
              45.7461652
            ]
          ]
        ]
      }
    },
    {
      "type": "Feature",
      "properties": {
        "type": "way",
        "id": 342991317,
        "tags": {
          "leisure": "pitch",
          "sport": "tennis"
        },
        "nodes": [
          3499221416,
          3499221417,
          3499221409,
          3499221408,
          3499221416
        ]
      },
      "geometry": {
        "type": "Polygon",
        "coordinates": [
          [
            [
              7.8116584,
              45.8626277
            ],
            [
              7.8118887,
              45.8626455
            ],
            [
              7.8119423,
              45.8623097
            ],
            [
              7.811712,
              45.8622918
            ],
            [
              7.8116584,
              45.8626277
            ]
          ]
        ]
      }
    },
    {
      "type": "Feature",
      "properties": {
        "type": "way",
        "id": 343505320,
        "tags": {
          "leisure": "golf_course",
          "name": "Golf Club Gressoney Monte Rosa"
        },
        "nodes": [
          2996057629,
          2996057628,
          2996057627,
          2996049961,
          2996049962,
          2996049963,
          2996049964,
          2996049965,
          2996049966,
          2996049967,
          2996049968,
          2996049969,
          2996049970,
          2996049971,
          2996049972,
          2996049973,
          2996049974,
          2996049975,
          2996049976,
          2996049977,
          2996049978,
          1352210715,
          1352210626,
          1352210553,
          2996049982,
          2996049959,
          2996049960,
          2996072737,
          4183397097,
          2996072738,
          2996072736,
          2996072735,
          2996072734,
          2996072733,
          2996057632,
          2996057631,
          2996092067,
          2996092068,
          2996092069,
          2996092070,
          2996092071,
          2996092072,
          2996092073,
          2996092074,
          2996092075,
          2996092076,
          2996092077,
          2996092078,
          2996057629
        ]
      },
      "geometry": {
        "type": "Polygon",
        "coordinates": [
          [
            [
              7.8230265,
              45.7806369
            ],
            [
              7.8233239,
              45.7811831
            ],
            [
              7.8237798,
              45.781415
            ],
            [
              7.8239944,
              45.7819837
            ],
            [
              7.8244679,
              45.7821928
            ],
            [
              7.8261773,
              45.782916
            ],
            [
              7.8261647,
              45.7836298
            ],
            [
              7.8257642,
              45.7849784
            ],
            [
              7.8261216,
              45.7862933
            ],
            [
              7.8256471,
              45.7871871
            ],
            [
              7.8250371,
              45.7872645
            ],
            [
              7.8232254,
              45.787127
            ],
            [
              7.8231638,
              45.7867746
            ],
            [
              7.8227386,
              45.7863277
            ],
            [
              7.8224675,
              45.7854124
            ],
            [
              7.8223566,
              45.7853222
            ],
            [
              7.8216233,
              45.7852448
            ],
            [
              7.821728,
              45.7849483
            ],
            [
              7.8219992,
              45.7844456
            ],
            [
              7.8225168,
              45.7839299
            ],
            [
              7.8230406,
              45.7837494
            ],
            [
              7.8233531,
              45.7833414
            ],
            [
              7.8236262,
              45.7830824
            ],
            [
              7.8241621,
              45.7829028
            ],
            [
              7.824199,
              45.7827567
            ],
            [
              7.8238784,
              45.7826154
            ],
            [
              7.8237339,
              45.7825214
            ],
            [
              7.8230633,
              45.7831948
            ],
            [
              7.8219493,
              45.7828768
            ],
            [
              7.8214379,
              45.7827309
            ],
            [
              7.8210034,
              45.7827047
            ],
            [
              7.820703,
              45.7821473
            ],
            [
              7.8216203,
              45.7816946
            ],
            [
              7.8223445,
              45.7817395
            ],
            [
              7.8228595,
              45.7818667
            ],
            [
              7.8229346,
              45.7817807
            ],
            [
              7.8225807,
              45.781674
            ],
            [
              7.8227655,
              45.7816138
            ],
            [
              7.8228527,
              45.7815317
            ],
            [
              7.822784,
              45.7814204
            ],
            [
              7.8229935,
              45.7813968
            ],
            [
              7.8231876,
              45.7813087
            ],
            [
              7.8231014,
              45.7812034
            ],
            [
              7.8229165,
              45.7811089
            ],
            [
              7.8226207,
              45.7809176
            ],
            [
              7.8225961,
              45.7807286
            ],
            [
              7.8227809,
              45.7806448
            ],
            [
              7.8229781,
              45.7806061
            ],
            [
              7.8230265,
              45.7806369
            ]
          ]
        ]
      }
    },
    {
      "type": "Feature",
      "properties": {
        "type": "way",
        "id": 343707330,
        "tags": {
          "leisure": "pitch",
          "sport": "soccer",
          "surface": "concrete"
        },
        "nodes": [
          3505082728,
          3505082737,
          3505082719,
          3505082713,
          3505082728
        ]
      },
      "geometry": {
        "type": "Polygon",
        "coordinates": [
          [
            [
              7.8287915,
              45.7632863
            ],
            [
              7.8291515,
              45.7634533
            ],
            [
              7.8294997,
              45.7630879
            ],
            [
              7.8291397,
              45.762921
            ],
            [
              7.8287915,
              45.7632863
            ]
          ]
        ]
      }
    },
    {
      "type": "Feature",
      "properties": {
        "type": "way",
        "id": 344285029,
        "tags": {
          "landuse": "recreation_ground",
          "leisure": "pitch",
          "name": "Campo di \"Tsan\" - sport popolare",
          "sport": "multi"
        },
        "nodes": [
          3510250396,
          3510250372,
          3510250371,
          3510250390,
          3510250396
        ]
      },
      "geometry": {
        "type": "Polygon",
        "coordinates": [
          [
            [
              7.4998647,
              45.7451103
            ],
            [
              7.499215,
              45.7436146
            ],
            [
              7.5019544,
              45.7435632
            ],
            [
              7.5019008,
              45.7448766
            ],
            [
              7.4998647,
              45.7451103
            ]
          ]
        ]
      }
    },
    {
      "type": "Feature",
      "properties": {
        "type": "way",
        "id": 344754181,
        "tags": {
          "leisure": "pitch",
          "sport": "boules"
        },
        "nodes": [
          3514960811,
          3514960820,
          3514960812,
          3514960805,
          3514960811
        ]
      },
      "geometry": {
        "type": "Polygon",
        "coordinates": [
          [
            [
              7.8780208,
              45.7042855
            ],
            [
              7.8783275,
              45.7044041
            ],
            [
              7.8784163,
              45.704292
            ],
            [
              7.8781096,
              45.7041735
            ],
            [
              7.8780208,
              45.7042855
            ]
          ]
        ]
      }
    },
    {
      "type": "Feature",
      "properties": {
        "type": "way",
        "id": 347339048,
        "tags": {
          "leisure": "pitch"
        },
        "nodes": [
          3536749638,
          5779569004,
          12027007102,
          1779339576,
          1779339574,
          5779569002,
          3536749640,
          5779569001,
          3536749641,
          5779569003,
          3536749638
        ]
      },
      "geometry": {
        "type": "Polygon",
        "coordinates": [
          [
            [
              7.6276911,
              45.937403
            ],
            [
              7.6279239,
              45.9370976
            ],
            [
              7.6278719,
              45.9370803
            ],
            [
              7.6278969,
              45.9370447
            ],
            [
              7.6280231,
              45.9368571
            ],
            [
              7.6276709,
              45.9367217
            ],
            [
              7.6273818,
              45.936596
            ],
            [
              7.6268648,
              45.9363137
            ],
            [
              7.6267708,
              45.9368981
            ],
            [
              7.6268578,
              45.9370754
            ],
            [
              7.6276911,
              45.937403
            ]
          ]
        ]
      }
    },
    {
      "type": "Feature",
      "properties": {
        "type": "way",
        "id": 348335260,
        "tags": {
          "leisure": "pitch",
          "sport": "boules"
        },
        "nodes": [
          3544679373,
          3544679382,
          3544679381,
          3544679371,
          3544679373
        ]
      },
      "geometry": {
        "type": "Polygon",
        "coordinates": [
          [
            [
              7.8604994,
              45.6494203
            ],
            [
              7.8605829,
              45.649667
            ],
            [
              7.8606709,
              45.6496524
            ],
            [
              7.8605873,
              45.6494057
            ],
            [
              7.8604994,
              45.6494203
            ]
          ]
        ]
      }
    },
    {
      "type": "Feature",
      "properties": {
        "type": "way",
        "id": 348884878,
        "tags": {
          "leisure": "pitch",
          "sport": "soccer"
        },
        "nodes": [
          3549319924,
          3549319900,
          3549319925,
          3549319935,
          3549319924
        ]
      },
      "geometry": {
        "type": "Polygon",
        "coordinates": [
          [
            [
              7.8463006,
              45.636308
            ],
            [
              7.846642,
              45.6361485
            ],
            [
              7.846797,
              45.6363108
            ],
            [
              7.8464556,
              45.6364703
            ],
            [
              7.8463006,
              45.636308
            ]
          ]
        ]
      }
    },
    {
      "type": "Feature",
      "properties": {
        "type": "way",
        "id": 348884884,
        "tags": {
          "leisure": "pitch",
          "sport": "volleyball"
        },
        "nodes": [
          3549319788,
          3549319912,
          3549319898,
          3549319775,
          3549319788
        ]
      },
      "geometry": {
        "type": "Polygon",
        "coordinates": [
          [
            [
              7.8463413,
              45.636059
            ],
            [
              7.8464957,
              45.6361976
            ],
            [
              7.8466208,
              45.6361295
            ],
            [
              7.8464663,
              45.6359909
            ],
            [
              7.8463413,
              45.636059
            ]
          ]
        ]
      }
    },
    {
      "type": "Feature",
      "properties": {
        "type": "way",
        "id": 357803633,
        "tags": {
          "leisure": "pitch",
          "sport": "boules"
        },
        "nodes": [
          3629259829,
          3629259830,
          5032907493,
          3629259831,
          3629259832,
          3629259829
        ]
      },
      "geometry": {
        "type": "Polygon",
        "coordinates": [
          [
            [
              7.3820425,
              45.8514708
            ],
            [
              7.3820175,
              45.8512184
            ],
            [
              7.3819921,
              45.8512195
            ],
            [
              7.3818966,
              45.8512237
            ],
            [
              7.381938,
              45.8514747
            ],
            [
              7.3820425,
              45.8514708
            ]
          ]
        ]
      }
    },
    {
      "type": "Feature",
      "properties": {
        "type": "way",
        "id": 358041585,
        "tags": {
          "leisure": "pitch",
          "sport": "soccer"
        },
        "nodes": [
          3630749518,
          3630749534,
          3630749398,
          3630749396,
          3630749518
        ]
      },
      "geometry": {
        "type": "Polygon",
        "coordinates": [
          [
            [
              7.7709439,
              45.6038447
            ],
            [
              7.771321,
              45.6038972
            ],
            [
              7.7715333,
              45.6033106
            ],
            [
              7.7711379,
              45.6032953
            ],
            [
              7.7709439,
              45.6038447
            ]
          ]
        ]
      }
    },
    {
      "type": "Feature",
      "properties": {
        "type": "way",
        "id": 358467956,
        "tags": {
          "leisure": "pitch",
          "sport": "basketball"
        },
        "nodes": [
          3633831555,
          3633831554,
          3633831543,
          3633831540,
          3633831555
        ]
      },
      "geometry": {
        "type": "Polygon",
        "coordinates": [
          [
            [
              7.7907944,
              45.6012237
            ],
            [
              7.791245,
              45.6011894
            ],
            [
              7.7912169,
              45.6010428
            ],
            [
              7.7907779,
              45.601027
            ],
            [
              7.7907944,
              45.6012237
            ]
          ]
        ]
      }
    },
    {
      "type": "Feature",
      "properties": {
        "type": "way",
        "id": 362586892,
        "tags": {
          "leisure": "pitch",
          "sport": "equestrian"
        },
        "nodes": [
          3668592874,
          3668592876,
          3668592877,
          3668592873,
          3668592868,
          3668592861,
          3668592864,
          4181873545,
          3668592865,
          3668592874
        ]
      },
      "geometry": {
        "type": "Polygon",
        "coordinates": [
          [
            [
              7.8220491,
              45.7785596
            ],
            [
              7.8221828,
              45.7786435
            ],
            [
              7.8225355,
              45.7786491
            ],
            [
              7.8227467,
              45.7785559
            ],
            [
              7.8227493,
              45.778295
            ],
            [
              7.8226478,
              45.7780172
            ],
            [
              7.8219396,
              45.7781198
            ],
            [
              7.8218956,
              45.7781391
            ],
            [
              7.8218861,
              45.7781747
            ],
            [
              7.8220491,
              45.7785596
            ]
          ]
        ]
      }
    },
    {
      "type": "Feature",
      "properties": {
        "type": "way",
        "id": 365255037,
        "tags": {
          "layer": "1",
          "leisure": "swimming_pool"
        },
        "nodes": [
          3692889949,
          3692889950,
          3692889947,
          3692889938,
          3692889522,
          3693674357,
          3692889518,
          3693674356,
          3692889516,
          3692889519,
          3692889520,
          3692889521,
          3692889523,
          3692889524,
          3692889931,
          3692889937,
          3692889945,
          3692889949
        ]
      },
      "geometry": {
        "type": "Polygon",
        "coordinates": [
          [
            [
              7.6122673,
              45.6831847
            ],
            [
              7.6122812,
              45.6831855
            ],
            [
              7.6122958,
              45.6831794
            ],
            [
              7.612301,
              45.6831676
            ],
            [
              7.6122965,
              45.6831488
            ],
            [
              7.61229,
              45.6831368
            ],
            [
              7.6122719,
              45.6831217
            ],
            [
              7.612262,
              45.6831174
            ],
            [
              7.6122487,
              45.6831166
            ],
            [
              7.6122358,
              45.6831229
            ],
            [
              7.612232,
              45.6831319
            ],
            [
              7.6122347,
              45.6831396
            ],
            [
              7.6122426,
              45.6831452
            ],
            [
              7.6122533,
              45.6831499
            ],
            [
              7.6122574,
              45.6831571
            ],
            [
              7.6122515,
              45.6831666
            ],
            [
              7.6122545,
              45.6831768
            ],
            [
              7.6122673,
              45.6831847
            ]
          ]
        ]
      }
    },
    {
      "type": "Feature",
      "properties": {
        "type": "way",
        "id": 365255038,
        "tags": {
          "layer": "1",
          "leisure": "swimming_pool"
        },
        "nodes": [
          3692889928,
          3692889930,
          3692889933,
          3692889936,
          3692889940,
          3692889942,
          3692889944,
          3692889943,
          3692889941,
          3692889939,
          3692889935,
          3692889932,
          3692889929,
          3692889927,
          3692889925,
          3692889926,
          3692889928
        ]
      },
      "geometry": {
        "type": "Polygon",
        "coordinates": [
          [
            [
              7.6122372,
              45.6831507
            ],
            [
              7.6122417,
              45.6831543
            ],
            [
              7.6122439,
              45.6831589
            ],
            [
              7.6122435,
              45.6831637
            ],
            [
              7.6122404,
              45.683168
            ],
            [
              7.6122352,
              45.6831711
            ],
            [
              7.6122287,
              45.6831727
            ],
            [
              7.6122218,
              45.6831724
            ],
            [
              7.6122157,
              45.6831702
            ],
            [
              7.6122111,
              45.6831666
            ],
            [
              7.6122089,
              45.683162
            ],
            [
              7.6122094,
              45.6831572
            ],
            [
              7.6122125,
              45.6831529
            ],
            [
              7.6122177,
              45.6831498
            ],
            [
              7.6122242,
              45.6831482
            ],
            [
              7.612231,
              45.6831486
            ],
            [
              7.6122372,
              45.6831507
            ]
          ]
        ]
      }
    },
    {
      "type": "Feature",
      "properties": {
        "type": "way",
        "id": 375383137,
        "tags": {
          "leisure": "pitch",
          "sport": "soccer",
          "surface": "grass"
        },
        "nodes": [
          3787561956,
          3787561936,
          3787561967,
          3787561973,
          3787561956
        ]
      },
      "geometry": {
        "type": "Polygon",
        "coordinates": [
          [
            [
              7.7119799,
              45.6919693
            ],
            [
              7.712175,
              45.6918372
            ],
            [
              7.7126248,
              45.6921613
            ],
            [
              7.7124296,
              45.6922934
            ],
            [
              7.7119799,
              45.6919693
            ]
          ]
        ]
      }
    },
    {
      "type": "Feature",
      "properties": {
        "type": "way",
        "id": 376196301,
        "tags": {
          "leisure": "pitch"
        },
        "nodes": [
          3796498462,
          3796498463,
          3796498464,
          3796498465,
          3796498462
        ]
      },
      "geometry": {
        "type": "Polygon",
        "coordinates": [
          [
            [
              7.263427,
              45.7091075
            ],
            [
              7.2632645,
              45.7093406
            ],
            [
              7.2634671,
              45.7094094
            ],
            [
              7.2636295,
              45.7091763
            ],
            [
              7.263427,
              45.7091075
            ]
          ]
        ]
      }
    },
    {
      "type": "Feature",
      "properties": {
        "type": "way",
        "id": 376229239,
        "tags": {
          "leisure": "pitch"
        },
        "nodes": [
          3796739145,
          3796739146,
          3796739147,
          3796739148,
          3796739149,
          3796739145
        ]
      },
      "geometry": {
        "type": "Polygon",
        "coordinates": [
          [
            [
              7.2938077,
              45.7283683
            ],
            [
              7.2940036,
              45.7280057
            ],
            [
              7.2942676,
              45.728071
            ],
            [
              7.2940674,
              45.7284396
            ],
            [
              7.2940121,
              45.7284188
            ],
            [
              7.2938077,
              45.7283683
            ]
          ]
        ]
      }
    },
    {
      "type": "Feature",
      "properties": {
        "type": "way",
        "id": 376229240,
        "tags": {
          "leisure": "pitch"
        },
        "nodes": [
          3796739150,
          3796739151,
          3796739152,
          3796739153,
          3796739150
        ]
      },
      "geometry": {
        "type": "Polygon",
        "coordinates": [
          [
            [
              7.2943783,
              45.7279611
            ],
            [
              7.29477,
              45.7280621
            ],
            [
              7.2945699,
              45.7284188
            ],
            [
              7.2941994,
              45.7283177
            ],
            [
              7.2943783,
              45.7279611
            ]
          ]
        ]
      }
    },
    {
      "type": "Feature",
      "properties": {
        "type": "way",
        "id": 376246214,
        "tags": {
          "leisure": "swimming_pool"
        },
        "nodes": [
          3796895953,
          3796895954,
          3796895951,
          3796895949,
          3796895946,
          3796895939,
          3796895938,
          3796895943,
          3796895942,
          3796895941,
          3796895945,
          3796895947,
          3796895950,
          3796895953
        ]
      },
      "geometry": {
        "type": "Polygon",
        "coordinates": [
          [
            [
              7.7902601,
              45.5976726
            ],
            [
              7.7903483,
              45.5976768
            ],
            [
              7.7903631,
              45.5976691
            ],
            [
              7.7903681,
              45.5976598
            ],
            [
              7.7903641,
              45.5976459
            ],
            [
              7.7903478,
              45.5976324
            ],
            [
              7.7903304,
              45.5976296
            ],
            [
              7.7903151,
              45.5976383
            ],
            [
              7.7902883,
              45.5976383
            ],
            [
              7.7902651,
              45.5976369
            ],
            [
              7.7902561,
              45.5976438
            ],
            [
              7.7902547,
              45.5976542
            ],
            [
              7.7902537,
              45.5976612
            ],
            [
              7.7902601,
              45.5976726
            ]
          ]
        ]
      }
    },
    {
      "type": "Feature",
      "properties": {
        "type": "way",
        "id": 377015473,
        "tags": {
          "leisure": "pitch",
          "sport": "soccer"
        },
        "nodes": [
          3803839638,
          3803839632,
          3803839593,
          3803839602,
          3803839638
        ]
      },
      "geometry": {
        "type": "Polygon",
        "coordinates": [
          [
            [
              7.7990077,
              45.5905063
            ],
            [
              7.7992763,
              45.5904397
            ],
            [
              7.7990615,
              45.5900153
            ],
            [
              7.7987929,
              45.5900819
            ],
            [
              7.7990077,
              45.5905063
            ]
          ]
        ]
      }
    },
    {
      "type": "Feature",
      "properties": {
        "type": "way",
        "id": 377031059,
        "tags": {
          "leisure": "pitch",
          "sport": "skateboard"
        },
        "nodes": [
          3803996380,
          3803996375,
          3803996357,
          3803996359,
          3803996360,
          3803996362,
          3803996365,
          3803996366,
          3803996371,
          3803789014,
          3803996380
        ]
      },
      "geometry": {
        "type": "Polygon",
        "coordinates": [
          [
            [
              7.7963027,
              45.5895118
            ],
            [
              7.7962654,
              45.5894581
            ],
            [
              7.7968485,
              45.5892309
            ],
            [
              7.7968717,
              45.5892593
            ],
            [
              7.7968244,
              45.5892858
            ],
            [
              7.7967968,
              45.5893424
            ],
            [
              7.7967598,
              45.5893798
            ],
            [
              7.7967236,
              45.5893985
            ],
            [
              7.7965978,
              45.5894421
            ],
            [
              7.796574,
              45.5894055
            ],
            [
              7.7963027,
              45.5895118
            ]
          ]
        ]
      }
    },
    {
      "type": "Feature",
      "properties": {
        "type": "way",
        "id": 377142772,
        "tags": {
          "leisure": "swimming_pool"
        },
        "nodes": [
          3805155927,
          3805155929,
          3805155918,
          3805155917,
          3805155927
        ]
      },
      "geometry": {
        "type": "Polygon",
        "coordinates": [
          [
            [
              7.801203,
              45.5911445
            ],
            [
              7.8012525,
              45.591151
            ],
            [
              7.8012723,
              45.5910767
            ],
            [
              7.8012229,
              45.5910702
            ],
            [
              7.801203,
              45.5911445
            ]
          ]
        ]
      }
    },
    {
      "type": "Feature",
      "properties": {
        "type": "way",
        "id": 377435434,
        "tags": {
          "leisure": "pitch",
          "sport": "soccer"
        },
        "nodes": [
          1737753208,
          3808039788,
          3808039789,
          3808039790,
          1737753208
        ]
      },
      "geometry": {
        "type": "Polygon",
        "coordinates": [
          [
            [
              7.2922709,
              45.7263261
            ],
            [
              7.2922561,
              45.7258414
            ],
            [
              7.2932289,
              45.7258206
            ],
            [
              7.2932524,
              45.7263051
            ],
            [
              7.2922709,
              45.7263261
            ]
          ]
        ]
      }
    },
    {
      "type": "Feature",
      "properties": {
        "type": "way",
        "id": 377435435,
        "tags": {
          "leisure": "pitch",
          "sport": "soccer"
        },
        "nodes": [
          3808039791,
          3808039792,
          3808039793,
          3808039794,
          3808049124,
          3808049121,
          3808039791
        ]
      },
      "geometry": {
        "type": "Polygon",
        "coordinates": [
          [
            [
              7.2922302,
              45.7269516
            ],
            [
              7.2922036,
              45.7263677
            ],
            [
              7.2935835,
              45.7263371
            ],
            [
              7.2936101,
              45.726921
            ],
            [
              7.2926923,
              45.7269413
            ],
            [
              7.2922351,
              45.7269515
            ],
            [
              7.2922302,
              45.7269516
            ]
          ]
        ]
      }
    },
    {
      "type": "Feature",
      "properties": {
        "type": "way",
        "id": 377435458,
        "tags": {
          "leisure": "pitch",
          "sport": "soccer"
        },
        "nodes": [
          3808033919,
          3808033920,
          3808033921,
          3808033922,
          3808033919
        ]
      },
      "geometry": {
        "type": "Polygon",
        "coordinates": [
          [
            [
              7.2928821,
              45.7270448
            ],
            [
              7.2923169,
              45.7270583
            ],
            [
              7.2923277,
              45.7272792
            ],
            [
              7.292893,
              45.7272657
            ],
            [
              7.2928821,
              45.7270448
            ]
          ]
        ]
      }
    },
    {
      "type": "Feature",
      "properties": {
        "type": "way",
        "id": 377435518,
        "tags": {
          "leisure": "pitch",
          "sport": "soccer"
        },
        "nodes": [
          3808040585,
          3808040586,
          3808040587,
          3808040588,
          3808053344,
          3808040585
        ]
      },
      "geometry": {
        "type": "Polygon",
        "coordinates": [
          [
            [
              7.294852,
              45.7260483
            ],
            [
              7.2946966,
              45.7257006
            ],
            [
              7.2951118,
              45.7255995
            ],
            [
              7.2952736,
              45.7259532
            ],
            [
              7.2948626,
              45.7260459
            ],
            [
              7.294852,
              45.7260483
            ]
          ]
        ]
      }
    },
    {
      "type": "Feature",
      "properties": {
        "type": "way",
        "id": 377435549,
        "tags": {
          "leisure": "pitch",
          "sport": "tennis"
        },
        "nodes": [
          3808042515,
          3808042516,
          3808042517,
          3808042518,
          3808042515
        ]
      },
      "geometry": {
        "type": "Polygon",
        "coordinates": [
          [
            [
              7.2939345,
              45.7262713
            ],
            [
              7.2937897,
              45.72598
            ],
            [
              7.294026,
              45.7259295
            ],
            [
              7.2941623,
              45.7262207
            ],
            [
              7.2939345,
              45.7262713
            ]
          ]
        ]
      }
    },
    {
      "type": "Feature",
      "properties": {
        "type": "way",
        "id": 377435657,
        "tags": {
          "leisure": "pitch",
          "sport": "tennis"
        },
        "nodes": [
          3808042518,
          3808044586,
          3808044587,
          3808042517,
          3808042518
        ]
      },
      "geometry": {
        "type": "Polygon",
        "coordinates": [
          [
            [
              7.2941623,
              45.7262207
            ],
            [
              7.2943858,
              45.7261717
            ],
            [
              7.2942474,
              45.725876
            ],
            [
              7.294026,
              45.7259295
            ],
            [
              7.2941623,
              45.7262207
            ]
          ]
        ]
      }
    },
    {
      "type": "Feature",
      "properties": {
        "type": "way",
        "id": 377435658,
        "tags": {
          "leisure": "pitch",
          "sport": "tennis"
        },
        "nodes": [
          3808044586,
          3808044588,
          3808044589,
          3808044587,
          3808044586
        ]
      },
      "geometry": {
        "type": "Polygon",
        "coordinates": [
          [
            [
              7.2943858,
              45.7261717
            ],
            [
              7.2946072,
              45.7261227
            ],
            [
              7.294471,
              45.7258239
            ],
            [
              7.2942474,
              45.725876
            ],
            [
              7.2943858,
              45.7261717
            ]
          ]
        ]
      }
    },
    {
      "type": "Feature",
      "properties": {
        "type": "way",
        "id": 377435671,
        "tags": {
          "leisure": "pitch",
          "sport": "tennis"
        },
        "nodes": [
          3808044588,
          3808044589,
          3808046111,
          3808046112,
          3808044588
        ]
      },
      "geometry": {
        "type": "Polygon",
        "coordinates": [
          [
            [
              7.2946072,
              45.7261227
            ],
            [
              7.294471,
              45.7258239
            ],
            [
              7.2946988,
              45.7257719
            ],
            [
              7.2948371,
              45.7260721
            ],
            [
              7.2946072,
              45.7261227
            ]
          ]
        ]
      }
    },
    {
      "type": "Feature",
      "properties": {
        "type": "way",
        "id": 377436893,
        "tags": {
          "leisure": "swimming_pool"
        },
        "nodes": [
          3808053333,
          3808053334,
          3808053335,
          3808053336,
          3808053333
        ]
      },
      "geometry": {
        "type": "Polygon",
        "coordinates": [
          [
            [
              7.2943949,
              45.7263087
            ],
            [
              7.2943667,
              45.7262412
            ],
            [
              7.2945598,
              45.7261982
            ],
            [
              7.2945907,
              45.7262675
            ],
            [
              7.2943949,
              45.7263087
            ]
          ]
        ]
      }
    },
    {
      "type": "Feature",
      "properties": {
        "type": "way",
        "id": 378890374,
        "tags": {
          "leisure": "swimming_pool"
        },
        "nodes": [
          3822497237,
          3822497238,
          3822497239,
          3822497240,
          3822497241,
          3822497242,
          3822497243,
          3822497244,
          3822497237
        ]
      },
      "geometry": {
        "type": "Polygon",
        "coordinates": [
          [
            [
              7.4355944,
              45.7401275
            ],
            [
              7.435605,
              45.7401505
            ],
            [
              7.4356412,
              45.7401542
            ],
            [
              7.4356572,
              45.7401468
            ],
            [
              7.4356625,
              45.7401208
            ],
            [
              7.4356657,
              45.7400695
            ],
            [
              7.4355081,
              45.7400621
            ],
            [
              7.4355007,
              45.7401223
            ],
            [
              7.4355944,
              45.7401275
            ]
          ]
        ]
      }
    },
    {
      "type": "Feature",
      "properties": {
        "type": "way",
        "id": 382887008,
        "tags": {
          "leisure": "pitch",
          "sport": "tennis"
        },
        "nodes": [
          3860951992,
          3860951994,
          3860951976,
          3860951973,
          3860951992
        ]
      },
      "geometry": {
        "type": "Polygon",
        "coordinates": [
          [
            [
              7.7001165,
              45.7244983
            ],
            [
              7.7003483,
              45.7245109
            ],
            [
              7.7003579,
              45.724425
            ],
            [
              7.7001261,
              45.7244123
            ],
            [
              7.7001165,
              45.7244983
            ]
          ]
        ]
      }
    },
    {
      "type": "Feature",
      "properties": {
        "type": "way",
        "id": 383468764,
        "tags": {
          "leisure": "pitch",
          "sport": "basketball;soccer"
        },
        "nodes": [
          3867424966,
          3867424971,
          3867424934,
          3867424930,
          3867424966
        ]
      },
      "geometry": {
        "type": "Polygon",
        "coordinates": [
          [
            [
              7.732871,
              45.7599893
            ],
            [
              7.7330708,
              45.7600227
            ],
            [
              7.7331452,
              45.7598062
            ],
            [
              7.7329455,
              45.7597728
            ],
            [
              7.732871,
              45.7599893
            ]
          ]
        ]
      }
    },
    {
      "type": "Feature",
      "properties": {
        "type": "way",
        "id": 385710984,
        "tags": {
          "leisure": "pitch",
          "sport": "boules"
        },
        "nodes": [
          3890487711,
          3890487716,
          3890487713,
          3890487710,
          3890487711
        ]
      },
      "geometry": {
        "type": "Polygon",
        "coordinates": [
          [
            [
              7.6924337,
              45.8171996
            ],
            [
              7.6927939,
              45.8172921
            ],
            [
              7.6928225,
              45.8172381
            ],
            [
              7.6924623,
              45.8171456
            ],
            [
              7.6924337,
              45.8171996
            ]
          ]
        ]
      }
    },
    {
      "type": "Feature",
      "properties": {
        "type": "way",
        "id": 385819030,
        "tags": {
          "leisure": "pitch",
          "lit": "yes",
          "sport": "boules",
          "surface": "dirt"
        },
        "nodes": [
          3891507805,
          3891507804,
          3891507812,
          3891507813,
          3891507805
        ]
      },
      "geometry": {
        "type": "Polygon",
        "coordinates": [
          [
            [
              7.6864688,
              45.8119294
            ],
            [
              7.6865809,
              45.8119068
            ],
            [
              7.6866679,
              45.8121165
            ],
            [
              7.6865558,
              45.8121391
            ],
            [
              7.6864688,
              45.8119294
            ]
          ]
        ]
      }
    },
    {
      "type": "Feature",
      "properties": {
        "type": "way",
        "id": 399598127,
        "tags": {
          "leisure": "pitch",
          "sport": "soccer"
        },
        "nodes": [
          4023207639,
          4023207645,
          4023207611,
          4023207595,
          4023207639
        ]
      },
      "geometry": {
        "type": "Polygon",
        "coordinates": [
          [
            [
              7.8034691,
              45.6044825
            ],
            [
              7.8036798,
              45.6045319
            ],
            [
              7.8038367,
              45.6042043
            ],
            [
              7.803626,
              45.6041549
            ],
            [
              7.8034691,
              45.6044825
            ]
          ]
        ]
      }
    },
    {
      "type": "Feature",
      "properties": {
        "type": "way",
        "id": 401632808,
        "tags": {
          "access": "private",
          "leisure": "swimming_pool"
        },
        "nodes": [
          4040426288,
          4040426293,
          4040426291,
          4040426282,
          4040426288
        ]
      },
      "geometry": {
        "type": "Polygon",
        "coordinates": [
          [
            [
              7.8419868,
              45.6288346
            ],
            [
              7.8420391,
              45.6288721
            ],
            [
              7.8421028,
              45.628847
            ],
            [
              7.8420327,
              45.628805
            ],
            [
              7.8419868,
              45.6288346
            ]
          ]
        ]
      }
    },
    {
      "type": "Feature",
      "properties": {
        "type": "way",
        "id": 402450705,
        "tags": {
          "leisure": "pitch",
          "sport": "soccer"
        },
        "nodes": [
          4048645881,
          4048645894,
          4048645887,
          4048645877,
          4048645881
        ]
      },
      "geometry": {
        "type": "Polygon",
        "coordinates": [
          [
            [
              7.8603185,
              45.6507232
            ],
            [
              7.8605417,
              45.6509856
            ],
            [
              7.8607898,
              45.6508825
            ],
            [
              7.8605666,
              45.65062
            ],
            [
              7.8603185,
              45.6507232
            ]
          ]
        ]
      }
    },
    {
      "type": "Feature",
      "properties": {
        "type": "way",
        "id": 402888810,
        "tags": {
          "leisure": "pitch",
          "sport": "soccer",
          "surface": "artificial_turf"
        },
        "nodes": [
          4052896623,
          4052896624,
          4052896622,
          4052896621,
          9775078910,
          4052896623
        ]
      },
      "geometry": {
        "type": "Polygon",
        "coordinates": [
          [
            [
              7.3208704,
              45.7348592
            ],
            [
              7.321214,
              45.7349626
            ],
            [
              7.3212897,
              45.7348332
            ],
            [
              7.3209451,
              45.734727
            ],
            [
              7.3209211,
              45.7347694
            ],
            [
              7.3208704,
              45.7348592
            ]
          ]
        ]
      }
    },
    {
      "type": "Feature",
      "properties": {
        "type": "way",
        "id": 415225752,
        "tags": {
          "leisure": "pitch",
          "sport": "soccer"
        },
        "nodes": [
          4162749683,
          4162749682,
          4162749660,
          4162749661,
          4162749683
        ]
      },
      "geometry": {
        "type": "Polygon",
        "coordinates": [
          [
            [
              7.7113491,
              45.7323005
            ],
            [
              7.7119311,
              45.7322998
            ],
            [
              7.7119305,
              45.7320626
            ],
            [
              7.7113485,
              45.7320633
            ],
            [
              7.7113491,
              45.7323005
            ]
          ]
        ]
      }
    },
    {
      "type": "Feature",
      "properties": {
        "type": "way",
        "id": 421480609,
        "tags": {
          "leisure": "pitch",
          "sport": "tennis"
        },
        "nodes": [
          1253990583,
          4212440610,
          4212440613,
          4212440614,
          1253990583
        ]
      },
      "geometry": {
        "type": "Polygon",
        "coordinates": [
          [
            [
              7.5909702,
              45.811951
            ],
            [
              7.5912244,
              45.8119202
            ],
            [
              7.5913048,
              45.8122425
            ],
            [
              7.5910506,
              45.8122732
            ],
            [
              7.5909702,
              45.811951
            ]
          ]
        ]
      }
    },
    {
      "type": "Feature",
      "properties": {
        "type": "way",
        "id": 421482364,
        "tags": {
          "animal_keeping": "horse",
          "animal_keeping:type": "paddock",
          "barrier": "fence",
          "fence_type": "wood",
          "leisure": "pitch",
          "sport": "equestrian"
        },
        "nodes": [
          4212452435,
          4212452436,
          4212452434,
          4212452433,
          4212452435
        ]
      },
      "geometry": {
        "type": "Polygon",
        "coordinates": [
          [
            [
              7.5908886,
              45.8132593
            ],
            [
              7.5905774,
              45.8132647
            ],
            [
              7.590569,
              45.8130281
            ],
            [
              7.5908802,
              45.8130227
            ],
            [
              7.5908886,
              45.8132593
            ]
          ]
        ]
      }
    },
    {
      "type": "Feature",
      "properties": {
        "type": "way",
        "id": 421482365,
        "tags": {
          "animal_keeping": "horse",
          "animal_keeping:type": "paddock",
          "barrier": "fence",
          "fence_type": "wood",
          "leisure": "pitch",
          "name": "Sunny Ranch",
          "sport": "equestrian"
        },
        "nodes": [
          4212452438,
          4212452437,
          4212452435,
          4212452436,
          4212452438
        ]
      },
      "geometry": {
        "type": "Polygon",
        "coordinates": [
          [
            [
              7.5905892,
              45.8135964
            ],
            [
              7.5909004,
              45.8135911
            ],
            [
              7.5908886,
              45.8132593
            ],
            [
              7.5905774,
              45.8132647
            ],
            [
              7.5905892,
              45.8135964
            ]
          ]
        ]
      }
    },
    {
      "type": "Feature",
      "properties": {
        "type": "way",
        "id": 430378580,
        "tags": {
          "leisure": "swimming_pool"
        },
        "nodes": [
          4296632546,
          4296632544,
          4296632531,
          4296632532,
          4296632546
        ]
      },
      "geometry": {
        "type": "Polygon",
        "coordinates": [
          [
            [
              7.6661108,
              45.6944479
            ],
            [
              7.6662711,
              45.6944381
            ],
            [
              7.6662659,
              45.694397
            ],
            [
              7.6661056,
              45.6944068
            ],
            [
              7.6661108,
              45.6944479
            ]
          ]
        ]
      }
    },
    {
      "type": "Feature",
      "properties": {
        "type": "way",
        "id": 433293809,
        "tags": {
          "leisure": "pitch",
          "sport": "soccer",
          "surface": "grass"
        },
        "nodes": [
          4321302986,
          4321302987,
          4321302988,
          4321305089,
          4321302986
        ]
      },
      "geometry": {
        "type": "Polygon",
        "coordinates": [
          [
            [
              7.3617073,
              45.6037858
            ],
            [
              7.362791,
              45.6034255
            ],
            [
              7.3625254,
              45.6031009
            ],
            [
              7.3614794,
              45.6034687
            ],
            [
              7.3617073,
              45.6037858
            ]
          ]
        ]
      }
    },
    {
      "type": "Feature",
      "properties": {
        "type": "way",
        "id": 438298702,
        "tags": {
          "leisure": "pitch",
          "sport": "soccer"
        },
        "nodes": [
          4360344212,
          4360344218,
          4360344227,
          4360349870,
          4360344212
        ]
      },
      "geometry": {
        "type": "Polygon",
        "coordinates": [
          [
            [
              7.2117526,
              45.8248444
            ],
            [
              7.2116763,
              45.8249566
            ],
            [
              7.2120384,
              45.8250762
            ],
            [
              7.2121147,
              45.8249639
            ],
            [
              7.2117526,
              45.8248444
            ]
          ]
        ]
      }
    },
    {
      "type": "Feature",
      "properties": {
        "type": "way",
        "id": 439593400,
        "tags": {
          "leisure": "pitch",
          "sport": "tennis"
        },
        "nodes": [
          4372558566,
          4372558585,
          4372558584,
          4372558564,
          4372558566
        ]
      },
      "geometry": {
        "type": "Polygon",
        "coordinates": [
          [
            [
              7.3601211,
              45.7432549
            ],
            [
              7.3601312,
              45.7435821
            ],
            [
              7.3603518,
              45.7435788
            ],
            [
              7.3603417,
              45.7432516
            ],
            [
              7.3601211,
              45.7432549
            ]
          ]
        ]
      }
    },
    {
      "type": "Feature",
      "properties": {
        "type": "way",
        "id": 439593401,
        "tags": {
          "leisure": "pitch",
          "sport": "soccer"
        },
        "nodes": [
          4372560696,
          4372560713,
          4372560711,
          4372560693,
          4372560696
        ]
      },
      "geometry": {
        "type": "Polygon",
        "coordinates": [
          [
            [
              7.359588,
              45.7437836
            ],
            [
              7.3596174,
              45.7441924
            ],
            [
              7.3605923,
              45.7441105
            ],
            [
              7.3605792,
              45.7437571
            ],
            [
              7.359588,
              45.7437836
            ]
          ]
        ]
      }
    },
    {
      "type": "Feature",
      "properties": {
        "type": "way",
        "id": 439593402,
        "tags": {
          "leisure": "pitch",
          "sport": "tennis"
        },
        "nodes": [
          4372558572,
          4372558588,
          4372558586,
          4372558571,
          4372558572
        ]
      },
      "geometry": {
        "type": "Polygon",
        "coordinates": [
          [
            [
              7.3598368,
              45.74336
            ],
            [
              7.3598466,
              45.7436765
            ],
            [
              7.3601077,
              45.7436726
            ],
            [
              7.360098,
              45.7433561
            ],
            [
              7.3598368,
              45.74336
            ]
          ]
        ]
      }
    },
    {
      "type": "Feature",
      "properties": {
        "type": "way",
        "id": 439593403,
        "tags": {
          "leisure": "pitch",
          "sport": "tennis"
        },
        "nodes": [
          4372558561,
          4372558582,
          4372558580,
          4372558560,
          4372558561
        ]
      },
      "geometry": {
        "type": "Polygon",
        "coordinates": [
          [
            [
              7.3603528,
              45.7431963
            ],
            [
              7.3603636,
              45.7435444
            ],
            [
              7.3606059,
              45.7435408
            ],
            [
              7.3605952,
              45.7431926
            ],
            [
              7.3603528,
              45.7431963
            ]
          ]
        ]
      }
    },
    {
      "type": "Feature",
      "properties": {
        "type": "way",
        "id": 439593404,
        "tags": {
          "leisure": "pitch",
          "sport": "tennis"
        },
        "nodes": [
          4372558576,
          4372560689,
          4372558587,
          4372558575,
          4372558576
        ]
      },
      "geometry": {
        "type": "Polygon",
        "coordinates": [
          [
            [
              7.3595603,
              45.7434015
            ],
            [
              7.3595688,
              45.7436785
            ],
            [
              7.3598151,
              45.7436748
            ],
            [
              7.3598065,
              45.7433978
            ],
            [
              7.3595603,
              45.7434015
            ]
          ]
        ]
      }
    },
    {
      "type": "Feature",
      "properties": {
        "type": "way",
        "id": 440044492,
        "tags": {
          "leisure": "pitch"
        },
        "nodes": [
          4377469930,
          4377469931,
          4377469932,
          4377469933,
          4377469930
        ]
      },
      "geometry": {
        "type": "Polygon",
        "coordinates": [
          [
            [
              7.6165391,
              45.7503826
            ],
            [
              7.6167073,
              45.7503077
            ],
            [
              7.6165111,
              45.750091
            ],
            [
              7.61635,
              45.7501659
            ],
            [
              7.6165391,
              45.7503826
            ]
          ]
        ]
      }
    },
    {
      "type": "Feature",
      "properties": {
        "type": "way",
        "id": 440044493,
        "tags": {
          "leisure": "pitch"
        },
        "nodes": [
          4377469934,
          4377469935,
          4377469936,
          4377469937,
          4377469934
        ]
      },
      "geometry": {
        "type": "Polygon",
        "coordinates": [
          [
            [
              7.6163453,
              45.7501024
            ],
            [
              7.6164831,
              45.750047
            ],
            [
              7.6163664,
              45.7499215
            ],
            [
              7.6162309,
              45.7499785
            ],
            [
              7.6163453,
              45.7501024
            ]
          ]
        ]
      }
    },
    {
      "type": "Feature",
      "properties": {
        "type": "way",
        "id": 440044494,
        "tags": {
          "leisure": "pitch",
          "sport": "basketball"
        },
        "nodes": [
          4377469938,
          4377469939,
          4377469940,
          4377469941,
          4377469938
        ]
      },
      "geometry": {
        "type": "Polygon",
        "coordinates": [
          [
            [
              7.6168121,
              45.7503263
            ],
            [
              7.6171527,
              45.750185
            ],
            [
              7.6170172,
              45.7500212
            ],
            [
              7.6166726,
              45.7501672
            ],
            [
              7.6168121,
              45.7503263
            ]
          ]
        ]
      }
    },
    {
      "type": "Feature",
      "properties": {
        "type": "way",
        "id": 440392262,
        "tags": {
          "leisure": "pitch",
          "sport": "beachvolleyball"
        },
        "nodes": [
          2087510790,
          4381116840,
          4381116834,
          2087510787,
          2087510790
        ]
      },
      "geometry": {
        "type": "Polygon",
        "coordinates": [
          [
            [
              7.5664138,
              45.8019571
            ],
            [
              7.566525,
              45.8019498
            ],
            [
              7.5665051,
              45.8018018
            ],
            [
              7.5663939,
              45.8018091
            ],
            [
              7.5664138,
              45.8019571
            ]
          ]
        ]
      }
    },
    {
      "type": "Feature",
      "properties": {
        "type": "way",
        "id": 440984707,
        "tags": {
          "leisure": "pitch",
          "sport": "soccer"
        },
        "nodes": [
          4387486638,
          4387486639,
          4387486640,
          4387486641,
          4387486638
        ]
      },
      "geometry": {
        "type": "Polygon",
        "coordinates": [
          [
            [
              7.6500607,
              45.7501705
            ],
            [
              7.6497497,
              45.7502045
            ],
            [
              7.6496724,
              45.74984
            ],
            [
              7.6499895,
              45.7498116
            ],
            [
              7.6500607,
              45.7501705
            ]
          ]
        ]
      }
    },
    {
      "type": "Feature",
      "properties": {
        "type": "way",
        "id": 440984708,
        "tags": {
          "leisure": "pitch",
          "sport": "basketball"
        },
        "nodes": [
          4387486642,
          4387486643,
          4387486644,
          4387486645,
          4387486642
        ]
      },
      "geometry": {
        "type": "Polygon",
        "coordinates": [
          [
            [
              7.6500688,
              45.7501138
            ],
            [
              7.650327,
              45.7500882
            ],
            [
              7.650264,
              45.7497847
            ],
            [
              7.6500078,
              45.7498074
            ],
            [
              7.6500688,
              45.7501138
            ]
          ]
        ]
      }
    },
    {
      "type": "Feature",
      "properties": {
        "type": "way",
        "id": 441137346,
        "tags": {
          "leisure": "pitch"
        },
        "nodes": [
          4389094280,
          4389094281,
          4389094282,
          4389094283,
          4389094280
        ]
      },
      "geometry": {
        "type": "Polygon",
        "coordinates": [
          [
            [
              7.6120008,
              45.7496267
            ],
            [
              7.612127,
              45.7494667
            ],
            [
              7.6117695,
              45.7493302
            ],
            [
              7.6116496,
              45.7494887
            ],
            [
              7.6120008,
              45.7496267
            ]
          ]
        ]
      }
    },
    {
      "type": "Feature",
      "properties": {
        "type": "way",
        "id": 442067861,
        "tags": {
          "access": "private",
          "leisure": "swimming_pool"
        },
        "nodes": [
          4397594379,
          4397594380,
          4397594381,
          4397594383,
          4397594385,
          4397594386,
          4397594388,
          4397595090,
          4397595092,
          4397595094,
          4397595095,
          4397595093,
          4397595091,
          4397595089,
          4397594387,
          4397594384,
          4397594382,
          4397594379
        ]
      },
      "geometry": {
        "type": "Polygon",
        "coordinates": [
          [
            [
              7.3248848,
              45.8229346
            ],
            [
              7.3249472,
              45.8229346
            ],
            [
              7.3249539,
              45.8229372
            ],
            [
              7.3249591,
              45.8229411
            ],
            [
              7.3249624,
              45.822946
            ],
            [
              7.3249633,
              45.8229513
            ],
            [
              7.3249619,
              45.8229565
            ],
            [
              7.3249583,
              45.8229613
            ],
            [
              7.3249517,
              45.8229671
            ],
            [
              7.3249432,
              45.8229692
            ],
            [
              7.3248862,
              45.8229696
            ],
            [
              7.3248783,
              45.8229673
            ],
            [
              7.3248719,
              45.8229634
            ],
            [
              7.3248677,
              45.8229582
            ],
            [
              7.3248661,
              45.8229524
            ],
            [
              7.3248684,
              45.8229449
            ],
            [
              7.3248743,
              45.8229385
            ],
            [
              7.3248848,
              45.8229346
            ]
          ]
        ]
      }
    },
    {
      "type": "Feature",
      "properties": {
        "type": "way",
        "id": 442069838,
        "tags": {
          "access": "customers",
          "leisure": "swimming_pool"
        },
        "nodes": [
          4397609577,
          4397609578,
          4397609581,
          4397609582,
          4397609583,
          4397609584,
          4397609580,
          4397609579,
          4397609576,
          4397609571,
          4397609567,
          4397609564,
          4397609560,
          4397609558,
          4397609557,
          4397609559,
          4397609561,
          4397609562,
          4397609563,
          4397609565,
          4397609566,
          4397609568,
          4397609569,
          4397609570,
          4397609572,
          4397609573,
          4397609574,
          4397609575,
          4397609577
        ]
      },
      "geometry": {
        "type": "Polygon",
        "coordinates": [
          [
            [
              7.3268325,
              45.8283178
            ],
            [
              7.3268271,
              45.8283215
            ],
            [
              7.3268231,
              45.828326
            ],
            [
              7.3268164,
              45.8283288
            ],
            [
              7.326809,
              45.8283295
            ],
            [
              7.3268009,
              45.8283297
            ],
            [
              7.3267869,
              45.8283257
            ],
            [
              7.3267812,
              45.828322
            ],
            [
              7.3267785,
              45.8283173
            ],
            [
              7.3267838,
              45.8282914
            ],
            [
              7.3267989,
              45.8282736
            ],
            [
              7.3268093,
              45.8282657
            ],
            [
              7.3268314,
              45.8282524
            ],
            [
              7.3268382,
              45.8282503
            ],
            [
              7.3268459,
              45.8282493
            ],
            [
              7.3268532,
              45.8282503
            ],
            [
              7.3268667,
              45.8282549
            ],
            [
              7.326873,
              45.828258
            ],
            [
              7.3268767,
              45.8282624
            ],
            [
              7.3268794,
              45.8282673
            ],
            [
              7.3268797,
              45.8282727
            ],
            [
              7.3268787,
              45.8282778
            ],
            [
              7.3268764,
              45.8282827
            ],
            [
              7.3268724,
              45.8282872
            ],
            [
              7.3268667,
              45.8282914
            ],
            [
              7.3268459,
              45.8283
            ],
            [
              7.3268408,
              45.828304
            ],
            [
              7.3268351,
              45.8283122
            ],
            [
              7.3268325,
              45.8283178
            ]
          ]
        ]
      }
    },
    {
      "type": "Feature",
      "properties": {
        "type": "way",
        "id": 453514896,
        "tags": {
          "leisure": "pitch",
          "sport": "roller_skating"
        },
        "nodes": [
          4502383552,
          4502383551,
          4502383550,
          4502383549,
          4502383548,
          4502383547,
          4502383546,
          4502383545,
          4502383552
        ]
      },
      "geometry": {
        "type": "Polygon",
        "coordinates": [
          [
            [
              7.6643992,
              45.6860445
            ],
            [
              7.6645709,
              45.6860614
            ],
            [
              7.6646044,
              45.6860239
            ],
            [
              7.6646258,
              45.685948
            ],
            [
              7.6646211,
              45.685866
            ],
            [
              7.6646017,
              45.6858047
            ],
            [
              7.6645809,
              45.6857859
            ],
            [
              7.66453,
              45.6857766
            ],
            [
              7.6643992,
              45.6860445
            ]
          ]
        ]
      }
    },
    {
      "type": "Feature",
      "properties": {
        "type": "way",
        "id": 455285047,
        "tags": {
          "leisure": "pitch",
          "sport": "soccer"
        },
        "nodes": [
          4517005599,
          4517005598,
          4517005597,
          4517005596,
          4517005599
        ]
      },
      "geometry": {
        "type": "Polygon",
        "coordinates": [
          [
            [
              7.6840365,
              45.6574057
            ],
            [
              7.6842357,
              45.6573078
            ],
            [
              7.6845542,
              45.6576241
            ],
            [
              7.684355,
              45.6577221
            ],
            [
              7.6840365,
              45.6574057
            ]
          ]
        ]
      }
    },
    {
      "type": "Feature",
      "properties": {
        "type": "way",
        "id": 455498505,
        "tags": {
          "leisure": "sports_centre"
        },
        "nodes": [
          4518939119,
          4518939118,
          4518939117,
          4518939116,
          4518939115,
          4518939114,
          4518939113,
          4518939112,
          4518939131,
          4518939130,
          4518939111,
          4518939110,
          4518939119
        ]
      },
      "geometry": {
        "type": "Polygon",
        "coordinates": [
          [
            [
              7.6843018,
              45.6570148
            ],
            [
              7.6844084,
              45.6569989
            ],
            [
              7.6844507,
              45.6569806
            ],
            [
              7.6849073,
              45.6566024
            ],
            [
              7.6850106,
              45.6565377
            ],
            [
              7.685075,
              45.656526
            ],
            [
              7.6852104,
              45.6565405
            ],
            [
              7.6853257,
              45.6565752
            ],
            [
              7.685538,
              45.6566938
            ],
            [
              7.6846743,
              45.6574793
            ],
            [
              7.6846371,
              45.657424
            ],
            [
              7.6845003,
              45.6572651
            ],
            [
              7.6843018,
              45.6570148
            ]
          ]
        ]
      }
    },
    {
      "type": "Feature",
      "properties": {
        "type": "way",
        "id": 455498506,
        "tags": {
          "leisure": "pitch",
          "sport": "beachvolleyball"
        },
        "nodes": [
          4518939124,
          4518939123,
          4518939122,
          4518939121,
          4518939124
        ]
      },
      "geometry": {
        "type": "Polygon",
        "coordinates": [
          [
            [
              7.6844636,
              45.6570866
            ],
            [
              7.6847467,
              45.6572542
            ],
            [
              7.6848931,
              45.6571334
            ],
            [
              7.68461,
              45.6569658
            ],
            [
              7.6844636,
              45.6570866
            ]
          ]
        ]
      }
    },
    {
      "type": "Feature",
      "properties": {
        "type": "way",
        "id": 457421664,
        "tags": {
          "leisure": "pitch",
          "sport": "soccer"
        },
        "nodes": [
          4535739005,
          4535739004,
          4535739003,
          4535739002,
          4535739005
        ]
      },
      "geometry": {
        "type": "Polygon",
        "coordinates": [
          [
            [
              7.6846966,
              45.6575053
            ],
            [
              7.6853484,
              45.6578791
            ],
            [
              7.6862317,
              45.6571269
            ],
            [
              7.6855799,
              45.656753
            ],
            [
              7.6846966,
              45.6575053
            ]
          ]
        ]
      }
    },
    {
      "type": "Feature",
      "properties": {
        "type": "way",
        "id": 460196001,
        "tags": {
          "leisure": "pitch",
          "sport": "volleyball"
        },
        "nodes": [
          4558695190,
          4558695189,
          4558695188,
          4558695187,
          4558695190
        ]
      },
      "geometry": {
        "type": "Polygon",
        "coordinates": [
          [
            [
              7.6337372,
              45.6246082
            ],
            [
              7.6338988,
              45.6244531
            ],
            [
              7.6340235,
              45.6245167
            ],
            [
              7.6338619,
              45.6246717
            ],
            [
              7.6337372,
              45.6246082
            ]
          ]
        ]
      }
    },
    {
      "type": "Feature",
      "properties": {
        "type": "way",
        "id": 477514034,
        "tags": {
          "leisure": "pitch",
          "name": "Campo Bocce",
          "sport": "boules"
        },
        "nodes": [
          4708518656,
          4708518655,
          4708518654,
          4708518653,
          4708518656
        ]
      },
      "geometry": {
        "type": "Polygon",
        "coordinates": [
          [
            [
              7.686422,
              45.6077903
            ],
            [
              7.6867139,
              45.6076422
            ],
            [
              7.686676,
              45.6076057
            ],
            [
              7.6863842,
              45.6077538
            ],
            [
              7.686422,
              45.6077903
            ]
          ]
        ]
      }
    },
    {
      "type": "Feature",
      "properties": {
        "type": "way",
        "id": 479553851,
        "tags": {
          "leisure": "pitch"
        },
        "nodes": [
          4726332127,
          4726332126,
          4726332125,
          4726332124,
          4726332123,
          4726332122,
          4726332127
        ]
      },
      "geometry": {
        "type": "Polygon",
        "coordinates": [
          [
            [
              7.7334473,
              45.6116515
            ],
            [
              7.7334457,
              45.6115484
            ],
            [
              7.7337423,
              45.6115462
            ],
            [
              7.7337434,
              45.6116194
            ],
            [
              7.7337921,
              45.6116191
            ],
            [
              7.7337926,
              45.6116489
            ],
            [
              7.7334473,
              45.6116515
            ]
          ]
        ]
      }
    },
    {
      "type": "Feature",
      "properties": {
        "type": "way",
        "id": 479553856,
        "tags": {
          "leisure": "pitch",
          "sport": "baseball"
        },
        "nodes": [
          4726332144,
          4726332143,
          4726332142,
          4726332141,
          4726332144
        ]
      },
      "geometry": {
        "type": "Polygon",
        "coordinates": [
          [
            [
              7.7344994,
              45.61149
            ],
            [
              7.734825,
              45.6114518
            ],
            [
              7.7348542,
              45.6115735
            ],
            [
              7.7345286,
              45.6116117
            ],
            [
              7.7344994,
              45.61149
            ]
          ]
        ]
      }
    },
    {
      "type": "Feature",
      "properties": {
        "type": "way",
        "id": 480678976,
        "tags": {
          "leisure": "pitch",
          "sport": "tennis"
        },
        "nodes": [
          4736470106,
          4736470105,
          4736470104,
          4736470103,
          4736470106
        ]
      },
      "geometry": {
        "type": "Polygon",
        "coordinates": [
          [
            [
              7.7680481,
              45.5958871
            ],
            [
              7.7683653,
              45.5960886
            ],
            [
              7.7684879,
              45.5959941
            ],
            [
              7.7681708,
              45.5957926
            ],
            [
              7.7680481,
              45.5958871
            ]
          ]
        ]
      }
    },
    {
      "type": "Feature",
      "properties": {
        "type": "way",
        "id": 480678978,
        "tags": {
          "leisure": "pitch",
          "sport": "boules"
        },
        "nodes": [
          4736470114,
          4736470113,
          4736470112,
          4736470111,
          4736470114
        ]
      },
      "geometry": {
        "type": "Polygon",
        "coordinates": [
          [
            [
              7.7685266,
              45.5962152
            ],
            [
              7.7689028,
              45.5963523
            ],
            [
              7.7689519,
              45.5962865
            ],
            [
              7.7685756,
              45.5961494
            ],
            [
              7.7685266,
              45.5962152
            ]
          ]
        ]
      }
    },
    {
      "type": "Feature",
      "properties": {
        "type": "way",
        "id": 480869047,
        "tags": {
          "leisure": "pitch",
          "sport": "soccer"
        },
        "nodes": [
          4738227991,
          4738227990,
          4738227989,
          4738227988,
          4738227991
        ]
      },
      "geometry": {
        "type": "Polygon",
        "coordinates": [
          [
            [
              7.7684994,
              45.5968968
            ],
            [
              7.7689243,
              45.5967638
            ],
            [
              7.7688384,
              45.5966293
            ],
            [
              7.7684134,
              45.5967623
            ],
            [
              7.7684994,
              45.5968968
            ]
          ]
        ]
      }
    },
    {
      "type": "Feature",
      "properties": {
        "type": "way",
        "id": 512059464,
        "tags": {
          "leisure": "pitch",
          "sport": "soccer"
        },
        "nodes": [
          5007446985,
          5007446983,
          5007446990,
          5007446979,
          5007446985
        ]
      },
      "geometry": {
        "type": "Polygon",
        "coordinates": [
          [
            [
              7.3567629,
              45.6197333
            ],
            [
              7.3568621,
              45.6196582
            ],
            [
              7.3571545,
              45.619857
            ],
            [
              7.3570445,
              45.6199245
            ],
            [
              7.3567629,
              45.6197333
            ]
          ]
        ]
      }
    },
    {
      "type": "Feature",
      "properties": {
        "type": "way",
        "id": 548355579,
        "tags": {
          "leisure": "swimming_pool"
        },
        "nodes": [
          5297545381,
          5297545367,
          5297545366,
          5297545365,
          5297545364,
          5297545380,
          5297545381
        ]
      },
      "geometry": {
        "type": "Polygon",
        "coordinates": [
          [
            [
              6.9878158,
              45.7623622
            ],
            [
              6.9878361,
              45.7623218
            ],
            [
              6.9878674,
              45.7623076
            ],
            [
              6.9879236,
              45.7623175
            ],
            [
              6.9879392,
              45.7623338
            ],
            [
              6.9879361,
              45.7623709
            ],
            [
              6.9878158,
              45.7623622
            ]
          ]
        ]
      }
    },
    {
      "type": "Feature",
      "properties": {
        "type": "way",
        "id": 551620787,
        "tags": {
          "leisure": "pitch",
          "sport": "soccer"
        },
        "nodes": [
          5327115257,
          5327115256,
          5327115255,
          5327115254,
          5327115257
        ]
      },
      "geometry": {
        "type": "Polygon",
        "coordinates": [
          [
            [
              7.8246504,
              45.8298587
            ],
            [
              7.8248269,
              45.8299352
            ],
            [
              7.8250088,
              45.8297317
            ],
            [
              7.8248322,
              45.829655
            ],
            [
              7.8246504,
              45.8298587
            ]
          ]
        ]
      }
    },
    {
      "type": "Feature",
      "properties": {
        "type": "way",
        "id": 566212219,
        "tags": {
          "leisure": "pitch",
          "sport": "soccer"
        },
        "nodes": [
          5452196234,
          5452196231,
          5452196229,
          5452196228,
          5452196230,
          5452196232,
          5452196233,
          5452196234
        ]
      },
      "geometry": {
        "type": "Polygon",
        "coordinates": [
          [
            [
              7.2398964,
              45.7093503
            ],
            [
              7.240284,
              45.7094816
            ],
            [
              7.2405267,
              45.7095695
            ],
            [
              7.2406098,
              45.7094702
            ],
            [
              7.2404891,
              45.7094402
            ],
            [
              7.240453,
              45.709255
            ],
            [
              7.2400707,
              45.7090994
            ],
            [
              7.2398964,
              45.7093503
            ]
          ]
        ]
      }
    },
    {
      "type": "Feature",
      "properties": {
        "type": "way",
        "id": 566212220,
        "tags": {
          "leisure": "pitch",
          "sport": "soccer"
        },
        "nodes": [
          5452196238,
          5452196237,
          5452196236,
          5452196235,
          5452196238
        ]
      },
      "geometry": {
        "type": "Polygon",
        "coordinates": [
          [
            [
              7.2394162,
              45.7091518
            ],
            [
              7.2398803,
              45.7093185
            ],
            [
              7.2400162,
              45.709134
            ],
            [
              7.2395521,
              45.7089673
            ],
            [
              7.2394162,
              45.7091518
            ]
          ]
        ]
      }
    },
    {
      "type": "Feature",
      "properties": {
        "type": "way",
        "id": 566216960,
        "tags": {
          "leisure": "pitch",
          "sport": "soccer"
        },
        "nodes": [
          5452244158,
          5452244157,
          1736286148,
          5452244156,
          5452244158
        ]
      },
      "geometry": {
        "type": "Polygon",
        "coordinates": [
          [
            [
              7.2380711,
              45.7041516
            ],
            [
              7.2375955,
              45.7039764
            ],
            [
              7.2372317,
              45.7044581
            ],
            [
              7.2377074,
              45.7046333
            ],
            [
              7.2380711,
              45.7041516
            ]
          ]
        ]
      }
    },
    {
      "type": "Feature",
      "properties": {
        "type": "way",
        "id": 566491227,
        "tags": {
          "leisure": "pitch",
          "sport": "soccer"
        },
        "nodes": [
          5455492301,
          5455492298,
          5455492299,
          5455492300,
          5455492301
        ]
      },
      "geometry": {
        "type": "Polygon",
        "coordinates": [
          [
            [
              7.3072895,
              45.7890132
            ],
            [
              7.3073145,
              45.7891744
            ],
            [
              7.3078097,
              45.7891371
            ],
            [
              7.3077848,
              45.788976
            ],
            [
              7.3072895,
              45.7890132
            ]
          ]
        ]
      }
    },
    {
      "type": "Feature",
      "properties": {
        "type": "way",
        "id": 566836683,
        "tags": {
          "leisure": "pitch"
        },
        "nodes": [
          5457987244,
          5457987241,
          5457987242,
          5457987243,
          5457987244
        ]
      },
      "geometry": {
        "type": "Polygon",
        "coordinates": [
          [
            [
              7.297251,
              45.7341975
            ],
            [
              7.297539,
              45.7343143
            ],
            [
              7.2976372,
              45.7341963
            ],
            [
              7.2973491,
              45.7340795
            ],
            [
              7.297251,
              45.7341975
            ]
          ]
        ]
      }
    },
    {
      "type": "Feature",
      "properties": {
        "type": "way",
        "id": 566836687,
        "tags": {
          "leisure": "pitch"
        },
        "nodes": [
          5457987278,
          5457987275,
          5457987276,
          5457987277,
          5457987278
        ]
      },
      "geometry": {
        "type": "Polygon",
        "coordinates": [
          [
            [
              7.3002811,
              45.7360431
            ],
            [
              7.3002214,
              45.7361826
            ],
            [
              7.3005482,
              45.7362467
            ],
            [
              7.300624,
              45.7361146
            ],
            [
              7.3002811,
              45.7360431
            ]
          ]
        ]
      }
    },
    {
      "type": "Feature",
      "properties": {
        "type": "way",
        "id": 566836688,
        "tags": {
          "leisure": "pitch"
        },
        "nodes": [
          5457987282,
          5457987279,
          5457987280,
          5457987281,
          5457987282
        ]
      },
      "geometry": {
        "type": "Polygon",
        "coordinates": [
          [
            [
              7.2997539,
              45.7358215
            ],
            [
              7.2996476,
              45.7360628
            ],
            [
              7.3001939,
              45.73618
            ],
            [
              7.3003001,
              45.7359386
            ],
            [
              7.2997539,
              45.7358215
            ]
          ]
        ]
      }
    },
    {
      "type": "Feature",
      "properties": {
        "type": "way",
        "id": 566841215,
        "tags": {
          "leisure": "pitch",
          "sport": "soccer"
        },
        "nodes": [
          5458018579,
          5458018578,
          5458018577,
          5458018576,
          5458018579
        ]
      },
      "geometry": {
        "type": "Polygon",
        "coordinates": [
          [
            [
              7.3278862,
              45.7375803
            ],
            [
              7.3281799,
              45.7376647
            ],
            [
              7.3284253,
              45.7372489
            ],
            [
              7.3281317,
              45.7371645
            ],
            [
              7.3278862,
              45.7375803
            ]
          ]
        ]
      }
    },
    {
      "type": "Feature",
      "properties": {
        "type": "way",
        "id": 627711219,
        "tags": {
          "access": "customers",
          "bath:type": "thermal",
          "leisure": "swimming_pool",
          "location": "outdoor"
        },
        "nodes": [
          5925897539,
          5925897538,
          5925897537,
          5925897536,
          5925897539
        ]
      },
      "geometry": {
        "type": "Polygon",
        "coordinates": [
          [
            [
              6.9856714,
              45.7625619
            ],
            [
              6.9857496,
              45.7625882
            ],
            [
              6.9857203,
              45.7626305
            ],
            [
              6.9856421,
              45.7626042
            ],
            [
              6.9856714,
              45.7625619
            ]
          ]
        ]
      }
    },
    {
      "type": "Feature",
      "properties": {
        "type": "way",
        "id": 627711220,
        "tags": {
          "access": "customers",
          "bath:type": "thermal",
          "leisure": "swimming_pool",
          "location": "outdoor"
        },
        "nodes": [
          5925897549,
          5925897547,
          5925897546,
          5925897545,
          5925897544,
          5925897548,
          5925897543,
          5925897542,
          5925897541,
          5925897540,
          5925897549
        ]
      },
      "geometry": {
        "type": "Polygon",
        "coordinates": [
          [
            [
              6.985973,
              45.7620612
            ],
            [
              6.9859924,
              45.7620619
            ],
            [
              6.9860075,
              45.7620705
            ],
            [
              6.9860125,
              45.7620837
            ],
            [
              6.9860055,
              45.7620964
            ],
            [
              6.9859891,
              45.7621037
            ],
            [
              6.9859696,
              45.762103
            ],
            [
              6.9859545,
              45.7620944
            ],
            [
              6.9859495,
              45.7620812
            ],
            [
              6.9859566,
              45.7620685
            ],
            [
              6.985973,
              45.7620612
            ]
          ]
        ]
      }
    },
    {
      "type": "Feature",
      "properties": {
        "type": "way",
        "id": 627711222,
        "tags": {
          "access": "customers",
          "bath:type": "thermal",
          "leisure": "swimming_pool",
          "location": "outdoor"
        },
        "nodes": [
          5925897574,
          5925897573,
          5925897572,
          5925897571,
          5925897570,
          5925897569,
          5925897568,
          5925897567,
          5925897566,
          5925897565,
          5925897564,
          5925897563,
          5925897562,
          5925897561,
          5925897560,
          5925897559,
          5925897558,
          5925897557,
          5925897556,
          5925897555,
          5925897554,
          5925897553,
          5925897552,
          5925897551,
          5925897550,
          5925897574
        ]
      },
      "geometry": {
        "type": "Polygon",
        "coordinates": [
          [
            [
              6.9857821,
              45.7618451
            ],
            [
              6.985871,
              45.7618623
            ],
            [
              6.9858442,
              45.7619157
            ],
            [
              6.9859032,
              45.7619302
            ],
            [
              6.985914,
              45.7619442
            ],
            [
              6.9859287,
              45.7619545
            ],
            [
              6.9859475,
              45.7619489
            ],
            [
              6.9859555,
              45.7619395
            ],
            [
              6.9859555,
              45.7619264
            ],
            [
              6.986028,
              45.7619105
            ],
            [
              6.9860514,
              45.7619232
            ],
            [
              6.9860736,
              45.7619189
            ],
            [
              6.9860917,
              45.7619049
            ],
            [
              6.9860917,
              45.7618857
            ],
            [
              6.9860769,
              45.761875
            ],
            [
              6.9860575,
              45.761874
            ],
            [
              6.9860427,
              45.7618815
            ],
            [
              6.9860296,
              45.7618867
            ],
            [
              6.9860223,
              45.7619016
            ],
            [
              6.9859549,
              45.7619166
            ],
            [
              6.9859539,
              45.7619065
            ],
            [
              6.9859971,
              45.7618263
            ],
            [
              6.9859039,
              45.7617978
            ],
            [
              6.9858774,
              45.7618504
            ],
            [
              6.9857861,
              45.7618341
            ],
            [
              6.9857821,
              45.7618451
            ]
          ]
        ]
      }
    },
    {
      "type": "Feature",
      "properties": {
        "type": "way",
        "id": 674904214,
        "tags": {
          "landuse": "recreation_ground",
          "leisure": "pitch",
          "lit": "no",
          "name": "Campo di \"Tsan\"",
          "sport": "multi",
          "surface": "grass"
        },
        "nodes": [
          6320531584,
          6320531583,
          6320531582,
          6320531581,
          6320531580,
          6320531579,
          6320531578,
          6320531577,
          6320531576,
          6320531575,
          6320531574,
          6320531573,
          6320531584
        ]
      },
      "geometry": {
        "type": "Polygon",
        "coordinates": [
          [
            [
              7.480697,
              45.7441826
            ],
            [
              7.4813139,
              45.7443885
            ],
            [
              7.4817699,
              45.7439093
            ],
            [
              7.4821347,
              45.7435574
            ],
            [
              7.4823546,
              45.7432916
            ],
            [
              7.4821776,
              45.7430632
            ],
            [
              7.4815232,
              45.7429172
            ],
            [
              7.4806327,
              45.7430108
            ],
            [
              7.480284,
              45.7431942
            ],
            [
              7.4800533,
              45.7435611
            ],
            [
              7.4804771,
              45.7437708
            ],
            [
              7.4805897,
              45.7440141
            ],
            [
              7.480697,
              45.7441826
            ]
          ]
        ]
      }
    },
    {
      "type": "Feature",
      "properties": {
        "type": "way",
        "id": 681124250,
        "tags": {
          "leisure": "pitch",
          "name": "Campo da bocce e palet / Terrain de boules et de palet",
          "sport": "boules",
          "surface": "sand"
        },
        "nodes": [
          6378287047,
          6378287042,
          4372560719,
          6378287041,
          4372560734,
          4372560732,
          4372560743,
          6378287048,
          6378287047
        ]
      },
      "geometry": {
        "type": "Polygon",
        "coordinates": [
          [
            [
              7.3607406,
              45.7441423
            ],
            [
              7.3617129,
              45.7439692
            ],
            [
              7.361785,
              45.7442166
            ],
            [
              7.3616975,
              45.7442398
            ],
            [
              7.3612164,
              45.7443233
            ],
            [
              7.361211,
              45.7443027
            ],
            [
              7.3607845,
              45.7443457
            ],
            [
              7.3607581,
              45.7443494
            ],
            [
              7.3607406,
              45.7441423
            ]
          ]
        ]
      }
    },
    {
      "type": "Feature",
      "properties": {
        "type": "way",
        "id": 688879943,
        "tags": {
          "landuse": "recreation_ground",
          "leisure": "pitch",
          "name": "Campo di \"Tsan\" - sport popolare",
          "sport": "multi"
        },
        "nodes": [
          6461570437,
          6461570436,
          6461570435,
          6461570434,
          6461570433,
          6461570432,
          6461570431,
          6461570430,
          6461570437
        ]
      },
      "geometry": {
        "type": "Polygon",
        "coordinates": [
          [
            [
              7.4080253,
              45.7414609
            ],
            [
              7.4082881,
              45.7409442
            ],
            [
              7.4083847,
              45.7399783
            ],
            [
              7.4096078,
              45.7397387
            ],
            [
              7.409876,
              45.7411614
            ],
            [
              7.4092483,
              45.7413673
            ],
            [
              7.4084384,
              45.7413663
            ],
            [
              7.4079984,
              45.7415545
            ],
            [
              7.4080253,
              45.7414609
            ]
          ]
        ]
      }
    },
    {
      "type": "Feature",
      "properties": {
        "type": "way",
        "id": 688879944,
        "tags": {
          "leisure": "pitch",
          "sport": "soccer"
        },
        "nodes": [
          6461570441,
          6461570440,
          6461570439,
          6461570438,
          6461570441
        ]
      },
      "geometry": {
        "type": "Polygon",
        "coordinates": [
          [
            [
              7.4139395,
              45.7378798
            ],
            [
              7.4144036,
              45.7378499
            ],
            [
              7.4143472,
              45.7374247
            ],
            [
              7.4138832,
              45.7374546
            ],
            [
              7.4139395,
              45.7378798
            ]
          ]
        ]
      }
    },
    {
      "type": "Feature",
      "properties": {
        "type": "way",
        "id": 691064499,
        "tags": {
          "leisure": "sports_centre",
          "name": "Parco AVVENTURA",
          "sport": "climbing_adventure"
        },
        "nodes": [
          6484146874,
          6484146875,
          6484146876,
          6484146877,
          6484146878,
          6484146879,
          6484146880,
          6484146874
        ]
      },
      "geometry": {
        "type": "Polygon",
        "coordinates": [
          [
            [
              7.5915036,
              45.8130354
            ],
            [
              7.5916581,
              45.8128739
            ],
            [
              7.592024,
              45.8127917
            ],
            [
              7.5924793,
              45.8123639
            ],
            [
              7.593142,
              45.8130609
            ],
            [
              7.5925932,
              45.8133471
            ],
            [
              7.5914792,
              45.8134435
            ],
            [
              7.5915036,
              45.8130354
            ]
          ]
        ]
      }
    },
    {
      "type": "Feature",
      "properties": {
        "type": "way",
        "id": 708786065,
        "tags": {
          "leisure": "pitch",
          "name": "Campo da bocce",
          "sport": "boules",
          "surface": "sand"
        },
        "nodes": [
          6660402310,
          6660402309,
          6660402308,
          6660402307,
          6660402310
        ]
      },
      "geometry": {
        "type": "Polygon",
        "coordinates": [
          [
            [
              7.5126061,
              45.7329071
            ],
            [
              7.5129117,
              45.7330322
            ],
            [
              7.5129973,
              45.7329265
            ],
            [
              7.5126918,
              45.732794
            ],
            [
              7.5126061,
              45.7329071
            ]
          ]
        ]
      }
    },
    {
      "type": "Feature",
      "properties": {
        "type": "way",
        "id": 772926124,
        "tags": {
          "leisure": "pitch",
          "sport": "basketball"
        },
        "nodes": [
          7216605377,
          7216605376,
          7216605375,
          7216605374,
          7216605377
        ]
      },
      "geometry": {
        "type": "Polygon",
        "coordinates": [
          [
            [
              7.2384171,
              45.7093335
            ],
            [
              7.2383541,
              45.7096107
            ],
            [
              7.2385796,
              45.7096357
            ],
            [
              7.2386426,
              45.7093585
            ],
            [
              7.2384171,
              45.7093335
            ]
          ]
        ]
      }
    },
    {
      "type": "Feature",
      "properties": {
        "type": "way",
        "id": 781163854,
        "tags": {
          "leisure": "pitch",
          "sport": "tennis"
        },
        "nodes": [
          7293558122,
          7293558121,
          7293558120,
          7293558119,
          7293558122
        ]
      },
      "geometry": {
        "type": "Polygon",
        "coordinates": [
          [
            [
              7.479714,
              45.790775
            ],
            [
              7.479915,
              45.7908105
            ],
            [
              7.4800292,
              45.7904954
            ],
            [
              7.4798509,
              45.7904638
            ],
            [
              7.479714,
              45.790775
            ]
          ]
        ]
      }
    },
    {
      "type": "Feature",
      "properties": {
        "type": "way",
        "id": 781179042,
        "tags": {
          "description": "pista per mtb, con 3 percorsi con difficoltà variabile",
          "leisure": "pitch",
          "name": "Pista BTM",
          "sport": "mtb"
        },
        "nodes": [
          7293680108,
          3710304130,
          7293680149,
          7293680148,
          7293680147,
          7293680146,
          7293680145,
          7293680144,
          7293680143,
          7293680098,
          7293680097,
          7293680142,
          7293680141,
          7293680096,
          7293680140,
          7293680139,
          7293680138,
          7293680108
        ]
      },
      "geometry": {
        "type": "Polygon",
        "coordinates": [
          [
            [
              7.3395511,
              45.7507242
            ],
            [
              7.3395485,
              45.7508103
            ],
            [
              7.339652,
              45.7508775
            ],
            [
              7.3398876,
              45.7508868
            ],
            [
              7.3400579,
              45.7509537
            ],
            [
              7.3402661,
              45.750957
            ],
            [
              7.3405802,
              45.7509535
            ],
            [
              7.3406647,
              45.7509275
            ],
            [
              7.3407011,
              45.7508505
            ],
            [
              7.3407099,
              45.7506942
            ],
            [
              7.3405758,
              45.7504303
            ],
            [
              7.3405075,
              45.7503378
            ],
            [
              7.3402402,
              45.7501659
            ],
            [
              7.340109,
              45.7501365
            ],
            [
              7.3399341,
              45.7501546
            ],
            [
              7.3396526,
              45.7502209
            ],
            [
              7.3394182,
              45.7502807
            ],
            [
              7.3395511,
              45.7507242
            ]
          ]
        ]
      }
    },
    {
      "type": "Feature",
      "properties": {
        "type": "way",
        "id": 781183998,
        "tags": {
          "access": "private",
          "leisure": "swimming_pool"
        },
        "nodes": [
          7293733272,
          7293733271,
          7293733270,
          7293733269,
          7293733272
        ]
      },
      "geometry": {
        "type": "Polygon",
        "coordinates": [
          [
            [
              7.3292106,
              45.7434151
            ],
            [
              7.3293018,
              45.7434811
            ],
            [
              7.3293479,
              45.7434501
            ],
            [
              7.3292567,
              45.7433841
            ],
            [
              7.3292106,
              45.7434151
            ]
          ]
        ]
      }
    },
    {
      "type": "Feature",
      "properties": {
        "type": "way",
        "id": 787253507,
        "tags": {
          "leisure": "pitch",
          "sport": "soccer"
        },
        "nodes": [
          7359873610,
          7359873611,
          7359873612,
          7359873613,
          7359873610
        ]
      },
      "geometry": {
        "type": "Polygon",
        "coordinates": [
          [
            [
              7.3567258,
              45.7361342
            ],
            [
              7.3575166,
              45.7358937
            ],
            [
              7.356834,
              45.7347662
            ],
            [
              7.3560027,
              45.7349974
            ],
            [
              7.3567258,
              45.7361342
            ]
          ]
        ]
      }
    },
    {
      "type": "Feature",
      "properties": {
        "type": "way",
        "id": 829466649,
        "tags": {
          "indoor": "yes",
          "leisure": "pitch",
          "name": "Campetto indoor calcio a 5",
          "sport": "soccer"
        },
        "nodes": [
          7742125440,
          7742125441,
          7742125442,
          7742125443,
          7742125440
        ]
      },
      "geometry": {
        "type": "Polygon",
        "coordinates": [
          [
            [
              7.3540865,
              45.6110762
            ],
            [
              7.3540575,
              45.6109728
            ],
            [
              7.3544204,
              45.610923
            ],
            [
              7.3544494,
              45.6110264
            ],
            [
              7.3540865,
              45.6110762
            ]
          ]
        ]
      }
    },
    {
      "type": "Feature",
      "properties": {
        "type": "way",
        "id": 831250019,
        "tags": {
          "access": "private",
          "leisure": "pitch"
        },
        "nodes": [
          7761493318,
          7761493319,
          7761493320,
          7761493321,
          7761493318
        ]
      },
      "geometry": {
        "type": "Polygon",
        "coordinates": [
          [
            [
              7.3537886,
              45.6027841
            ],
            [
              7.3542575,
              45.6026182
            ],
            [
              7.3536994,
              45.6020382
            ],
            [
              7.3533232,
              45.6022216
            ],
            [
              7.3537886,
              45.6027841
            ]
          ]
        ]
      }
    },
    {
      "type": "Feature",
      "properties": {
        "type": "way",
        "id": 831406079,
        "tags": {
          "access": "customers",
          "leisure": "swimming_pool",
          "name": "Piscina Etoile du Nord"
        },
        "nodes": [
          7762630490,
          7762630489,
          7762630447,
          7762630446,
          7762630490
        ]
      },
      "geometry": {
        "type": "Polygon",
        "coordinates": [
          [
            [
              7.2646387,
              45.7189936
            ],
            [
              7.2649655,
              45.7191143
            ],
            [
              7.2648855,
              45.7192199
            ],
            [
              7.2645587,
              45.7190993
            ],
            [
              7.2646387,
              45.7189936
            ]
          ]
        ]
      }
    },
    {
      "type": "Feature",
      "properties": {
        "type": "way",
        "id": 831406084,
        "tags": {
          "access": "customers",
          "leisure": "swimming_pool"
        },
        "nodes": [
          7762630532,
          7762630531,
          7762630530,
          7762630529,
          7762630532
        ]
      },
      "geometry": {
        "type": "Polygon",
        "coordinates": [
          [
            [
              7.270475,
              45.7225295
            ],
            [
              7.2706927,
              45.7226321
            ],
            [
              7.270763,
              45.7225593
            ],
            [
              7.2705454,
              45.7224567
            ],
            [
              7.270475,
              45.7225295
            ]
          ]
        ]
      }
    },
    {
      "type": "Feature",
      "properties": {
        "type": "way",
        "id": 841421473,
        "tags": {
          "fixme": "da rivedere i tag e concludere la traccia",
          "leisure": "track",
          "lit": "no",
          "mtb:scale:imba": "4",
          "name": "World Cup Downhill",
          "sport": "cycling"
        },
        "nodes": [
          7850674285,
          7850674286,
          7850674287,
          7850674288,
          7850674289,
          7850674290,
          7850674291,
          7850674292,
          7850674293,
          7850674294,
          7850674295,
          7850674296,
          7850674297,
          7850674298,
          7850674299,
          7850674300,
          7850674301,
          7850674302,
          7850674303,
          7850674304,
          7850674305,
          7850674306,
          7850674307,
          7850674308,
          7850674309,
          7850674310,
          7850674311,
          7850674312,
          7850674313,
          7850674314,
          7850674315,
          7850674316,
          7850674317,
          7850674318,
          7850674319,
          7850674320,
          7850674321,
          7850674322,
          7850674323,
          7850674324,
          7850674325,
          7850674326,
          7850674327,
          7850674328,
          7850674329,
          7850674330,
          7850674331,
          7850674332,
          7850674333,
          7850674334,
          7850674335,
          7850674336,
          7850674337,
          7850674338,
          7850674339,
          7850674340,
          7850674341,
          7850674342,
          7850674343,
          7850674344,
          7850674345,
          7850674346,
          7850674347,
          7850674348,
          7850674349,
          7850674350,
          7850674351,
          7850674352,
          7850674353,
          7850674354,
          7850674355,
          7850674356,
          7850674357,
          7850674358,
          7850674359,
          7850674360,
          7850674361,
          7850674362,
          7850674363,
          7850674364,
          7850674365,
          7850674366,
          7850674367,
          7850674368,
          7850674369,
          7850674370,
          7850674371,
          7850674372,
          7850674373,
          7850674374,
          7850674375,
          7850674376,
          7850674377,
          7850674378,
          7850674379,
          7850674380,
          7850674381,
          7850674382,
          7850674383,
          7850674384,
          7850674385,
          7850674386,
          7850674387,
          7850674388,
          7850674389,
          7850674390,
          7850674391,
          7850674392,
          7850674393,
          7850674394,
          7850674395,
          7850674396,
          7850674397,
          7850674398,
          7850674399,
          7850674400,
          7850674401,
          7850674402,
          7850674403,
          7850674404,
          7850674405,
          7850674406,
          7850674407,
          7850674408,
          7850674409,
          7850674410,
          7850674411,
          7850674412,
          7850674413,
          7850674414,
          7850674415,
          7850674416,
          7850674417,
          7850674418,
          7850674419,
          7850674420,
          7850674421,
          7850674422,
          7850674423,
          7850674424,
          7850674425
        ]
      },
      "geometry": {
        "type": "LineString",
        "coordinates": [
          [
            7.3257763,
            45.6757102
          ],
          [
            7.3256147,
            45.6758499
          ],
          [
            7.3256081,
            45.6759048
          ],
          [
            7.3256827,
            45.6760045
          ],
          [
            7.3257151,
            45.676125
          ],
          [
            7.3256827,
            45.6761547
          ],
          [
            7.325636,
            45.6761519
          ],
          [
            7.3256137,
            45.6761746
          ],
          [
            7.325632,
            45.6762072
          ],
          [
            7.3256705,
            45.6762511
          ],
          [
            7.3256543,
            45.6762865
          ],
          [
            7.3255752,
            45.6763092
          ],
          [
            7.3254109,
            45.6762794
          ],
          [
            7.325273,
            45.6763064
          ],
          [
            7.3251615,
            45.6763106
          ],
          [
            7.325127,
            45.676339
          ],
          [
            7.325054,
            45.6764722
          ],
          [
            7.3250175,
            45.676543
          ],
          [
            7.3249952,
            45.6765969
          ],
          [
            7.3250013,
            45.6766946
          ],
          [
            7.3250317,
            45.6767598
          ],
          [
            7.3249992,
            45.676842
          ],
          [
            7.3249627,
            45.6769143
          ],
          [
            7.3248715,
            45.6769724
          ],
          [
            7.3247599,
            45.677022
          ],
          [
            7.3246768,
            45.6770248
          ],
          [
            7.3244902,
            45.6769596
          ],
          [
            7.3244436,
            45.6769341
          ],
          [
            7.3243442,
            45.676961
          ],
          [
            7.3243077,
            45.6770135
          ],
          [
            7.3242063,
            45.6770475
          ],
          [
            7.3242448,
            45.6771566
          ],
          [
            7.3242103,
            45.6772104
          ],
          [
            7.3240684,
            45.6772218
          ],
          [
            7.3239426,
            45.6771296
          ],
          [
            7.3238757,
            45.6770064
          ],
          [
            7.3237053,
            45.6770092
          ],
          [
            7.323683,
            45.6771509
          ],
          [
            7.3236019,
            45.6771863
          ],
          [
            7.3234965,
            45.6771778
          ],
          [
            7.3234782,
            45.6771452
          ],
          [
            7.3234478,
            45.6771495
          ],
          [
            7.3233302,
            45.6772161
          ],
          [
            7.3232916,
            45.6772713
          ],
          [
            7.3230057,
            45.6774088
          ],
          [
            7.3229692,
            45.6774513
          ],
          [
            7.3228292,
            45.6774867
          ],
          [
            7.3227907,
            45.6775845
          ],
          [
            7.3224926,
            45.6778537
          ],
          [
            7.3224723,
            45.6778977
          ],
          [
            7.3224966,
            45.677926
          ],
          [
            7.3223831,
            45.6780734
          ],
          [
            7.322379,
            45.6781144
          ],
          [
            7.3222877,
            45.6781881
          ],
          [
            7.3222857,
            45.678225
          ],
          [
            7.3223141,
            45.6782675
          ],
          [
            7.3222411,
            45.6783794
          ],
          [
            7.3222147,
            45.6783893
          ],
          [
            7.3222898,
            45.6784276
          ],
          [
            7.3222979,
            45.6784984
          ],
          [
            7.3222269,
            45.6785891
          ],
          [
            7.3221012,
            45.6786841
          ],
          [
            7.3220971,
            45.6789037
          ],
          [
            7.3219886,
            45.6792649
          ],
          [
            7.3219826,
            45.6794247
          ],
          [
            7.3222213,
            45.6797466
          ],
          [
            7.3222275,
            45.6800322
          ],
          [
            7.3222939,
            45.6801569
          ],
          [
            7.3223333,
            45.6801888
          ],
          [
            7.3223624,
            45.6802773
          ],
          [
            7.3225014,
            45.6803831
          ],
          [
            7.3225201,
            45.6804368
          ],
          [
            7.3224745,
            45.6804788
          ],
          [
            7.3223375,
            45.6805339
          ],
          [
            7.3222648,
            45.6806035
          ],
          [
            7.3222545,
            45.6807065
          ],
          [
            7.3221652,
            45.6808544
          ],
          [
            7.3220386,
            45.6808616
          ],
          [
            7.3219328,
            45.6808573
          ],
          [
            7.3218103,
            45.6809385
          ],
          [
            7.3216837,
            45.6811299
          ],
          [
            7.3216796,
            45.6811966
          ],
          [
            7.3216401,
            45.6812314
          ],
          [
            7.3215841,
            45.6812256
          ],
          [
            7.3215613,
            45.6812647
          ],
          [
            7.3214803,
            45.6812995
          ],
          [
            7.3214866,
            45.6813329
          ],
          [
            7.3214181,
            45.681359
          ],
          [
            7.3213807,
            45.6814141
          ],
          [
            7.3214264,
            45.6814996
          ],
          [
            7.3214118,
            45.6815388
          ],
          [
            7.32136,
            45.6815533
          ],
          [
            7.321306,
            45.681504
          ],
          [
            7.3213122,
            45.6814735
          ],
          [
            7.3212603,
            45.6814532
          ],
          [
            7.3212479,
            45.6814097
          ],
          [
            7.3212209,
            45.6814184
          ],
          [
            7.3212043,
            45.6813749
          ],
          [
            7.3211296,
            45.6813648
          ],
          [
            7.3209096,
            45.6814532
          ],
          [
            7.3207539,
            45.6814039
          ],
          [
            7.3206273,
            45.681359
          ],
          [
            7.3204924,
            45.6813793
          ],
          [
            7.3202537,
            45.6814677
          ],
          [
            7.320123,
            45.6814982
          ],
          [
            7.3199881,
            45.6815344
          ],
          [
            7.3198636,
            45.6816577
          ],
          [
            7.3197764,
            45.681678
          ],
          [
            7.3197079,
            45.6816736
          ],
          [
            7.3196685,
            45.681707
          ],
          [
            7.3197245,
            45.6817853
          ],
          [
            7.319712,
            45.6818288
          ],
          [
            7.3195564,
            45.6819129
          ],
          [
            7.3195379,
            45.6820087
          ],
          [
            7.3195037,
            45.6820353
          ],
          [
            7.319383,
            45.6820519
          ],
          [
            7.3192982,
            45.6820575
          ],
          [
            7.3191972,
            45.6821421
          ],
          [
            7.3191104,
            45.6822959
          ],
          [
            7.31906,
            45.6824073
          ],
          [
            7.3190842,
            45.6827909
          ],
          [
            7.3191225,
            45.6828501
          ],
          [
            7.3190882,
            45.6829489
          ],
          [
            7.3189913,
            45.6829912
          ],
          [
            7.3189368,
            45.6831054
          ],
          [
            7.3187996,
            45.6830814
          ],
          [
            7.3185351,
            45.6832041
          ],
          [
            7.318416,
            45.6833282
          ],
          [
            7.3182343,
            45.6834326
          ],
          [
            7.3179557,
            45.6835228
          ],
          [
            7.3178286,
            45.683654
          ],
          [
            7.3176671,
            45.6837513
          ],
          [
            7.317659,
            45.6838472
          ],
          [
            7.3176247,
            45.6838867
          ],
          [
            7.3175601,
            45.6838966
          ],
          [
            7.317554,
            45.6839234
          ],
          [
            7.3175782,
            45.6839868
          ],
          [
            7.3174995,
            45.6840813
          ],
          [
            7.3173683,
            45.684142
          ],
          [
            7.3172351,
            45.684259
          ],
          [
            7.3171503,
            45.68429
          ]
        ]
      }
    },
    {
      "type": "Feature",
      "properties": {
        "type": "way",
        "id": 846919942,
        "tags": {
          "leisure": "pitch",
          "sport": "skateboard"
        },
        "nodes": [
          550350212,
          7902900252,
          7902900253,
          7902900254,
          550350212
        ]
      },
      "geometry": {
        "type": "Polygon",
        "coordinates": [
          [
            [
              7.0307033,
              45.7591344
            ],
            [
              7.0303228,
              45.7592459
            ],
            [
              7.0302406,
              45.7592029
            ],
            [
              7.0306176,
              45.7589302
            ],
            [
              7.0307033,
              45.7591344
            ]
          ]
        ]
      }
    },
    {
      "type": "Feature",
      "properties": {
        "type": "way",
        "id": 925911870,
        "tags": {
          "leisure": "pitch",
          "sport": "tennis"
        },
        "nodes": [
          4395891277,
          8592755131,
          8592755132,
          8592755133,
          4395891277
        ]
      },
      "geometry": {
        "type": "Polygon",
        "coordinates": [
          [
            [
              7.2618393,
              45.718498
            ],
            [
              7.261948,
              45.7186015
            ],
            [
              7.2622654,
              45.718439
            ],
            [
              7.2621567,
              45.7183355
            ],
            [
              7.2618393,
              45.718498
            ]
          ]
        ]
      }
    },
    {
      "type": "Feature",
      "properties": {
        "type": "way",
        "id": 925911871,
        "tags": {
          "leisure": "pitch",
          "sport": "tennis"
        },
        "nodes": [
          8592755134,
          8592755135,
          8592755136,
          8592755137,
          8592755134
        ]
      },
      "geometry": {
        "type": "Polygon",
        "coordinates": [
          [
            [
              7.2616698,
              45.7184158
            ],
            [
              7.2617766,
              45.7185103
            ],
            [
              7.2620991,
              45.7183327
            ],
            [
              7.2619922,
              45.7182381
            ],
            [
              7.2616698,
              45.7184158
            ]
          ]
        ]
      }
    },
    {
      "type": "Feature",
      "properties": {
        "type": "way",
        "id": 925911872,
        "tags": {
          "leisure": "pitch",
          "sport": "tennis"
        },
        "nodes": [
          8592755138,
          8592755139,
          8592755140,
          8592755141,
          8592755138
        ]
      },
      "geometry": {
        "type": "Polygon",
        "coordinates": [
          [
            [
              7.2616045,
              45.7184129
            ],
            [
              7.2617764,
              45.7183216
            ],
            [
              7.2615388,
              45.7181035
            ],
            [
              7.2613669,
              45.7181948
            ],
            [
              7.2616045,
              45.7184129
            ]
          ]
        ]
      }
    },
    {
      "type": "Feature",
      "properties": {
        "type": "way",
        "id": 958669924,
        "tags": {
          "access": "customers",
          "amenity": "bath",
          "bath:type": "cold_spring",
          "height": "0.5",
          "leisure": "swimming_pool",
          "length": "1.7",
          "location": "outdoor",
          "width": "0.5"
        },
        "nodes": [
          8870290122,
          8870290123,
          8870290124,
          8870290125,
          8870290122
        ]
      },
      "geometry": {
        "type": "Polygon",
        "coordinates": [
          [
            [
              6.9860939,
              45.7617117
            ],
            [
              6.9860864,
              45.7617251
            ],
            [
              6.9860919,
              45.7617266
            ],
            [
              6.9860994,
              45.7617132
            ],
            [
              6.9860939,
              45.7617117
            ]
          ]
        ]
      }
    },
    {
      "type": "Feature",
      "properties": {
        "type": "way",
        "id": 958669925,
        "tags": {
          "access": "customers",
          "bath:type": "thermal",
          "leisure": "swimming_pool",
          "location": "outdoor"
        },
        "nodes": [
          8870290133,
          8870290134,
          8870290135,
          8870290136,
          8870290128,
          8870290130,
          8870290131,
          8870290132,
          8870290129,
          8870290133
        ]
      },
      "geometry": {
        "type": "Polygon",
        "coordinates": [
          [
            [
              6.9862567,
              45.7621407
            ],
            [
              6.9862453,
              45.7621402
            ],
            [
              6.986236,
              45.7621449
            ],
            [
              6.986233,
              45.7621526
            ],
            [
              6.9862374,
              45.7621597
            ],
            [
              6.98625,
              45.7621632
            ],
            [
              6.9862618,
              45.7621603
            ],
            [
              6.9862668,
              45.7621537
            ],
            [
              6.9862651,
              45.7621461
            ],
            [
              6.9862567,
              45.7621407
            ]
          ]
        ]
      }
    },
    {
      "type": "Feature",
      "properties": {
        "type": "way",
        "id": 958669929,
        "tags": {
          "access": "customers",
          "bath:type": "thermal",
          "leisure": "swimming_pool",
          "location": "outdoor"
        },
        "nodes": [
          8870290148,
          8870290149,
          8870290150,
          8870290151,
          8870290148
        ]
      },
      "geometry": {
        "type": "Polygon",
        "coordinates": [
          [
            [
              6.9856955,
              45.7625517
            ],
            [
              6.9857283,
              45.7625617
            ],
            [
              6.9857391,
              45.7625445
            ],
            [
              6.9857062,
              45.7625344
            ],
            [
              6.9856955,
              45.7625517
            ]
          ]
        ]
      }
    },
    {
      "type": "Feature",
      "properties": {
        "type": "way",
        "id": 978732469,
        "tags": {
          "leisure": "swimming_pool"
        },
        "nodes": [
          9056100136,
          9056100135,
          9056100134,
          9056100133,
          9056100136
        ]
      },
      "geometry": {
        "type": "Polygon",
        "coordinates": [
          [
            [
              7.3298404,
              45.8246649
            ],
            [
              7.3300768,
              45.8246222
            ],
            [
              7.3300392,
              45.8245212
            ],
            [
              7.3298028,
              45.824564
            ],
            [
              7.3298404,
              45.8246649
            ]
          ]
        ]
      }
    },
    {
      "type": "Feature",
      "properties": {
        "type": "way",
        "id": 991519860,
        "tags": {
          "leisure": "pitch",
          "sport": "soccer"
        },
        "nodes": [
          9160890463,
          9160890464,
          9160890465,
          9160890466,
          9160890463
        ]
      },
      "geometry": {
        "type": "Polygon",
        "coordinates": [
          [
            [
              7.3182403,
              45.7387317
            ],
            [
              7.3187113,
              45.7388544
            ],
            [
              7.3188023,
              45.7386842
            ],
            [
              7.3183313,
              45.7385615
            ],
            [
              7.3182403,
              45.7387317
            ]
          ]
        ]
      }
    },
    {
      "type": "Feature",
      "properties": {
        "type": "way",
        "id": 1040332229,
        "tags": {
          "leisure": "sports_centre",
          "sport": "climbing"
        },
        "nodes": [
          9579037642,
          9579037643,
          9579037644,
          9579037645,
          9579037646,
          9579037647,
          9579037648,
          9579037649,
          9579037650,
          9579037651,
          9579037652,
          9579037653,
          9579037654,
          9579037655,
          9579037656,
          9579037657,
          9579037658,
          9579037659,
          9579037660,
          9579037661,
          9579037662,
          9579037663,
          9579037664,
          9579037665,
          9579037642
        ]
      },
      "geometry": {
        "type": "Polygon",
        "coordinates": [
          [
            [
              7.7474183,
              45.6194137
            ],
            [
              7.7478536,
              45.6191862
            ],
            [
              7.7482088,
              45.6193962
            ],
            [
              7.7488843,
              45.6194802
            ],
            [
              7.7492345,
              45.6196866
            ],
            [
              7.7495498,
              45.6198476
            ],
            [
              7.7501309,
              45.6197957
            ],
            [
              7.7505104,
              45.6197846
            ],
            [
              7.7508757,
              45.6198126
            ],
            [
              7.7509207,
              45.6200051
            ],
            [
              7.7508257,
              45.6201206
            ],
            [
              7.7508457,
              45.6202221
            ],
            [
              7.7508307,
              45.6203795
            ],
            [
              7.7503403,
              45.6202921
            ],
            [
              7.7498199,
              45.6202466
            ],
            [
              7.7495147,
              45.6202011
            ],
            [
              7.7493096,
              45.6201976
            ],
            [
              7.7490094,
              45.6202326
            ],
            [
              7.7487042,
              45.6202641
            ],
            [
              7.7488092,
              45.6200856
            ],
            [
              7.7489178,
              45.6199726
            ],
            [
              7.7483939,
              45.6198231
            ],
            [
              7.7480337,
              45.6197601
            ],
            [
              7.7473382,
              45.6195887
            ],
            [
              7.7474183,
              45.6194137
            ]
          ]
        ]
      }
    },
    {
      "type": "Feature",
      "properties": {
        "type": "way",
        "id": 1060589526,
        "tags": {
          "leisure": "swimming_pool",
          "operator": "Camping Tunnel International"
        },
        "nodes": [
          9744164459,
          9744164458,
          9744164457,
          9744164456,
          9744164455,
          9744164454,
          9744164453,
          9744164452,
          9744164451,
          9744164450,
          9744164449,
          9744164448,
          9744164447,
          9744164446,
          9744164445,
          9744164459
        ]
      },
      "geometry": {
        "type": "Polygon",
        "coordinates": [
          [
            [
              7.2292621,
              45.8184432
            ],
            [
              7.2292728,
              45.8184353
            ],
            [
              7.2292896,
              45.8184339
            ],
            [
              7.2292996,
              45.8184423
            ],
            [
              7.2292976,
              45.8184554
            ],
            [
              7.2292896,
              45.8184647
            ],
            [
              7.2292674,
              45.8184703
            ],
            [
              7.2292466,
              45.8184731
            ],
            [
              7.2292292,
              45.8184713
            ],
            [
              7.2292171,
              45.8184657
            ],
            [
              7.2292151,
              45.8184549
            ],
            [
              7.2292218,
              45.818446
            ],
            [
              7.2292299,
              45.8184414
            ],
            [
              7.2292413,
              45.8184414
            ],
            [
              7.2292507,
              45.8184437
            ],
            [
              7.2292621,
              45.8184432
            ]
          ]
        ]
      }
    },
    {
      "type": "Feature",
      "properties": {
        "type": "way",
        "id": 1063239216,
        "tags": {
          "access": "private",
          "leisure": "pitch",
          "lit": "yes",
          "surface": "grass"
        },
        "nodes": [
          9766915124,
          9766915125,
          9766915126,
          9766915127,
          9766915124
        ]
      },
      "geometry": {
        "type": "Polygon",
        "coordinates": [
          [
            [
              7.31544,
              45.8417325
            ],
            [
              7.3153024,
              45.8416128
            ],
            [
              7.3156706,
              45.8414075
            ],
            [
              7.3158082,
              45.8415273
            ],
            [
              7.31544,
              45.8417325
            ]
          ]
        ]
      }
    },
    {
      "type": "Feature",
      "properties": {
        "type": "way",
        "id": 1063239217,
        "tags": {
          "access": "private",
          "leisure": "pitch",
          "sport": "volleyball",
          "surface": "grass"
        },
        "nodes": [
          9766915127,
          9766915126,
          9766915128,
          9766915129,
          9766915127
        ]
      },
      "geometry": {
        "type": "Polygon",
        "coordinates": [
          [
            [
              7.3158082,
              45.8415273
            ],
            [
              7.3156706,
              45.8414075
            ],
            [
              7.3157881,
              45.8413396
            ],
            [
              7.31593,
              45.8414575
            ],
            [
              7.3158082,
              45.8415273
            ]
          ]
        ]
      }
    },
    {
      "type": "Feature",
      "properties": {
        "type": "way",
        "id": 1083503304,
        "tags": {
          "access": "private",
          "leisure": "pitch",
          "lit": "yes",
          "sport": "basketball",
          "surface": "paved"
        },
        "nodes": [
          9929448720,
          9929448721,
          9929448722,
          9929448723,
          9929448720
        ]
      },
      "geometry": {
        "type": "Polygon",
        "coordinates": [
          [
            [
              7.3146177,
              45.8428253
            ],
            [
              7.3146685,
              45.8426865
            ],
            [
              7.3147968,
              45.8427093
            ],
            [
              7.3147461,
              45.8428481
            ],
            [
              7.3146177,
              45.8428253
            ]
          ]
        ]
      }
    },
    {
      "type": "Feature",
      "properties": {
        "type": "way",
        "id": 1094465719,
        "tags": {
          "access": "yes",
          "leisure": "pitch",
          "sport": "volleyball;basketball",
          "surface": "artificial_turf"
        },
        "nodes": [
          10024115376,
          10024115377,
          10024115378,
          10024115379,
          10024115376
        ]
      },
      "geometry": {
        "type": "Polygon",
        "coordinates": [
          [
            [
              7.8247568,
              45.8295967
            ],
            [
              7.8248444,
              45.829503
            ],
            [
              7.8251011,
              45.8296195
            ],
            [
              7.8250135,
              45.8297133
            ],
            [
              7.8247568,
              45.8295967
            ]
          ]
        ]
      }
    },
    {
      "type": "Feature",
      "properties": {
        "type": "way",
        "id": 1094467495,
        "tags": {
          "access": "yes",
          "leisure": "pitch",
          "name": "Half pipe Gressoney-La-Trinité",
          "sport": "skateboard;roller_skating",
          "surface": "paved"
        },
        "nodes": [
          10024089800,
          10024089801,
          11163235974,
          10024089802,
          11163235975,
          10024089800
        ]
      },
      "geometry": {
        "type": "Polygon",
        "coordinates": [
          [
            [
              7.8250231,
              45.8295497
            ],
            [
              7.8251089,
              45.8295919
            ],
            [
              7.8252088,
              45.8294932
            ],
            [
              7.8251935,
              45.8294857
            ],
            [
              7.8251231,
              45.829451
            ],
            [
              7.8250231,
              45.8295497
            ]
          ]
        ]
      }
    },
    {
      "type": "Feature",
      "properties": {
        "type": "way",
        "id": 1124855158,
        "tags": {
          "leisure": "track",
          "lit": "no",
          "mtb:scale:imba": "1",
          "name": "Downhill bike park",
          "sport": "cycling"
        },
        "nodes": [
          5928452454,
          10286455621,
          10286455620,
          10286455619,
          10286455618,
          10286455617,
          10286455616,
          10286455615,
          10286455614,
          10286455613,
          10286455612,
          10286455611,
          10286455610,
          10286455609,
          10286387508,
          10286387507,
          10286387506,
          10286387505,
          10286387504,
          10286387503,
          10286387502,
          10286387501,
          10286387500,
          10286387499,
          10286387498,
          10286387497,
          10286387496,
          10286387495,
          10286387494,
          10286387493,
          10286387492,
          10286387491,
          10286387490,
          10286387489,
          10286387488,
          10286387487,
          10286387486,
          10286387485,
          10286387484,
          10286387483,
          10286387482,
          10286387481,
          10286387480,
          10286387479,
          10286387478,
          10286387477,
          10286387476,
          10286387475,
          10286387474,
          10286387473,
          10286387472,
          10286387471,
          10286387470,
          10286387469,
          10286387468,
          10286387467,
          10286387466,
          10286387465,
          10286387464,
          10286387463,
          10286387462,
          10286387461,
          10286387460,
          10286387459,
          10286387458,
          10286387457,
          10286387456,
          1291554229,
          10286387455,
          10286387454,
          10286387453,
          10286387452,
          10286387451,
          10286387450,
          10286387449,
          10286387448,
          10286387447,
          10286387446,
          10286387445,
          10286387444,
          10286387443,
          10286387442,
          10286387441,
          10286387440,
          10286387439,
          10286387438,
          10286387437,
          10286387436
        ]
      },
      "geometry": {
        "type": "LineString",
        "coordinates": [
          [
            7.7645949,
            45.7695282
          ],
          [
            7.7646567,
            45.7696577
          ],
          [
            7.7648664,
            45.7696886
          ],
          [
            7.7650598,
            45.7697048
          ],
          [
            7.7653161,
            45.7696853
          ],
          [
            7.7657192,
            45.7696772
          ],
          [
            7.7659639,
            45.7697341
          ],
          [
            7.7661596,
            45.7697097
          ],
          [
            7.766353,
            45.7695634
          ],
          [
            7.7665278,
            45.7693667
          ],
          [
            7.7667095,
            45.7691993
          ],
          [
            7.7668726,
            45.7690043
          ],
          [
            7.7671709,
            45.7688385
          ],
          [
            7.7674272,
            45.7687475
          ],
          [
            7.7677487,
            45.7687735
          ],
          [
            7.7680004,
            45.7687475
          ],
          [
            7.7682753,
            45.7686402
          ],
          [
            7.7685503,
            45.7685297
          ],
          [
            7.7687227,
            45.7684451
          ],
          [
            7.7688043,
            45.7684029
          ],
          [
            7.7688113,
            45.7683492
          ],
          [
            7.7687577,
            45.7682956
          ],
          [
            7.768732,
            45.7682322
          ],
          [
            7.768781,
            45.7681932
          ],
          [
            7.7689021,
            45.7681835
          ],
          [
            7.7690326,
            45.7681575
          ],
          [
            7.7691328,
            45.7680941
          ],
          [
            7.7691957,
            45.76799
          ],
          [
            7.7692307,
            45.7679299
          ],
          [
            7.7691957,
            45.7678876
          ],
          [
            7.7690769,
            45.7678535
          ],
          [
            7.7689627,
            45.7678519
          ],
          [
            7.7689254,
            45.7678112
          ],
          [
            7.768993,
            45.767769
          ],
          [
            7.7691095,
            45.767743
          ],
          [
            7.76924,
            45.767704
          ],
          [
            7.7693752,
            45.7676601
          ],
          [
            7.7694497,
            45.7675739
          ],
          [
            7.7694567,
            45.7674748
          ],
          [
            7.769466,
            45.7674179
          ],
          [
            7.7695266,
            45.767348
          ],
          [
            7.7696221,
            45.7672879
          ],
          [
            7.769727,
            45.7672033
          ],
          [
            7.7698738,
            45.7670847
          ],
          [
            7.7700183,
            45.7669823
          ],
          [
            7.7701115,
            45.7669563
          ],
          [
            7.7701534,
            45.7669238
          ],
          [
            7.7701208,
            45.7668896
          ],
          [
            7.7700183,
            45.7668864
          ],
          [
            7.76996,
            45.7668783
          ],
          [
            7.7699157,
            45.7668555
          ],
          [
            7.7699577,
            45.76681
          ],
          [
            7.7700346,
            45.7667807
          ],
          [
            7.7701301,
            45.7667027
          ],
          [
            7.7702792,
            45.7665142
          ],
          [
            7.7704004,
            45.7663646
          ],
          [
            7.7704284,
            45.7662703
          ],
          [
            7.7703911,
            45.7662021
          ],
          [
            7.7704284,
            45.7661208
          ],
          [
            7.7705588,
            45.7660525
          ],
          [
            7.7706893,
            45.7658965
          ],
          [
            7.770666,
            45.7657795
          ],
          [
            7.7707872,
            45.7656299
          ],
          [
            7.7709736,
            45.7655486
          ],
          [
            7.7710854,
            45.7654088
          ],
          [
            7.771202,
            45.7652853
          ],
          [
            7.7714163,
            45.7650903
          ],
          [
            7.7716087,
            45.7649776
          ],
          [
            7.7717472,
            45.7648724
          ],
          [
            7.7717053,
            45.7648042
          ],
          [
            7.7716008,
            45.7647597
          ],
          [
            7.7713464,
            45.7645896
          ],
          [
            7.770927,
            45.7643555
          ],
          [
            7.7706567,
            45.7640825
          ],
          [
            7.7705355,
            45.7637443
          ],
          [
            7.7707592,
            45.7635493
          ],
          [
            7.7711041,
            45.7634387
          ],
          [
            7.7714862,
            45.7633997
          ],
          [
            7.7716074,
            45.7632242
          ],
          [
            7.7713651,
            45.7630616
          ],
          [
            7.7708804,
            45.7628275
          ],
          [
            7.7704144,
            45.7626325
          ],
          [
            7.7701068,
            45.7624829
          ],
          [
            7.7696781,
            45.7623074
          ],
          [
            7.7693845,
            45.7619432
          ],
          [
            7.7692459,
            45.7617142
          ],
          [
            7.7691701,
            45.7615856
          ],
          [
            7.7689884,
            45.7611565
          ]
        ]
      }
    },
    {
      "type": "Feature",
      "properties": {
        "type": "way",
        "id": 1134067653,
        "tags": {
          "leisure": "pitch",
          "sport": "soccer",
          "surface": "grass"
        },
        "nodes": [
          10572951807,
          10572951804,
          10572951805,
          10572951806,
          10572951807
        ]
      },
      "geometry": {
        "type": "Polygon",
        "coordinates": [
          [
            [
              7.6133061,
              45.8643926
            ],
            [
              7.6140645,
              45.8650666
            ],
            [
              7.6145498,
              45.8648018
            ],
            [
              7.6137915,
              45.8641278
            ],
            [
              7.6133061,
              45.8643926
            ]
          ]
        ]
      }
    },
    {
      "type": "Feature",
      "properties": {
        "type": "way",
        "id": 1134067697,
        "tags": {
          "capacity": "2",
          "leisure": "pitch",
          "sport": "multi"
        },
        "nodes": [
          10572952439,
          10572952436,
          10572952437,
          10572952438,
          10572952439
        ]
      },
      "geometry": {
        "type": "Polygon",
        "coordinates": [
          [
            [
              7.6189764,
              45.8695027
            ],
            [
              7.6186243,
              45.8696627
            ],
            [
              7.6188543,
              45.8699081
            ],
            [
              7.6192065,
              45.8697481
            ],
            [
              7.6189764,
              45.8695027
            ]
          ]
        ]
      }
    },
    {
      "type": "Feature",
      "properties": {
        "type": "way",
        "id": 1154544922,
        "tags": {
          "leisure": "pitch",
          "lit": "yes",
          "name": "Campo da Tennis",
          "sport": "tennis",
          "surface": "tartan"
        },
        "nodes": [
          10737318257,
          10737318256,
          10737318255,
          10737318254,
          10737318257
        ]
      },
      "geometry": {
        "type": "Polygon",
        "coordinates": [
          [
            [
              7.5574243,
              45.7521035
            ],
            [
              7.5573572,
              45.7519426
            ],
            [
              7.55784,
              45.7518396
            ],
            [
              7.5579071,
              45.7519931
            ],
            [
              7.5574243,
              45.7521035
            ]
          ]
        ]
      }
    },
    {
      "type": "Feature",
      "properties": {
        "type": "way",
        "id": 1198590871,
        "tags": {
          "access": "private",
          "leisure": "pitch",
          "lit": "no",
          "sport": "soccer",
          "surface": "ground"
        },
        "nodes": [
          11118588140,
          11118588141,
          11118588142,
          11118588143,
          11118588140
        ]
      },
      "geometry": {
        "type": "Polygon",
        "coordinates": [
          [
            [
              7.614551,
              45.9110001
            ],
            [
              7.6149142,
              45.9110638
            ],
            [
              7.6147366,
              45.9115539
            ],
            [
              7.6143736,
              45.9114903
            ],
            [
              7.614551,
              45.9110001
            ]
          ]
        ]
      }
    },
    {
      "type": "Feature",
      "properties": {
        "type": "way",
        "id": 1201649485,
        "tags": {
          "leisure": "pitch",
          "sport": "padel",
          "surface": "acrylic"
        },
        "nodes": [
          11140839378,
          11140839377,
          1324866250,
          11140839376,
          11140839378
        ]
      },
      "geometry": {
        "type": "Polygon",
        "coordinates": [
          [
            [
              7.7273042,
              45.836107
            ],
            [
              7.7270615,
              45.8362299
            ],
            [
              7.7272008,
              45.8363633
            ],
            [
              7.7274434,
              45.8362404
            ],
            [
              7.7273042,
              45.836107
            ]
          ]
        ]
      }
    },
    {
      "type": "Feature",
      "properties": {
        "type": "way",
        "id": 1216941646,
        "tags": {
          "access": "yes",
          "leisure": "pitch",
          "lit": "yes",
          "sport": "volleyball;tennis;soccer;football",
          "surface": "grass"
        },
        "nodes": [
          11276110177,
          11276110178,
          11276110179,
          11276110180,
          11276110181,
          11276110182,
          11276110183,
          11276110184,
          11276110185,
          11276110186,
          11276110177
        ]
      },
      "geometry": {
        "type": "Polygon",
        "coordinates": [
          [
            [
              7.5422902,
              45.7817325
            ],
            [
              7.5422365,
              45.7818765
            ],
            [
              7.5421507,
              45.782114
            ],
            [
              7.5420971,
              45.7822899
            ],
            [
              7.5421024,
              45.7824863
            ],
            [
              7.5428186,
              45.7824732
            ],
            [
              7.5428186,
              45.7822543
            ],
            [
              7.5427193,
              45.782043
            ],
            [
              7.5426711,
              45.7819513
            ],
            [
              7.5427354,
              45.7817175
            ],
            [
              7.5422902,
              45.7817325
            ]
          ]
        ]
      }
    },
    {
      "type": "Feature",
      "properties": {
        "type": "way",
        "id": 1299385678,
        "tags": {
          "leisure": "swimming_pool"
        },
        "nodes": [
          12036739579,
          12036739580,
          12036739581,
          12036739582,
          12036739583,
          12036739584,
          12036739585,
          12036739586,
          12036739579
        ]
      },
      "geometry": {
        "type": "Polygon",
        "coordinates": [
          [
            [
              7.6293435,
              45.7516282
            ],
            [
              7.6293507,
              45.7516268
            ],
            [
              7.629357,
              45.7516243
            ],
            [
              7.6293673,
              45.7516246
            ],
            [
              7.6293746,
              45.7516292
            ],
            [
              7.629389,
              45.7516273
            ],
            [
              7.62937,
              45.7515453
            ],
            [
              7.6293252,
              45.7515508
            ],
            [
              7.6293435,
              45.7516282
            ]
          ]
        ]
      }
    },
    {
      "type": "Feature",
      "properties": {
        "type": "way",
        "id": 1299985339,
        "tags": {
          "access": "yes",
          "leisure": "pitch",
          "lit": "no",
          "sport": "soccer",
          "surface": "grass"
        },
        "nodes": [
          12041563146,
          12041563147,
          12041563148,
          12041563149,
          12041563146
        ]
      },
      "geometry": {
        "type": "Polygon",
        "coordinates": [
          [
            [
              6.9846245,
              45.7736887
            ],
            [
              6.984776,
              45.77378
            ],
            [
              6.9846135,
              45.7739112
            ],
            [
              6.984462,
              45.7738199
            ],
            [
              6.9846245,
              45.7736887
            ]
          ]
        ]
      }
    },
    {
      "type": "Feature",
      "properties": {
        "type": "way",
        "id": 1299985340,
        "tags": {
          "access": "yes",
          "leisure": "pitch",
          "lit": "no",
          "sport": "tennis",
          "surface": "artificial_turf"
        },
        "nodes": [
          12041563150,
          12041563151,
          12041563152,
          12041563153,
          12041563154,
          12041563150
        ]
      },
      "geometry": {
        "type": "Polygon",
        "coordinates": [
          [
            [
              6.9842012,
              45.7736014
            ],
            [
              6.9843845,
              45.7737078
            ],
            [
              6.984705,
              45.7734896
            ],
            [
              6.9845278,
              45.7733757
            ],
            [
              6.9843583,
              45.7735025
            ],
            [
              6.9842012,
              45.7736014
            ]
          ]
        ]
      }
    },
    {
      "type": "Feature",
      "properties": {
        "type": "way",
        "id": 1300234086,
        "tags": {
          "leisure": "swimming_pool"
        },
        "nodes": [
          12043494398,
          12043494399,
          12043494400,
          12043494401,
          12043494398
        ]
      },
      "geometry": {
        "type": "Polygon",
        "coordinates": [
          [
            [
              7.3280163,
              45.7059721
            ],
            [
              7.328018,
              45.7059528
            ],
            [
              7.3280475,
              45.7059564
            ],
            [
              7.3280423,
              45.7059781
            ],
            [
              7.3280163,
              45.7059721
            ]
          ]
        ]
      }
    },
    {
      "type": "Feature",
      "properties": {
        "type": "way",
        "id": 1300234087,
        "tags": {
          "leisure": "swimming_pool"
        },
        "nodes": [
          12043494402,
          12043494403,
          12043494404,
          12043494405,
          12043494402
        ]
      },
      "geometry": {
        "type": "Polygon",
        "coordinates": [
          [
            [
              7.328368,
              45.7059452
            ],
            [
              7.3283876,
              45.7059534
            ],
            [
              7.3284033,
              45.7059352
            ],
            [
              7.3283759,
              45.7059234
            ],
            [
              7.328368,
              45.7059452
            ]
          ]
        ]
      }
    },
    {
      "type": "Feature",
      "properties": {
        "type": "way",
        "id": 1307854208,
        "tags": {
          "leisure": "pitch",
          "sport": "boules"
        },
        "nodes": [
          12111506174,
          12111506175,
          12111506176,
          12111506177,
          12111506174
        ]
      },
      "geometry": {
        "type": "Polygon",
        "coordinates": [
          [
            [
              7.6462127,
              45.7524153
            ],
            [
              7.6462972,
              45.7525416
            ],
            [
              7.6466085,
              45.7524424
            ],
            [
              7.6465273,
              45.752315
            ],
            [
              7.6462127,
              45.7524153
            ]
          ]
        ]
      }
    },
    {
      "type": "Feature",
      "properties": {
        "type": "way",
        "id": 1308323793,
        "tags": {
          "leisure": "pitch",
          "name": "Campo di tsan di Eresaz",
          "sport": "tsan"
        },
        "nodes": [
          12115615236,
          3462894519,
          3462894503,
          12115615237,
          12115615248,
          3462894454,
          12115615238,
          12115615239,
          3462894393,
          12115615240,
          12115615241,
          12115615242,
          12115615243,
          12115615244,
          12115615245,
          12115615236
        ]
      },
      "geometry": {
        "type": "Polygon",
        "coordinates": [
          [
            [
              7.7010428,
              45.7218041
            ],
            [
              7.7009226,
              45.7216877
            ],
            [
              7.70088,
              45.7214715
            ],
            [
              7.7009061,
              45.7211806
            ],
            [
              7.7011002,
              45.7208859
            ],
            [
              7.7011467,
              45.7208152
            ],
            [
              7.7014186,
              45.7207006
            ],
            [
              7.701829,
              45.7207407
            ],
            [
              7.7020519,
              45.7208119
            ],
            [
              7.7026337,
              45.7210441
            ],
            [
              7.7027758,
              45.7212399
            ],
            [
              7.7030726,
              45.7213695
            ],
            [
              7.7027836,
              45.721615
            ],
            [
              7.7021567,
              45.7215838
            ],
            [
              7.7015824,
              45.7217738
            ],
            [
              7.7010428,
              45.7218041
            ]
          ]
        ]
      }
    },
    {
      "type": "Feature",
      "properties": {
        "type": "way",
        "id": 1308324488,
        "tags": {
          "leisure": "pitch",
          "sport": "boules"
        },
        "nodes": [
          12115669131,
          12115669132,
          12115669133,
          12115669134,
          12115669131
        ]
      },
      "geometry": {
        "type": "Polygon",
        "coordinates": [
          [
            [
              7.702756,
              45.7240209
            ],
            [
              7.7030531,
              45.7238941
            ],
            [
              7.7030067,
              45.7238412
            ],
            [
              7.7027097,
              45.723968
            ],
            [
              7.702756,
              45.7240209
            ]
          ]
        ]
      }
    },
    {
      "type": "Feature",
      "properties": {
        "type": "way",
        "id": 1308324489,
        "tags": {
          "leisure": "pitch",
          "sport": "boules"
        },
        "nodes": [
          12115669135,
          12115669136,
          12115669137,
          12115669138,
          12115669135
        ]
      },
      "geometry": {
        "type": "Polygon",
        "coordinates": [
          [
            [
              7.7027006,
              45.7239302
            ],
            [
              7.7029212,
              45.7238421
            ],
            [
              7.7028824,
              45.7237948
            ],
            [
              7.7026618,
              45.7238829
            ],
            [
              7.7027006,
              45.7239302
            ]
          ]
        ]
      }
    },
    {
      "type": "Feature",
      "properties": {
        "type": "way",
        "id": 1308324490,
        "tags": {
          "leisure": "pitch",
          "name": "Campo sportivo"
        },
        "nodes": [
          12115669139,
          12115669140,
          12115669141,
          12115669142,
          3860951875,
          12115669143,
          12115669144,
          12115669145,
          12115669139
        ]
      },
      "geometry": {
        "type": "Polygon",
        "coordinates": [
          [
            [
              7.7027811,
              45.7237147
            ],
            [
              7.702765,
              45.7236323
            ],
            [
              7.703001,
              45.7235199
            ],
            [
              7.7033359,
              45.7237085
            ],
            [
              7.7031945,
              45.7237836
            ],
            [
              7.7030627,
              45.7238139
            ],
            [
              7.702816,
              45.7237671
            ],
            [
              7.7027934,
              45.7237331
            ],
            [
              7.7027811,
              45.7237147
            ]
          ]
        ]
      }
    },
    {
      "type": "Feature",
      "properties": {
        "type": "way",
        "id": 1313153260,
        "tags": {
          "leisure": "pitch",
          "sport": "basketball"
        },
        "nodes": [
          12154729859,
          12154729857,
          12154729858,
          12154729860,
          12154729859
        ]
      },
      "geometry": {
        "type": "Polygon",
        "coordinates": [
          [
            [
              7.3589262,
              45.7538351
            ],
            [
              7.359284,
              45.7538081
            ],
            [
              7.3592632,
              45.7536739
            ],
            [
              7.3589054,
              45.7537009
            ],
            [
              7.3589262,
              45.7538351
            ]
          ]
        ]
      }
    },
    {
      "type": "Feature",
      "properties": {
        "type": "way",
        "id": 1315348538,
        "tags": {
          "access": "yes",
          "fee": "no",
          "leisure": "pitch",
          "lit": "no",
          "sport": "soccer;handball",
          "surface": "sand"
        },
        "nodes": [
          12175048094,
          12175048095,
          12176463010,
          12175048097,
          12175048094
        ]
      },
      "geometry": {
        "type": "Polygon",
        "coordinates": [
          [
            [
              7.3236084,
              45.7458708
            ],
            [
              7.3237773,
              45.7459009
            ],
            [
              7.3238575,
              45.7456818
            ],
            [
              7.3236886,
              45.7456517
            ],
            [
              7.3236084,
              45.7458708
            ]
          ]
        ]
      }
    },
    {
      "type": "Feature",
      "properties": {
        "type": "way",
        "id": 1315350911,
        "tags": {
          "access": "yes",
          "leisure": "pitch",
          "lit": "no",
          "sport": "volleyball",
          "surface": "grass"
        },
        "nodes": [
          12175088480,
          12175088481,
          12175088482,
          12175088483,
          12175088480
        ]
      },
      "geometry": {
        "type": "Polygon",
        "coordinates": [
          [
            [
              7.323842,
              45.7453405
            ],
            [
              7.3239132,
              45.7452587
            ],
            [
              7.3238601,
              45.7452336
            ],
            [
              7.3237759,
              45.7453158
            ],
            [
              7.323842,
              45.7453405
            ]
          ]
        ]
      }
    },
    {
      "type": "Feature",
      "properties": {
        "type": "way",
        "id": 1317457820,
        "tags": {
          "leisure": "sports_centre",
          "name": "Rebel Park",
          "sport": "climbing_adventure",
          "website": "https://www.rebelpark.it"
        },
        "nodes": [
          12193376377,
          12193376376,
          12193376375,
          12193376374,
          12193376373,
          12193376372,
          12193376371,
          12193376370,
          12193376369,
          12193376368,
          12193376377
        ]
      },
      "geometry": {
        "type": "Polygon",
        "coordinates": [
          [
            [
              7.4303627,
              45.8769923
            ],
            [
              7.4303815,
              45.8771119
            ],
            [
              7.430352,
              45.8772482
            ],
            [
              7.4304298,
              45.8772949
            ],
            [
              7.4306121,
              45.8772575
            ],
            [
              7.4307623,
              45.877166
            ],
            [
              7.4308053,
              45.877039
            ],
            [
              7.4306792,
              45.8768878
            ],
            [
              7.4304673,
              45.8767925
            ],
            [
              7.4303868,
              45.8768149
            ],
            [
              7.4303627,
              45.8769923
            ]
          ]
        ]
      }
    },
    {
      "type": "Feature",
      "properties": {
        "type": "way",
        "id": 1317667369,
        "tags": {
          "athletics": "pole_vault",
          "leisure": "track",
          "sport": "athletics"
        },
        "nodes": [
          12195253126,
          12195253127
        ]
      },
      "geometry": {
        "type": "LineString",
        "coordinates": [
          [
            7.7820145,
            45.5993675
          ],
          [
            7.781512,
            45.5995431
          ]
        ]
      }
    },
    {
      "type": "Feature",
      "properties": {
        "type": "way",
        "id": 1317667370,
        "tags": {
          "athletics": "long_jump;triple_jump",
          "leisure": "pitch",
          "sport": "athletics"
        },
        "nodes": [
          12195253128,
          12195253126,
          12195253129,
          12195253130,
          12195253132,
          12195253131,
          12195253128
        ]
      },
      "geometry": {
        "type": "Polygon",
        "coordinates": [
          [
            [
              7.7820239,
              45.59938
            ],
            [
              7.7820145,
              45.5993675
            ],
            [
              7.7820071,
              45.5993576
            ],
            [
              7.7821073,
              45.5993209
            ],
            [
              7.7821183,
              45.5993357
            ],
            [
              7.7821241,
              45.5993434
            ],
            [
              7.7820239,
              45.59938
            ]
          ]
        ]
      }
    },
    {
      "type": "Feature",
      "properties": {
        "type": "way",
        "id": 1317667371,
        "tags": {
          "athletics": "long_jump",
          "leisure": "track",
          "sport": "athletics"
        },
        "nodes": [
          12195253133,
          12195253132
        ]
      },
      "geometry": {
        "type": "LineString",
        "coordinates": [
          [
            7.7827922,
            45.5990982
          ],
          [
            7.7821183,
            45.5993357
          ]
        ]
      }
    },
    {
      "type": "Feature",
      "properties": {
        "type": "way",
        "id": 1317667372,
        "tags": {
          "athletics": "pole_vault",
          "leisure": "pitch",
          "sport": "athletics"
        },
        "nodes": [
          12195253134,
          12195253135,
          12195253127,
          12195253136,
          12195253137,
          12195253134
        ]
      },
      "geometry": {
        "type": "Polygon",
        "coordinates": [
          [
            [
              7.7814429,
              45.5995988
            ],
            [
              7.7815301,
              45.5995694
            ],
            [
              7.781512,
              45.5995431
            ],
            [
              7.7814954,
              45.599519
            ],
            [
              7.7814078,
              45.5995487
            ],
            [
              7.7814429,
              45.5995988
            ]
          ]
        ]
      }
    },
    {
      "type": "Feature",
      "properties": {
        "type": "way",
        "id": 1317667373,
        "tags": {
          "athletics": "shot_put",
          "leisure": "pitch",
          "sport": "athletics"
        },
        "nodes": [
          12195253150,
          12195253151,
          12195253152,
          12195253153,
          12195253154,
          12195253155,
          12195253156,
          12195253138,
          12195253139,
          12195253142,
          12195253143,
          12195253144,
          12195253145,
          12195253146,
          12195253147,
          12195253148,
          12195253149,
          12195253140,
          12195253141,
          12195253150
        ]
      },
      "geometry": {
        "type": "Polygon",
        "coordinates": [
          [
            [
              7.7811687,
              45.5993106
            ],
            [
              7.7811725,
              45.5993117
            ],
            [
              7.7811754,
              45.5993137
            ],
            [
              7.7811772,
              45.5993162
            ],
            [
              7.7811777,
              45.5993191
            ],
            [
              7.7811768,
              45.5993219
            ],
            [
              7.7811747,
              45.5993243
            ],
            [
              7.7811715,
              45.599326
            ],
            [
              7.7811679,
              45.5993269
            ],
            [
              7.781164,
              45.599327
            ],
            [
              7.7811604,
              45.5993262
            ],
            [
              7.7811573,
              45.5993246
            ],
            [
              7.7811551,
              45.5993224
            ],
            [
              7.7811539,
              45.5993199
            ],
            [
              7.781154,
              45.5993172
            ],
            [
              7.7811552,
              45.5993147
            ],
            [
              7.7811576,
              45.5993126
            ],
            [
              7.7811607,
              45.5993111
            ],
            [
              7.7811647,
              45.5993103
            ],
            [
              7.7811687,
              45.5993106
            ]
          ]
        ]
      }
    },
    {
      "type": "Feature",
      "properties": {
        "type": "way",
        "id": 1317667376,
        "tags": {
          "athletics": "javelin_throw",
          "leisure": "pitch",
          "sport": "athletics"
        },
        "nodes": [
          12195281364,
          12195281365,
          12195281366,
          12195281367,
          12195281368,
          12195281369,
          12195281370,
          12195281364
        ]
      },
      "geometry": {
        "type": "Polygon",
        "coordinates": [
          [
            [
              7.7808496,
              45.5994105
            ],
            [
              7.7812426,
              45.599271
            ],
            [
              7.7812434,
              45.5992618
            ],
            [
              7.7812403,
              45.5992539
            ],
            [
              7.7812321,
              45.5992444
            ],
            [
              7.7812232,
              45.5992376
            ],
            [
              7.7808196,
              45.5993787
            ],
            [
              7.7808496,
              45.5994105
            ]
          ]
        ]
      }
    },
    {
      "type": "Feature",
      "properties": {
        "type": "way",
        "id": 1317667378,
        "tags": {
          "athletics": "javelin_throw",
          "leisure": "pitch",
          "sport": "athletics"
        },
        "nodes": [
          12195253174,
          12195281373,
          12195281374,
          12195281375,
          12195281376,
          12195281378,
          12195281377,
          12195253174
        ]
      },
      "geometry": {
        "type": "Polygon",
        "coordinates": [
          [
            [
              7.7828157,
              45.5990559
            ],
            [
              7.782711,
              45.599065
            ],
            [
              7.7827037,
              45.5990492
            ],
            [
              7.7827012,
              45.5990405
            ],
            [
              7.7827032,
              45.5990275
            ],
            [
              7.7828197,
              45.599016
            ],
            [
              7.7828207,
              45.5990272
            ],
            [
              7.7828157,
              45.5990559
            ]
          ]
        ]
      }
    },
    {
      "type": "Feature",
      "properties": {
        "type": "way",
        "id": 1317667379,
        "tags": {
          "area": "yes",
          "leisure": "track",
          "sport": "running",
          "surface": "tartan"
        },
        "nodes": [
          12195253174,
          12195281377,
          12195281378,
          12195281379,
          12195281380,
          12195281381,
          12195253176,
          12195253175,
          12195253174
        ]
      },
      "geometry": {
        "type": "Polygon",
        "coordinates": [
          [
            [
              7.7828157,
              45.5990559
            ],
            [
              7.7828207,
              45.5990272
            ],
            [
              7.7828197,
              45.599016
            ],
            [
              7.7828161,
              45.5989861
            ],
            [
              7.7827313,
              45.5988588
            ],
            [
              7.782774,
              45.5988441
            ],
            [
              7.7828417,
              45.5989426
            ],
            [
              7.7828307,
              45.5990132
            ],
            [
              7.7828157,
              45.5990559
            ]
          ]
        ]
      }
    },
    {
      "type": "Feature",
      "properties": {
        "type": "way",
        "id": 1317667380,
        "tags": {
          "athletics": "steeplechase",
          "leisure": "pitch",
          "sport": "athletics"
        },
        "nodes": [
          12195281380,
          12195281382,
          12195281383,
          12195281381,
          12195281380
        ]
      },
      "geometry": {
        "type": "Polygon",
        "coordinates": [
          [
            [
              7.7827313,
              45.5988588
            ],
            [
              7.7827075,
              45.5988216
            ],
            [
              7.7827479,
              45.5988072
            ],
            [
              7.782774,
              45.5988441
            ],
            [
              7.7827313,
              45.5988588
            ]
          ]
        ]
      }
    },
    {
      "type": "Feature",
      "properties": {
        "type": "way",
        "id": 1317667381,
        "tags": {
          "area": "yes",
          "leisure": "track",
          "sport": "running",
          "surface": "tartan"
        },
        "nodes": [
          12195281383,
          12195281384,
          12195253186,
          12195281353,
          12195253187,
          12195281354,
          12195281385,
          12195281386,
          12195281387,
          12195281382,
          12195281383
        ]
      },
      "geometry": {
        "type": "Polygon",
        "coordinates": [
          [
            [
              7.7827479,
              45.5988072
            ],
            [
              7.782644,
              45.5986678
            ],
            [
              7.7826228,
              45.5986574
            ],
            [
              7.7825834,
              45.5986404
            ],
            [
              7.7825385,
              45.5986232
            ],
            [
              7.7824959,
              45.5986125
            ],
            [
              7.7825427,
              45.5986345
            ],
            [
              7.7825782,
              45.5986536
            ],
            [
              7.7826065,
              45.5986823
            ],
            [
              7.7827075,
              45.5988216
            ],
            [
              7.7827479,
              45.5988072
            ]
          ]
        ]
      }
    },
    {
      "type": "Feature",
      "properties": {
        "type": "way",
        "id": 1317667382,
        "tags": {
          "athletics": "discus_throw",
          "leisure": "pitch",
          "sport": "athletics",
          "surface": "concrete"
        },
        "nodes": [
          12195281389,
          12195281390,
          12195281391,
          12195281392,
          12195281393,
          12195281394,
          12195281395,
          12195281396,
          12195281397,
          12195281398,
          12195281399,
          12195281389
        ]
      },
      "geometry": {
        "type": "Polygon",
        "coordinates": [
          [
            [
              7.7811233,
              45.5992194
            ],
            [
              7.7811108,
              45.5991429
            ],
            [
              7.7810449,
              45.5991481
            ],
            [
              7.7810281,
              45.5991533
            ],
            [
              7.7810139,
              45.5991625
            ],
            [
              7.7810057,
              45.5991754
            ],
            [
              7.7810051,
              45.5991898
            ],
            [
              7.781009,
              45.5992033
            ],
            [
              7.7810203,
              45.5992143
            ],
            [
              7.7810376,
              45.5992219
            ],
            [
              7.7810573,
              45.5992247
            ],
            [
              7.7811233,
              45.5992194
            ]
          ]
        ]
      }
    },
    {
      "type": "Feature",
      "properties": {
        "type": "way",
        "id": 1317667383,
        "tags": {
          "leisure": "pitch",
          "sport": "athletics",
          "surface": "tartan"
        },
        "nodes": [
          12195281400,
          12195281401,
          12195253173,
          12195253174,
          12195281373,
          12195281374,
          12195281375,
          12195281376,
          12195281378,
          12195281379,
          12195281380,
          12195281382,
          12195281387,
          12195281386,
          12195281385,
          12195281354,
          12195253188,
          12195281402,
          12195281403,
          12195281411,
          12195281410,
          12195281409,
          12195281408,
          12195281400
        ]
      },
      "geometry": {
        "type": "Polygon",
        "coordinates": [
          [
            [
              7.7827222,
              45.599095
            ],
            [
              7.7827988,
              45.5990885
            ],
            [
              7.7828036,
              45.5990812
            ],
            [
              7.7828157,
              45.5990559
            ],
            [
              7.782711,
              45.599065
            ],
            [
              7.7827037,
              45.5990492
            ],
            [
              7.7827012,
              45.5990405
            ],
            [
              7.7827032,
              45.5990275
            ],
            [
              7.7828197,
              45.599016
            ],
            [
              7.7828161,
              45.5989861
            ],
            [
              7.7827313,
              45.5988588
            ],
            [
              7.7827075,
              45.5988216
            ],
            [
              7.7826065,
              45.5986823
            ],
            [
              7.7825782,
              45.5986536
            ],
            [
              7.7825427,
              45.5986345
            ],
            [
              7.7824959,
              45.5986125
            ],
            [
              7.7824322,
              45.5986019
            ],
            [
              7.7825495,
              45.5986733
            ],
            [
              7.782451,
              45.5987034
            ],
            [
              7.7825457,
              45.5988394
            ],
            [
              7.7825171,
              45.5988474
            ],
            [
              7.7825615,
              45.5989082
            ],
            [
              7.7825866,
              45.5988992
            ],
            [
              7.7827222,
              45.599095
            ]
          ]
        ]
      }
    },
    {
      "type": "Feature",
      "properties": {
        "type": "way",
        "id": 1317667384,
        "tags": {
          "athletics": "high_jump",
          "leisure": "pitch",
          "sport": "athletics"
        },
        "nodes": [
          12195281404,
          12195281405,
          12195281406,
          12195281407,
          12195281404
        ]
      },
      "geometry": {
        "type": "Polygon",
        "coordinates": [
          [
            [
              7.7826508,
              45.5989843
            ],
            [
              7.78267,
              45.599011
            ],
            [
              7.7827417,
              45.5989858
            ],
            [
              7.7827225,
              45.5989591
            ],
            [
              7.7826508,
              45.5989843
            ]
          ]
        ]
      }
    },
    {
      "type": "Feature",
      "properties": {
        "type": "way",
        "id": 1317667385,
        "tags": {
          "leisure": "pitch",
          "sport": "athletics",
          "surface": "tartan"
        },
        "nodes": [
          12195253176,
          12195253177,
          12195253178,
          12195253179,
          12195253180,
          12195253181,
          12195253182,
          12195253183,
          12195253184,
          12195253185,
          12195281384,
          12195281383,
          12195281381,
          12195253176
        ]
      },
      "geometry": {
        "type": "Polygon",
        "coordinates": [
          [
            [
              7.7828417,
              45.5989426
            ],
            [
              7.7828366,
              45.5989078
            ],
            [
              7.7828285,
              45.5988794
            ],
            [
              7.7828188,
              45.5988479
            ],
            [
              7.7828045,
              45.5988226
            ],
            [
              7.7827804,
              45.5987808
            ],
            [
              7.7827561,
              45.5987532
            ],
            [
              7.7827282,
              45.5987249
            ],
            [
              7.7826972,
              45.5987005
            ],
            [
              7.7826568,
              45.5986742
            ],
            [
              7.782644,
              45.5986678
            ],
            [
              7.7827479,
              45.5988072
            ],
            [
              7.782774,
              45.5988441
            ],
            [
              7.7828417,
              45.5989426
            ]
          ]
        ]
      }
    },
    {
      "type": "Feature",
      "properties": {
        "type": "way",
        "id": 1320691912,
        "tags": {
          "leisure": "sports_centre"
        },
        "nodes": [
          12221999224,
          12221999225,
          12221999226,
          12221999227,
          12221999228,
          12221999229,
          12221999230,
          12221999231,
          12221999232,
          12221999233,
          12221999234,
          12221999235,
          12221999236,
          12221999224
        ]
      },
      "geometry": {
        "type": "Polygon",
        "coordinates": [
          [
            [
              7.2924722,
              45.7302843
            ],
            [
              7.2925342,
              45.7303523
            ],
            [
              7.2935765,
              45.7306252
            ],
            [
              7.293672,
              45.7305017
            ],
            [
              7.2946046,
              45.7307154
            ],
            [
              7.2950541,
              45.729763
            ],
            [
              7.2950665,
              45.7296963
            ],
            [
              7.2956611,
              45.7284574
            ],
            [
              7.2953001,
              45.728366
            ],
            [
              7.2957407,
              45.7275964
            ],
            [
              7.2943339,
              45.7276791
            ],
            [
              7.2937459,
              45.727918
            ],
            [
              7.2935857,
              45.7284341
            ],
            [
              7.2924722,
              45.7302843
            ]
          ]
        ]
      }
    },
    {
      "type": "Feature",
      "properties": {
        "type": "way",
        "id": 1352519777,
        "tags": {
          "access": "customers",
          "leisure": "swimming_pool",
          "lit": "yes",
          "location": "outdoor",
          "swimming_pool": "spa"
        },
        "nodes": [
          12514164957,
          12514164958,
          12514164959,
          12514164960,
          12514164957
        ]
      },
      "geometry": {
        "type": "Polygon",
        "coordinates": [
          [
            [
              6.9684388,
              45.7985627
            ],
            [
              6.9684758,
              45.7985102
            ],
            [
              6.9683587,
              45.7984701
            ],
            [
              6.9683217,
              45.7985225
            ],
            [
              6.9684388,
              45.7985627
            ]
          ]
        ]
      }
    },
    {
      "type": "Feature",
      "properties": {
        "type": "way",
        "id": 1352995445,
        "tags": {
          "leisure": "pitch",
          "sport": "soccer"
        },
        "nodes": [
          12518950456,
          12518950457,
          12518950458,
          12518950459,
          12518950456
        ]
      },
      "geometry": {
        "type": "Polygon",
        "coordinates": [
          [
            [
              7.3854312,
              45.5961102
            ],
            [
              7.3850355,
              45.5959119
            ],
            [
              7.3854027,
              45.5955704
            ],
            [
              7.3857817,
              45.5957652
            ],
            [
              7.3854312,
              45.5961102
            ]
          ]
        ]
      }
    },
    {
      "type": "Feature",
      "properties": {
        "type": "way",
        "id": 1352995447,
        "tags": {
          "leisure": "track",
          "length": "800",
          "name": "GranParadisoBike Garden",
          "sport": "cycling"
        },
        "nodes": [
          12518950476,
          12518950477,
          12518950478,
          12518950479,
          12518950480,
          12518950481,
          12518950482,
          12518950483,
          12518950484,
          12518950485,
          12518950486,
          12518950487,
          12518950488,
          12518950489,
          12518950490,
          12518950491,
          12518950492,
          12518950493,
          12518950494,
          12518950495,
          12518950496,
          12518950497,
          12518950498,
          12518950499,
          12518950500,
          12518976101,
          12518976102,
          12518976103,
          12518976104,
          12518976105,
          12518976106,
          12518976107,
          12518976108,
          12518976109,
          12518976110,
          12518976111,
          12518976112,
          12518976113,
          12518976114,
          12518976115,
          12518976116,
          12518976117,
          12518976118,
          12518976119,
          12518976120,
          12518976121,
          12518976122,
          12518976123,
          12518976124,
          12518976125,
          12518976126,
          12518976127,
          12518976128,
          12518976129,
          12518976130,
          12518976131,
          12518976132,
          12518976133,
          12518976134,
          12518976135,
          12518976136,
          12518976137,
          12518976138,
          12518976139,
          12518976140,
          12518976141,
          12518976142,
          12518976143,
          12518976144,
          12518976145,
          12518976146,
          12518976147,
          12518976148,
          12518976149,
          12518976150,
          12518976151,
          12518976152,
          12518976153,
          12518976154,
          12518976155,
          12518976156,
          12518976157,
          12518976158,
          12518976159,
          12518976160,
          12518976161,
          12518976162,
          12518976163,
          12518976164,
          12518976165,
          12518976166,
          12518976167,
          12518976168,
          12518976169,
          12518976170,
          12518976171,
          12518976172,
          12518976173,
          12518976174,
          12518976175,
          12518976176,
          12518976177,
          12518976178,
          12518976179,
          12518976180,
          12518976181,
          12518950476
        ]
      },
      "geometry": {
        "type": "LineString",
        "coordinates": [
          [
            7.3845724,
            45.5961404
          ],
          [
            7.3845184,
            45.5961445
          ],
          [
            7.3844833,
            45.5961721
          ],
          [
            7.3844863,
            45.5961996
          ],
          [
            7.3845242,
            45.5962395
          ],
          [
            7.3845242,
            45.5962722
          ],
          [
            7.3844936,
            45.5963018
          ],
          [
            7.3844425,
            45.596312
          ],
          [
            7.3843972,
            45.5962967
          ],
          [
            7.3843417,
            45.5962763
          ],
          [
            7.3842775,
            45.596266
          ],
          [
            7.3842308,
            45.5962752
          ],
          [
            7.384184,
            45.5962895
          ],
          [
            7.3841651,
            45.5963141
          ],
          [
            7.3841826,
            45.5963406
          ],
          [
            7.3842118,
            45.5963662
          ],
          [
            7.3842366,
            45.5963764
          ],
          [
            7.384276,
            45.5963764
          ],
          [
            7.3843169,
            45.596359
          ],
          [
            7.3843505,
            45.5963468
          ],
          [
            7.3843826,
            45.5963488
          ],
          [
            7.3844074,
            45.5963519
          ],
          [
            7.3844264,
            45.5963682
          ],
          [
            7.3844366,
            45.5963948
          ],
          [
            7.3844162,
            45.5964254
          ],
          [
            7.3843957,
            45.5964673
          ],
          [
            7.384387,
            45.5964959
          ],
          [
            7.3843841,
            45.5965255
          ],
          [
            7.3844103,
            45.5965449
          ],
          [
            7.3844454,
            45.5965511
          ],
          [
            7.3844877,
            45.5965439
          ],
          [
            7.3845184,
            45.5965214
          ],
          [
            7.3845432,
            45.5964877
          ],
          [
            7.3845739,
            45.5964387
          ],
          [
            7.3845885,
            45.5964121
          ],
          [
            7.3846206,
            45.5964009
          ],
          [
            7.38466,
            45.596404
          ],
          [
            7.3846892,
            45.5964285
          ],
          [
            7.3846994,
            45.5964622
          ],
          [
            7.3846833,
            45.5964867
          ],
          [
            7.3846337,
            45.5965225
          ],
          [
            7.3846089,
            45.5965603
          ],
          [
            7.3846089,
            45.5966328
          ],
          [
            7.3846264,
            45.5966879
          ],
          [
            7.3846133,
            45.5967268
          ],
          [
            7.3845885,
            45.5967523
          ],
          [
            7.3845505,
            45.5967778
          ],
          [
            7.3845169,
            45.596786
          ],
          [
            7.3844717,
            45.5967901
          ],
          [
            7.3844235,
            45.5968095
          ],
          [
            7.3844118,
            45.5968391
          ],
          [
            7.3844235,
            45.5968677
          ],
          [
            7.3844483,
            45.5968892
          ],
          [
            7.3844965,
            45.5968963
          ],
          [
            7.3845622,
            45.5968892
          ],
          [
            7.3846658,
            45.5968759
          ],
          [
            7.384733,
            45.5968657
          ],
          [
            7.3847826,
            45.5968453
          ],
          [
            7.3848235,
            45.5967993
          ],
          [
            7.3848717,
            45.5967758
          ],
          [
            7.384968,
            45.5967717
          ],
          [
            7.3850717,
            45.5967513
          ],
          [
            7.3851476,
            45.5967247
          ],
          [
            7.3852235,
            45.5966461
          ],
          [
            7.3852746,
            45.5965889
          ],
          [
            7.385314,
            45.5965306
          ],
          [
            7.3853272,
            45.5964806
          ],
          [
            7.3853491,
            45.5964295
          ],
          [
            7.3853973,
            45.5963774
          ],
          [
            7.3854323,
            45.5963416
          ],
          [
            7.3854367,
            45.5963181
          ],
          [
            7.3854162,
            45.596311
          ],
          [
            7.3853812,
            45.5963141
          ],
          [
            7.3853184,
            45.5963437
          ],
          [
            7.3852586,
            45.5963641
          ],
          [
            7.3852352,
            45.5963723
          ],
          [
            7.3852148,
            45.5963876
          ],
          [
            7.3852002,
            45.5964203
          ],
          [
            7.3851739,
            45.596501
          ],
          [
            7.3851432,
            45.5965327
          ],
          [
            7.3851242,
            45.5965551
          ],
          [
            7.3850965,
            45.5965735
          ],
          [
            7.3850673,
            45.5965848
          ],
          [
            7.3850235,
            45.5965919
          ],
          [
            7.3849987,
            45.596597
          ],
          [
            7.3849724,
            45.5966175
          ],
          [
            7.3849272,
            45.5966389
          ],
          [
            7.3848848,
            45.5966471
          ],
          [
            7.3848498,
            45.5966369
          ],
          [
            7.3848366,
            45.5966113
          ],
          [
            7.3848498,
            45.5965837
          ],
          [
            7.3848877,
            45.5965511
          ],
          [
            7.3849491,
            45.5965143
          ],
          [
            7.3850133,
            45.5964795
          ],
          [
            7.3850337,
            45.5964581
          ],
          [
            7.3850323,
            45.5964244
          ],
          [
            7.385025,
            45.5963999
          ],
          [
            7.3849885,
            45.5963825
          ],
          [
            7.3849418,
            45.5963805
          ],
          [
            7.3848921,
            45.5963805
          ],
          [
            7.3848381,
            45.5963774
          ],
          [
            7.3848031,
            45.5963702
          ],
          [
            7.3847855,
            45.5963529
          ],
          [
            7.384679,
            45.5962364
          ],
          [
            7.3846366,
            45.5961843
          ],
          [
            7.384603,
            45.5961527
          ],
          [
            7.3845724,
            45.5961404
          ]
        ]
      }
    },
    {
      "type": "Feature",
      "properties": {
        "type": "way",
        "id": 1385757880,
        "tags": {
          "leisure": "pitch",
          "sport": "skateboard",
          "surface": "concrete"
        },
        "nodes": [
          12830063749,
          12830063748,
          12830063747,
          12830063746,
          12830063749
        ]
      },
      "geometry": {
        "type": "Polygon",
        "coordinates": [
          [
            [
              7.6556031,
              45.7426747
            ],
            [
              7.6557542,
              45.7426468
            ],
            [
              7.6556954,
              45.7425034
            ],
            [
              7.6555458,
              45.7425351
            ],
            [
              7.6556031,
              45.7426747
            ]
          ]
        ]
      }
    },
    {
      "type": "Feature",
      "properties": {
        "type": "way",
        "id": 1424831994,
        "tags": {
          "leisure": "pitch",
          "sport": "soccer"
        },
        "nodes": [
          13096703849,
          13096703850,
          13096703851,
          13096703852,
          13096703849
        ]
      },
      "geometry": {
        "type": "Polygon",
        "coordinates": [
          [
            [
              7.6136687,
              45.747091
            ],
            [
              7.6141907,
              45.7468518
            ],
            [
              7.6140152,
              45.7466652
            ],
            [
              7.6134931,
              45.7469043
            ],
            [
              7.6136687,
              45.747091
            ]
          ]
        ]
      }
    },
    {
      "type": "Feature",
      "properties": {
        "type": "way",
        "id": 1450411511,
        "tags": {
          "hoops": "1",
          "leisure": "pitch",
          "sport": "volleyball;basketball"
        },
        "nodes": [
          13302703229,
          13302703230,
          13302703231,
          13302703232,
          13302703229
        ]
      },
      "geometry": {
        "type": "Polygon",
        "coordinates": [
          [
            [
              7.3565392,
              45.6196224
            ],
            [
              7.3566124,
              45.6195255
            ],
            [
              7.3568134,
              45.6196354
            ],
            [
              7.3567272,
              45.6197097
            ],
            [
              7.3565392,
              45.6196224
            ]
          ]
        ]
      }
    },
    {
      "type": "Feature",
      "properties": {
        "type": "way",
        "id": 1490942186,
        "tags": {
          "access": "customers",
          "boules": "petanque",
          "leisure": "pitch",
          "lit": "no",
          "sport": "boules",
          "surface": "ground"
        },
        "nodes": [
          13664313865,
          13664313869,
          13664313870,
          13664313871,
          13664313872,
          13664313873,
          13664313874,
          13664313875,
          13664363810,
          13664313865
        ]
      },
      "geometry": {
        "type": "Polygon",
        "coordinates": [
          [
            [
              7.2968886,
              45.7774507
            ],
            [
              7.2968147,
              45.7774748
            ],
            [
              7.2967377,
              45.7774875
            ],
            [
              7.2966557,
              45.7774917
            ],
            [
              7.296542,
              45.7774903
            ],
            [
              7.2965429,
              45.7774752
            ],
            [
              7.2966572,
              45.7774587
            ],
            [
              7.2967687,
              45.7774268
            ],
            [
              7.2968345,
              45.7774017
            ],
            [
              7.2968886,
              45.7774507
            ]
          ]
        ]
      }
    },
    {
      "type": "Feature",
      "properties": {
        "type": "way",
        "id": 1502825382,
        "tags": {
          "leisure": "swimming_pool",
          "lit": "yes",
          "location": "indoor"
        },
        "nodes": [
          13754809239,
          13754809240,
          13754809241,
          13754809242,
          13754809239
        ]
      },
      "geometry": {
        "type": "Polygon",
        "coordinates": [
          [
            [
              7.6034138,
              45.7864461
            ],
            [
              7.6035108,
              45.7864466
            ],
            [
              7.6035111,
              45.7864183
            ],
            [
              7.6034141,
              45.7864179
            ],
            [
              7.6034138,
              45.7864461
            ]
          ]
        ]
      }
    },
    {
      "type": "Feature",
      "properties": {
        "type": "way",
        "id": 1517105264,
        "tags": {
          "access": "customers",
          "boules": "petanque",
          "leisure": "pitch",
          "lit": "yes",
          "sport": "boules",
          "surface": "compacted"
        },
        "nodes": [
          13849700688,
          13849700689,
          13849700690,
          13849700691,
          13849700688
        ]
      },
      "geometry": {
        "type": "Polygon",
        "coordinates": [
          [
            [
              7.2975403,
              45.7771435
            ],
            [
              7.2974586,
              45.7770811
            ],
            [
              7.2977307,
              45.7769035
            ],
            [
              7.2978211,
              45.7769791
            ],
            [
              7.2975403,
              45.7771435
            ]
          ]
        ]
      }
    },
    {
      "type": "Feature",
      "properties": {
        "type": "relation",
        "id": 1642882,
        "tags": {
          "building": "yes",
          "leisure": "stadium",
          "name": "Arena / Arène de la Croix-Noire",
          "type": "multipolygon",
          "wikidata": "Q2866133",
          "wikimedia_commons": "Category:Arène de la Croix-Noire",
          "wikipedia": "fr:Arène de la Croix-Noire"
        }
      },
      "geometry": {
        "type": "MultiPolygon",
        "coordinates": [
          [
            [
              [
                7.346532,
                45.7378511
              ],
              [
                7.3462961,
                45.7378477
              ],
              [
                7.3461082,
                45.7378249
              ],
              [
                7.3459151,
                45.73778
              ],
              [
                7.3456934,
                45.7376878
              ],
              [
                7.3457729,
                45.7375998
              ],
              [
                7.3457814,
                45.7375885
              ],
              [
                7.3457001,
                45.7375267
              ],
              [
                7.3456616,
                45.7374893
              ],
              [
                7.3456417,
                45.7374601
              ],
              [
                7.3456169,
                45.7373963
              ],
              [
                7.3456167,
                45.7373033
              ],
              [
                7.3456425,
                45.737224
              ],
              [
                7.3456946,
                45.7371476
              ],
              [
                7.3457673,
                45.7370872
              ],
              [
                7.3458757,
                45.7370316
              ],
              [
                7.3458123,
                45.736927
              ],
              [
                7.3460553,
                45.7368745
              ],
              [
                7.3463078,
                45.7368663
              ],
              [
                7.3465334,
                45.7368615
              ],
              [
                7.3467097,
                45.7368886
              ],
              [
                7.346906,
                45.7369395
              ],
              [
                7.3470546,
                45.7370127
              ],
              [
                7.3471854,
                45.7370868
              ],
              [
                7.3473158,
                45.7372212
              ],
              [
                7.3473462,
                45.737318
              ],
              [
                7.3473344,
                45.7374224
              ],
              [
                7.3472723,
                45.7375635
              ],
              [
                7.3471792,
                45.7376632
              ],
              [
                7.3469343,
                45.7377791
              ],
              [
                7.346717,
                45.7378324
              ],
              [
                7.346532,
                45.7378511
              ]
            ],
            [
              [
                7.3465335,
                45.7376868
              ],
              [
                7.346757,
                45.7376434
              ],
              [
                7.3468501,
                45.7376174
              ],
              [
                7.3469743,
                45.7375481
              ],
              [
                7.3470613,
                45.7374571
              ],
              [
                7.347055,
                45.7373141
              ],
              [
                7.3469495,
                45.7371797
              ],
              [
                7.3467446,
                45.7370974
              ],
              [
                7.3464776,
                45.7370454
              ],
              [
                7.3462222,
                45.7370459
              ],
              [
                7.3460451,
                45.7370771
              ],
              [
                7.345904,
                45.7371134
              ],
              [
                7.3457924,
                45.7371708
              ],
              [
                7.3457335,
                45.7372257
              ],
              [
                7.3456843,
                45.7372972
              ],
              [
                7.3456701,
                45.7373637
              ],
              [
                7.3456944,
                45.7374305
              ],
              [
                7.3457648,
                45.7375112
              ],
              [
                7.3458478,
                45.7375674
              ],
              [
                7.3459498,
                45.7376088
              ],
              [
                7.3461982,
                45.7376694
              ],
              [
                7.3465335,
                45.7376868
              ]
            ]
          ]
        ]
      }
    },
    {
      "type": "Feature",
      "properties": {
        "type": "relation",
        "id": 3159528,
        "tags": {
          "fax": "+39 0166 940700",
          "leisure": "golf_course",
          "name": "Golf Club del Cervino",
          "phone": "+39 0166 949131",
          "sport": "golf",
          "type": "multipolygon",
          "website": "https://www.golfcervino.it/"
        }
      },
      "geometry": {
        "type": "MultiPolygon",
        "coordinates": [
          [
            [
              [
                7.6142328,
                45.9216029
              ],
              [
                7.6139614,
                45.9212018
              ],
              [
                7.6143943,
                45.9211146
              ],
              [
                7.6147637,
                45.9211488
              ],
              [
                7.6153853,
                45.9214102
              ],
              [
                7.6155329,
                45.9216602
              ],
              [
                7.6157077,
                45.9217666
              ],
              [
                7.6160427,
                45.9220047
              ],
              [
                7.6162029,
                45.922182
              ],
              [
                7.6162539,
                45.922334
              ],
              [
                7.6162685,
                45.9224302
              ],
              [
                7.6161883,
                45.9226987
              ],
              [
                7.6161738,
                45.9228355
              ],
              [
                7.6161811,
                45.922952
              ],
              [
                7.6162466,
                45.9230888
              ],
              [
                7.6163558,
                45.9232357
              ],
              [
                7.6166448,
                45.923489
              ],
              [
                7.6172735,
                45.9239247
              ],
              [
                7.6178706,
                45.9240868
              ],
              [
                7.6179626,
                45.9241177
              ],
              [
                7.618045,
                45.9241678
              ],
              [
                7.6181326,
                45.924286
              ],
              [
                7.6187969,
                45.9252854
              ],
              [
                7.6189514,
                45.9257296
              ],
              [
                7.6189874,
                45.9259087
              ],
              [
                7.6189869,
                45.9264168
              ],
              [
                7.6190193,
                45.9265513
              ],
              [
                7.6192533,
                45.9268828
              ],
              [
                7.6186851,
                45.9270154
              ],
              [
                7.6185497,
                45.9266681
              ],
              [
                7.6184364,
                45.9265069
              ],
              [
                7.6182407,
                45.9263135
              ],
              [
                7.6180399,
                45.9261881
              ],
              [
                7.6179112,
                45.9261451
              ],
              [
                7.6176846,
                45.9254251
              ],
              [
                7.6164693,
                45.9240353
              ],
              [
                7.6159801,
                45.9233619
              ],
              [
                7.6158771,
                45.9233153
              ],
              [
                7.615702,
                45.9233081
              ],
              [
                7.6156041,
                45.923258
              ],
              [
                7.6154188,
                45.9227816
              ],
              [
                7.6151252,
                45.9224806
              ],
              [
                7.6147184,
                45.9219433
              ],
              [
                7.6142328,
                45.9216029
              ]
            ]
          ],
          [
            [
              [
                7.6214234,
                45.9301294
              ],
              [
                7.6212065,
                45.9292962
              ],
              [
                7.6208413,
                45.9291503
              ],
              [
                7.6205889,
                45.9295013
              ],
              [
                7.6204138,
                45.9295909
              ],
              [
                7.6202027,
                45.9296267
              ],
              [
                7.6199298,
                45.9296267
              ],
              [
                7.6196981,
                45.9295873
              ],
              [
                7.6194818,
                45.9294906
              ],
              [
                7.6193015,
                45.92929
              ],
              [
                7.6190801,
                45.9287599
              ],
              [
                7.6187014,
                45.9279549
              ],
              [
                7.6186723,
                45.9275816
              ],
              [
                7.6186922,
                45.9275749
              ],
              [
                7.6188762,
                45.9275132
              ],
              [
                7.6190551,
                45.9273753
              ],
              [
                7.6191594,
                45.9273107
              ],
              [
                7.6193356,
                45.9270345
              ],
              [
                7.6198731,
                45.9274203
              ],
              [
                7.6201306,
                45.9277319
              ],
              [
                7.6201873,
                45.927757
              ],
              [
                7.6203675,
                45.9277427
              ],
              [
                7.6205117,
                45.9279504
              ],
              [
                7.620661,
                45.9280364
              ],
              [
                7.6208104,
                45.9280793
              ],
              [
                7.6216694,
                45.9282056
              ],
              [
                7.6219481,
                45.928291
              ],
              [
                7.6221818,
                45.9284036
              ],
              [
                7.6223627,
                45.9285154
              ],
              [
                7.622807,
                45.928816
              ],
              [
                7.6235817,
                45.9295706
              ],
              [
                7.6239267,
                45.9298315
              ],
              [
                7.6240372,
                45.9299387
              ],
              [
                7.6241176,
                45.9300458
              ],
              [
                7.6242114,
                45.9302531
              ],
              [
                7.6242247,
                45.9303789
              ],
              [
                7.624208,
                45.9304605
              ],
              [
                7.624131,
                45.9306328
              ],
              [
                7.6241243,
                45.9307237
              ],
              [
                7.6242381,
                45.9309566
              ],
              [
                7.6243386,
                45.9310614
              ],
              [
                7.62464,
                45.9311779
              ],
              [
                7.6247824,
                45.9312043
              ],
              [
                7.6251661,
                45.9312175
              ],
              [
                7.6252703,
                45.9312372
              ],
              [
                7.6254742,
                45.9312931
              ],
              [
                7.6258712,
                45.9315991
              ],
              [
                7.6260399,
                45.9317188
              ],
              [
                7.6264137,
                45.9320271
              ],
              [
                7.6265427,
                45.9321122
              ],
              [
                7.6267312,
                45.9322203
              ],
              [
                7.6271811,
                45.9324113
              ],
              [
                7.6273167,
                45.9325056
              ],
              [
                7.6281669,
                45.9333362
              ],
              [
                7.6286697,
                45.9336905
              ],
              [
                7.6286399,
                45.9337779
              ],
              [
                7.628587,
                45.9338492
              ],
              [
                7.6283786,
                45.9339804
              ],
              [
                7.6276972,
                45.9343163
              ],
              [
                7.6281007,
                45.9347764
              ],
              [
                7.6282265,
                45.9352556
              ],
              [
                7.628367,
                45.9358659
              ],
              [
                7.6286084,
                45.935948
              ],
              [
                7.6282415,
                45.9362358
              ],
              [
                7.6281952,
                45.9362898
              ],
              [
                7.6281671,
                45.9363427
              ],
              [
                7.6281472,
                45.9363957
              ],
              [
                7.6281373,
                45.9364532
              ],
              [
                7.6281423,
                45.9365705
              ],
              [
                7.6281618,
                45.9366906
              ],
              [
                7.6280805,
                45.936724
              ],
              [
                7.6279772,
                45.9367372
              ],
              [
                7.6278848,
                45.936724
              ],
              [
                7.6277606,
                45.9366799
              ],
              [
                7.6276709,
                45.9366361
              ],
              [
                7.6274029,
                45.9365072
              ],
              [
                7.6265329,
                45.9360287
              ],
              [
                7.6263878,
                45.9359944
              ],
              [
                7.6257089,
                45.9360294
              ],
              [
                7.6258442,
                45.936926
              ],
              [
                7.6260372,
                45.9379428
              ],
              [
                7.6261423,
                45.9386113
              ],
              [
                7.6261764,
                45.9388363
              ],
              [
                7.6261961,
                45.9389593
              ],
              [
                7.6261546,
                45.9390575
              ],
              [
                7.6260845,
                45.9391082
              ],
              [
                7.6258226,
                45.9391534
              ],
              [
                7.6256521,
                45.9391139
              ],
              [
                7.6254863,
                45.9390612
              ],
              [
                7.6253206,
                45.9390612
              ],
              [
                7.6250174,
                45.9390777
              ],
              [
                7.6248943,
                45.9390678
              ],
              [
                7.6248185,
                45.9390184
              ],
              [
                7.6247617,
                45.9387714
              ],
              [
                7.6246906,
                45.9386693
              ],
              [
                7.6245107,
                45.9386067
              ],
              [
                7.624397,
                45.9385375
              ],
              [
                7.624326,
                45.9384288
              ],
              [
                7.6240607,
                45.9366502
              ],
              [
                7.6240702,
                45.9352042
              ],
              [
                7.6242312,
                45.9347035
              ],
              [
                7.6242578,
                45.9344911
              ],
              [
                7.624167,
                45.9342393
              ],
              [
                7.6240643,
                45.93416
              ],
              [
                7.6240037,
                45.9340452
              ],
              [
                7.623987,
                45.9339101
              ],
              [
                7.6240908,
                45.9335211
              ],
              [
                7.6240506,
                45.9331927
              ],
              [
                7.6241779,
                45.9324404
              ],
              [
                7.6241678,
                45.9322564
              ],
              [
                7.6240874,
                45.9320677
              ],
              [
                7.6232309,
                45.9315674
              ],
              [
                7.6230438,
                45.9315891
              ],
              [
                7.6226875,
                45.9314778
              ],
              [
                7.6224335,
                45.9313441
              ],
              [
                7.6222713,
                45.9313345
              ],
              [
                7.6220303,
                45.9313309
              ],
              [
                7.6216534,
                45.9312894
              ],
              [
                7.6216018,
                45.9310964
              ],
              [
                7.6219487,
                45.9309652
              ],
              [
                7.6214234,
                45.9301294
              ]
            ]
          ]
        ]
      }
    },
    {
      "type": "Feature",
      "properties": {
        "type": "relation",
        "id": 3599216,
        "tags": {
          "leisure": "track",
          "sport": "athletics",
          "type": "multipolygon"
        }
      },
      "geometry": {
        "type": "MultiPolygon",
        "coordinates": [
          [
            [
              [
                7.3081519,
                45.72895
              ],
              [
                7.307941,
                45.7295709
              ],
              [
                7.307894,
                45.7296714
              ],
              [
                7.3077685,
                45.7297834
              ],
              [
                7.3076513,
                45.7298524
              ],
              [
                7.307457,
                45.7299011
              ],
              [
                7.3072652,
                45.7299011
              ],
              [
                7.3070498,
                45.7298434
              ],
              [
                7.3069031,
                45.7297619
              ],
              [
                7.306786,
                45.7296103
              ],
              [
                7.3067399,
                45.7297445
              ],
              [
                7.3066504,
                45.7297305
              ],
              [
                7.3067594,
                45.7294099
              ],
              [
                7.3069937,
                45.7286876
              ],
              [
                7.3071185,
                45.7285315
              ],
              [
                7.3072562,
                45.7284546
              ],
              [
                7.3074017,
                45.7284071
              ],
              [
                7.3075943,
                45.7283967
              ],
              [
                7.3077454,
                45.7284115
              ],
              [
                7.307934,
                45.7284721
              ],
              [
                7.308072,
                45.7285706
              ],
              [
                7.3081383,
                45.7286717
              ],
              [
                7.3081745,
                45.728552
              ],
              [
                7.3082683,
                45.7285684
              ],
              [
                7.3081803,
                45.7288369
              ],
              [
                7.3081519,
                45.72895
              ]
            ],
            [
              [
                7.3078056,
                45.7296385
              ],
              [
                7.3078459,
                45.7295523
              ],
              [
                7.3080553,
                45.7289361
              ],
              [
                7.3080805,
                45.7288357
              ],
              [
                7.3080553,
                45.7287089
              ],
              [
                7.3079897,
                45.7286103
              ],
              [
                7.3078762,
                45.7285294
              ],
              [
                7.3077173,
                45.7284783
              ],
              [
                7.3075912,
                45.728466
              ],
              [
                7.3074272,
                45.7284748
              ],
              [
                7.3073087,
                45.7285135
              ],
              [
                7.3071952,
                45.7285769
              ],
              [
                7.3070867,
                45.7287125
              ],
              [
                7.3068572,
                45.7294202
              ],
              [
                7.3068471,
                45.7295118
              ],
              [
                7.3068875,
                45.7296262
              ],
              [
                7.3069758,
                45.7297142
              ],
              [
                7.3070994,
                45.7297829
              ],
              [
                7.3072835,
                45.7298322
              ],
              [
                7.3074399,
                45.7298322
              ],
              [
                7.3076013,
                45.7297917
              ],
              [
                7.3076971,
                45.7297354
              ],
              [
                7.3078056,
                45.7296385
              ]
            ]
          ]
        ]
      }
    },
    {
      "type": "Feature",
      "properties": {
        "type": "relation",
        "id": 6581732,
        "tags": {
          "addr:city": "Brissogne",
          "addr:housenumber": "3",
          "addr:street": "Les Iles",
          "check_date": "2025-08-08",
          "leisure": "golf_course",
          "name": "Golf Club Aosta",
          "phone": "+39 378 303 3912",
          "type": "multipolygon",
          "website": "http://golfaostabrissogne.com/contatti-golf-club-aosta-brissogne/"
        }
      },
      "geometry": {
        "type": "MultiPolygon",
        "coordinates": [
          [
            [
              [
                7.4035133,
                45.7368465
              ],
              [
                7.4036614,
                45.7369283
              ],
              [
                7.4036975,
                45.7371751
              ],
              [
                7.4037456,
                45.7374038
              ],
              [
                7.4036768,
                45.7378082
              ],
              [
                7.4036785,
                45.7379581
              ],
              [
                7.4037633,
                45.7379996
              ],
              [
                7.4037559,
                45.7381989
              ],
              [
                7.4042909,
                45.7382267
              ],
              [
                7.4043174,
                45.7380614
              ],
              [
                7.4043762,
                45.7380536
              ],
              [
                7.4044082,
                45.7378615
              ],
              [
                7.4044841,
                45.737863
              ],
              [
                7.4045032,
                45.7376781
              ],
              [
                7.4047554,
                45.7376853
              ],
              [
                7.4047652,
                45.7376297
              ],
              [
                7.4048887,
                45.7376356
              ],
              [
                7.404882,
                45.737713
              ],
              [
                7.4047708,
                45.7377435
              ],
              [
                7.4047552,
                45.7378999
              ],
              [
                7.4051383,
                45.7379103
              ],
              [
                7.4051708,
                45.7377342
              ],
              [
                7.405535,
                45.7377719
              ],
              [
                7.4057246,
                45.7377421
              ],
              [
                7.4060545,
                45.7377076
              ],
              [
                7.4062973,
                45.7376524
              ],
              [
                7.4064845,
                45.7375822
              ],
              [
                7.4069664,
                45.7373096
              ],
              [
                7.4075094,
                45.7372052
              ],
              [
                7.4080431,
                45.7374007
              ],
              [
                7.4097616,
                45.7381864
              ],
              [
                7.4097888,
                45.738323
              ],
              [
                7.4073253,
                45.7387747
              ],
              [
                7.4045029,
                45.7389
              ],
              [
                7.3998621,
                45.7387004
              ],
              [
                7.3981274,
                45.7386533
              ],
              [
                7.3978542,
                45.738537
              ],
              [
                7.3980233,
                45.7384189
              ],
              [
                7.3981413,
                45.7384209
              ],
              [
                7.3982596,
                45.7384893
              ],
              [
                7.398388,
                45.738468
              ],
              [
                7.3984826,
                45.7384327
              ],
              [
                7.3984975,
                45.738384
              ],
              [
                7.398539,
                45.7383307
              ],
              [
                7.3987544,
                45.738244
              ],
              [
                7.3990489,
                45.7382039
              ],
              [
                7.3991735,
                45.7379934
              ],
              [
                7.399558,
                45.7377953
              ],
              [
                7.3995401,
                45.7374208
              ],
              [
                7.399579,
                45.7367496
              ],
              [
                7.4000312,
                45.7366912
              ],
              [
                7.4009507,
                45.7365995
              ],
              [
                7.402613,
                45.7365512
              ],
              [
                7.4034459,
                45.7366967
              ],
              [
                7.4034506,
                45.7367871
              ],
              [
                7.4035133,
                45.7368465
              ]
            ],
            [
              [
                7.4034698,
                45.7376557
              ],
              [
                7.4035709,
                45.7372709
              ],
              [
                7.4035485,
                45.7370393
              ],
              [
                7.4031809,
                45.7369129
              ],
              [
                7.4026336,
                45.7368811
              ],
              [
                7.4022535,
                45.736828
              ],
              [
                7.4018734,
                45.7368492
              ],
              [
                7.4015412,
                45.7369821
              ],
              [
                7.4014289,
                45.7369535
              ],
              [
                7.4013737,
                45.7369204
              ],
              [
                7.4013184,
                45.7368899
              ],
              [
                7.4012045,
                45.7368917
              ],
              [
                7.4006571,
                45.7369341
              ],
              [
                7.4001563,
                45.7370335
              ],
              [
                7.4000237,
                45.7371049
              ],
              [
                7.3998788,
                45.7371742
              ],
              [
                7.3998561,
                45.7372993
              ],
              [
                7.3998877,
                45.7374739
              ],
              [
                7.3998592,
                45.7375882
              ],
              [
                7.3998521,
                45.7377836
              ],
              [
                7.3998024,
                45.7379925
              ],
              [
                7.3998461,
                45.7381066
              ],
              [
                7.3998621,
                45.7381863
              ],
              [
                7.3998678,
                45.7383012
              ],
              [
                7.3999737,
                45.7383216
              ],
              [
                7.4002101,
                45.7383364
              ],
              [
                7.4005074,
                45.7382973
              ],
              [
                7.4007803,
                45.7382824
              ],
              [
                7.4012349,
                45.7382712
              ],
              [
                7.4017214,
                45.738356
              ],
              [
                7.4019342,
                45.7381863
              ],
              [
                7.4022231,
                45.7381226
              ],
              [
                7.4026336,
                45.7381969
              ],
              [
                7.4029225,
                45.7383242
              ],
              [
                7.403409,
                45.7384197
              ],
              [
                7.4036674,
                45.7384303
              ],
              [
                7.4036674,
                45.7382499
              ],
              [
                7.4034698,
                45.7376557
              ]
            ]
          ]
        ]
      }
    },
    {
      "type": "Feature",
      "properties": {
        "type": "relation",
        "id": 18083050,
        "tags": {
          "lanes": "6",
          "leisure": "track",
          "lit": "yes",
          "sport": "athletics",
          "surface": "tartan",
          "type": "multipolygon"
        }
      },
      "geometry": {
        "type": "MultiPolygon",
        "coordinates": [
          [
            [
              [
                7.7809656,
                45.5990198
              ],
              [
                7.7810016,
                45.5989831
              ],
              [
                7.7810534,
                45.59894
              ],
              [
                7.7811126,
                45.5989074
              ],
              [
                7.7811962,
                45.5988754
              ],
              [
                7.7821247,
                45.5985442
              ],
              [
                7.7822462,
                45.5985321
              ],
              [
                7.7823763,
                45.5985276
              ],
              [
                7.7824484,
                45.5985336
              ],
              [
                7.7825258,
                45.5985481
              ],
              [
                7.7826073,
                45.5985719
              ],
              [
                7.7826682,
                45.5985915
              ],
              [
                7.782754,
                45.598641
              ],
              [
                7.7828174,
                45.5986823
              ],
              [
                7.7828507,
                45.5987162
              ],
              [
                7.7828802,
                45.5987606
              ],
              [
                7.7829059,
                45.598807
              ],
              [
                7.782926,
                45.5988566
              ],
              [
                7.7829408,
                45.5989052
              ],
              [
                7.7829414,
                45.5989681
              ],
              [
                7.78294,
                45.5989821
              ],
              [
                7.7829347,
                45.5990176
              ],
              [
                7.7829211,
                45.599052
              ],
              [
                7.7829026,
                45.5990944
              ],
              [
                7.7828841,
                45.5991298
              ],
              [
                7.7828559,
                45.5991631
              ],
              [
                7.7830106,
                45.5991084
              ],
              [
                7.7830288,
                45.5991362
              ],
              [
                7.783051,
                45.5991701
              ],
              [
                7.781748,
                45.5996241
              ],
              [
                7.7816928,
                45.5996428
              ],
              [
                7.7816123,
                45.5996608
              ],
              [
                7.7815386,
                45.5996695
              ],
              [
                7.7814884,
                45.5996714
              ],
              [
                7.7814092,
                45.5996681
              ],
              [
                7.7813356,
                45.5996605
              ],
              [
                7.7812831,
                45.5996499
              ],
              [
                7.7812343,
                45.5996366
              ],
              [
                7.7811863,
                45.5996205
              ],
              [
                7.7811368,
                45.5996006
              ],
              [
                7.7810826,
                45.5995721
              ],
              [
                7.7810457,
                45.5995491
              ],
              [
                7.7810045,
                45.5995143
              ],
              [
                7.7809661,
                45.5994771
              ],
              [
                7.7809383,
                45.599444
              ],
              [
                7.7809173,
                45.5994109
              ],
              [
                7.7809056,
                45.5993887
              ],
              [
                7.7808903,
                45.5993564
              ],
              [
                7.7808821,
                45.5993343
              ],
              [
                7.7808761,
                45.5993136
              ],
              [
                7.7808732,
                45.5992912
              ],
              [
                7.780872,
                45.599247
              ],
              [
                7.7808776,
                45.5992019
              ],
              [
                7.7808845,
                45.599163
              ],
              [
                7.7809033,
                45.5991125
              ],
              [
                7.7809299,
                45.5990646
              ],
              [
                7.7809656,
                45.5990198
              ]
            ],
            [
              [
                7.7809927,
                45.5993588
              ],
              [
                7.7810125,
                45.5993928
              ],
              [
                7.7810412,
                45.599434
              ],
              [
                7.7810747,
                45.5994654
              ],
              [
                7.7811119,
                45.5994964
              ],
              [
                7.7811477,
                45.59952
              ],
              [
                7.7811894,
                45.599543
              ],
              [
                7.781238,
                45.599563
              ],
              [
                7.7812944,
                45.5995826
              ],
              [
                7.7813584,
                45.5995958
              ],
              [
                7.7814268,
                45.5996052
              ],
              [
                7.7815017,
                45.599604
              ],
              [
                7.7815949,
                45.5995967
              ],
              [
                7.7816628,
                45.5995803
              ],
              [
                7.7826122,
                45.5992456
              ],
              [
                7.7826794,
                45.5992107
              ],
              [
                7.7827173,
                45.599181
              ],
              [
                7.7827616,
                45.5991372
              ],
              [
                7.7827922,
                45.5990982
              ],
              [
                7.7827988,
                45.5990885
              ],
              [
                7.7828036,
                45.5990812
              ],
              [
                7.7828157,
                45.5990559
              ],
              [
                7.7828307,
                45.5990132
              ],
              [
                7.7828417,
                45.5989426
              ],
              [
                7.7828366,
                45.5989078
              ],
              [
                7.7828285,
                45.5988794
              ],
              [
                7.7828188,
                45.5988479
              ],
              [
                7.7828045,
                45.5988226
              ],
              [
                7.7827804,
                45.5987808
              ],
              [
                7.7827561,
                45.5987532
              ],
              [
                7.7827282,
                45.5987249
              ],
              [
                7.7826972,
                45.5987005
              ],
              [
                7.7826568,
                45.5986742
              ],
              [
                7.782644,
                45.5986678
              ],
              [
                7.7826228,
                45.5986574
              ],
              [
                7.7825834,
                45.5986404
              ],
              [
                7.7825385,
                45.5986232
              ],
              [
                7.7824959,
                45.5986125
              ],
              [
                7.7824322,
                45.5986019
              ],
              [
                7.7823737,
                45.5985975
              ],
              [
                7.7823184,
                45.598597
              ],
              [
                7.7822377,
                45.5986011
              ],
              [
                7.7821756,
                45.5986127
              ],
              [
                7.7821126,
                45.5986334
              ],
              [
                7.7812236,
                45.5989408
              ],
              [
                7.7811613,
                45.5989687
              ],
              [
                7.7811049,
                45.5990066
              ],
              [
                7.7810929,
                45.599016
              ],
              [
                7.7810606,
                45.599041
              ],
              [
                7.7810246,
                45.5990819
              ],
              [
                7.7809984,
                45.5991242
              ],
              [
                7.7809822,
                45.599166
              ],
              [
                7.7809743,
                45.5992134
              ],
              [
                7.7809679,
                45.5992553
              ],
              [
                7.780972,
                45.5993079
              ],
              [
                7.7809733,
                45.5993111
              ],
              [
                7.7809781,
                45.5993228
              ],
              [
                7.7809927,
                45.5993588
              ]
            ]
          ]
        ]
      }
    },
    {
      "type": "Feature",
      "properties": {
        "type": "relation",
        "id": 18109724,
        "tags": {
          "leisure": "sports_centre",
          "type": "multipolygon"
        }
      },
      "geometry": {
        "type": "MultiPolygon",
        "coordinates": [
          [
            [
              [
                7.4387322,
                45.7375104
              ],
              [
                7.4388321,
                45.7374668
              ],
              [
                7.4389158,
                45.7373671
              ],
              [
                7.4398807,
                45.7374227
              ],
              [
                7.4399579,
                45.7373574
              ],
              [
                7.4402791,
                45.7373149
              ],
              [
                7.4403604,
                45.7368495
              ],
              [
                7.4408076,
                45.7368665
              ],
              [
                7.4407344,
                45.7373404
              ],
              [
                7.4406165,
                45.738081
              ],
              [
                7.4403238,
                45.7381718
              ],
              [
                7.4399986,
                45.7381689
              ],
              [
                7.4389421,
                45.7384237
              ],
              [
                7.4389049,
                45.7382058
              ],
              [
                7.438722,
                45.7380668
              ],
              [
                7.4387322,
                45.7375104
              ]
            ]
          ]
        ]
      }
    },
    {
      "type": "Feature",
      "properties": {
        "type": "relation",
        "id": 18109731,
        "tags": {
          "landuse": "recreation_ground",
          "leisure": "pitch",
          "name": "Area verde regionale \"Esports de Nohtra Téra\" - sport popolari",
          "sport": "multi;tsan",
          "type": "multipolygon"
        }
      },
      "geometry": {
        "type": "MultiPolygon",
        "coordinates": [
          [
            [
              [
                7.4179923,
                45.7369981
              ],
              [
                7.4176651,
                45.7370617
              ],
              [
                7.4172789,
                45.7371591
              ],
              [
                7.4170804,
                45.7370093
              ],
              [
                7.4179012,
                45.7368371
              ],
              [
                7.4192798,
                45.7365039
              ],
              [
                7.4205941,
                45.7359984
              ],
              [
                7.4218976,
                45.735463
              ],
              [
                7.4236357,
                45.7347778
              ],
              [
                7.4240863,
                45.7355416
              ],
              [
                7.4251592,
                45.735287
              ],
              [
                7.4258351,
                45.7366574
              ],
              [
                7.4258977,
                45.7367864
              ],
              [
                7.4259478,
                45.7368895
              ],
              [
                7.425406,
                45.7373238
              ],
              [
                7.4254074,
                45.7373774
              ],
              [
                7.4254274,
                45.73817
              ],
              [
                7.4242204,
                45.73817
              ],
              [
                7.4215704,
                45.7383534
              ],
              [
                7.4202615,
                45.7384133
              ],
              [
                7.4187273,
                45.7384208
              ],
              [
                7.4178314,
                45.7385144
              ],
              [
                7.4175954,
                45.7384845
              ],
              [
                7.4175096,
                45.7379641
              ],
              [
                7.4174774,
                45.7378255
              ],
              [
                7.4177617,
                45.7374886
              ],
              [
                7.4181694,
                45.7373687
              ],
              [
                7.4179923,
                45.7369981
              ]
            ]
          ]
        ]
      }
    }
  ]
}